00000000: 0050 0020 f959 0008 255c 0008 275c 0008  .P. .Y..%\..'\..
00000010: 295c 0008 2b5c 0008 2d5c 0008 0000 0000  )\..+\..-\......
00000020: 0000 0000 0000 0000 0000 0000 2f5c 0008  ............/\..
00000030: 315c 0008 0000 0000 335c 0008 355c 0008  1\......3\..5\..
00000040: 415a 0008 415a 0008 415a 0008 415a 0008  AZ..AZ..AZ..AZ..
00000050: 415a 0008 415a 0008 415a 0008 415a 0008  AZ..AZ..AZ..AZ..
00000060: 415a 0008 415a 0008 415a 0008 415a 0008  AZ..AZ..AZ..AZ..
00000070: 415a 0008 415a 0008 415a 0008 415a 0008  AZ..AZ..AZ..AZ..
00000080: 415a 0008 415a 0008 415a 0008 415a 0008  AZ..AZ..AZ..AZ..
00000090: 192f 0008 415a 0008 415a 0008 415a 0008  ./..AZ..AZ..AZ..
000000a0: 415a 0008 415a 0008 415a 0008 415a 0008  AZ..AZ..AZ..AZ..
000000b0: 415a 0008 415a 0008 415a 0008 415a 0008  AZ..AZ..AZ..AZ..
000000c0: 415a 0008 415a 0008 415a 0008 415a 0008  AZ..AZ..AZ..AZ..
000000d0: 415a 0008 415a 0008 415a 0008 415a 0008  AZ..AZ..AZ..AZ..
000000e0: 415a 0008 415a 0008 415a 0008 0000 0000  AZ..AZ..AZ......
000000f0: 0000 0000 0000 0000 0000 0000 0000 0000  ................
00000100: 0000 0000 0000 0000 5ff8 08f1 70b5 0d4e  ........_...p..N
00000110: 0d4d 761b b610 06d0 0024 0134 55f8 043b  .Mv......$.4U..;
00000120: 9847 a642 f9d1 094e 094d 05f0 89fd 761b  .G.B...N.M....v.
00000130: b610 06d0 0024 0134 55f8 043b 9847 a642  .....$.4U..;.G.B
00000140: f9d1 70bd c862 0008 c862 0008 cc62 0008  ..p..b...b...b..
00000150: c862 0008 f0b4 8607 46d0 541e 002a 3cd0  .b......F.T..*<.
00000160: cab2 0346 02e0 14f1 ff34 36d3 03f8 012b  ...F.....46....+
00000170: 9d07 f8d1 032c 29d9 cdb2 45ea 0525 0f2c  .....,)...E..%.,
00000180: 45ea 0545 33d9 a4f1 1006 3609 03f1 2007  E..E3.....6... .
00000190: 07eb 0617 03f1 1002 42e9 0455 42e9 0255  ........B..UB..U
000001a0: 1032 ba42 f8d1 721c 14f0 0c0f 03eb 0212  .2.B..r.........
000001b0: 04f0 0f06 13d0 331f 23f0 0303 0433 1344  ......3.#....3.D
000001c0: 42f8 045b 9342 fbd1 06f0 0304 2cb1 c9b2  B..[.B......,...
000001d0: 1c44 03f8 011b 9c42 fbd1 f0bc 7047 3446  .D.....B....pG4F
000001e0: 1346 002c f3d1 f8e7 1446 0346 c2e7 1a46  .F.,.....F.F...F
000001f0: 2646 e0e7 7047 00bf 7047 00bf 7047 00bf  &F..pG..pG..pG..
00000200: 7047 00bf 7047 00bf 7047 00bf 0120 7047  pG..pG..pG... pG
00000210: 0120 7047 7047 00bf 7047 00bf 014b 1868  . pGpG..pG...K.h
00000220: 7047 00bf 0000 0020 032a 70b4 12d9 40ea  pG..... .*p...@.
00000230: 0105 ad07 0446 0b46 20d1 1946 2046 53f8  .....F.F ..F FS.
00000240: 045b 54f8 046b ae42 18d1 043a 032a 2046  .[T..k.B...:.* F
00000250: 1946 f2d8 541e 72b1 0378 0a78 9a42 08bf  .F..T.r..x.x.B..
00000260: 2418 06d0 0ce0 10f8 013f 11f8 012f 9342  $........?.../.B
00000270: 06d1 a042 f7d1 0020 70bc 7047 541e ebe7  ...B... p.pGT...
00000280: 981a 70bc 7047 00bf 8446 41ea 0003 13f0  ..p.pG...FA.....
00000290: 0303 49d1 403a 23d3 0b68 0360 4b68 4360  ..I.@:#..h.`KhC`
000002a0: 8b68 8360 cb68 c360 0b69 0361 4b69 4361  .h.`.h.`.i.aKiCa
000002b0: 8b69 8361 cb69 c361 0b6a 0362 4b6a 4362  .i.a.i.a.j.bKjCb
000002c0: 8b6a 8362 cb6a c362 0b6b 0363 4b6b 4363  .j.b.j.b.k.cKkCc
000002d0: 8b6b 8363 cb6b c363 4030 4031 403a dbd2  .k.c.k.c@0@1@:..
000002e0: 3032 0bd3 0b68 0360 4b68 4360 8b68 8360  02...h.`KhC`.h.`
000002f0: cb68 c360 1030 1031 103a f3d2 0c32 05d3  .h.`.0.1.:...2..
00000300: 51f8 043b 40f8 043b 043a f9d2 0432 08d0  Q..;@..;.:...2..
00000310: d207 1cbf 11f8 013b 00f8 013b 01d3 0b88  .......;...;....
00000320: 0380 6046 7047 00bf 082a 13d3 8b07 b1d0  ..`FpG...*......
00000330: 10f0 0303 aed0 c3f1 0403 d21a db07 1cbf  ................
00000340: 11f8 013b 00f8 013b a4d3 31f8 023b 20f8  ...;...;..1..; .
00000350: 023b 9fe7 043a d9d3 013a 11f8 013b 00f8  .;...:...:...;..
00000360: 013b f9d2 0b78 0370 4b78 4370 8b78 8370  .;...x.pKxCp.x.p
00000370: 6046 7047 0eb4 30b5 0446 82b0 08b1 8369  `FpG..0..F.....i
00000380: 63b1 06ad 2b46 059a a168 2046 0195 00f0  c...+F...h F....
00000390: 87fd 02b0 bde8 3040 03b0 7047 00f0 aafa  ......0@..pG....
000003a0: efe7 00bf 0fb4 30b5 0b4b 83b0 1c68 0cb1  ......0..K...h..
000003b0: a369 63b1 07ad 2b46 069a a168 2046 0195  .ic...+F...h F..
000003c0: 00f0 6efd 03b0 bde8 3040 04b0 7047 2046  ..n.....0@..pG F
000003d0: 00f0 90fa eee7 00bf 0000 0020 8369 70b5  ........... .ip.
000003e0: 0646 0d46 4bb3 8468 354b 9c42 31d0 354b  .F.FK..h5K.B1.5K
000003f0: 9c42 30d0 344b 9c42 08bf f468 626e a389  .B0.4K.B...hbn..
00000400: d207 01d4 9805 51d5 1907 36d5 2369 002b  ......Q...6.#i.+
00000410: 33d0 013d a368 15f8 011f 013b a360 0029  3..=.h.....;.`.)
00000420: 32d0 002b 04da a269 9a42 16dc 0a29 14d0  2..+...i.B...)..
00000430: 2368 5a1c 2260 1970 ece7 00f0 5bfa b369  #hZ."`.p....[..i
00000440: b468 002b d0d1 3046 00f0 54fa 1c4b 9c42  .h.+..0F..T..K.B
00000450: cdd1 7468 d2e7 b468 d0e7 2246 3046 00f0  ..th...h.."F0F..
00000460: 3df8 0130 d6d1 4ff0 ff35 636e da07 02d4  =..0..O..5cn....
00000470: a389 9b05 1fd5 2846 70bd 2146 3046 00f0  ......(Fp.!F0F..
00000480: 8df8 0028 c5d0 eee7 002b 08da 3046 2246  ...(.....+..0F"F
00000490: 0a21 00f0 23f8 0130 e5d0 0a25 e5e7 0a22  .!..#..0...%..."
000004a0: 2368 1546 591c 2160 1a70 dee7 a06d fff7  #h.FY.!`.p...m..
000004b0: abfe a389 a8e7 a06d fff7 aefe 2846 70bd  .......m....(Fp.
000004c0: 005d 0008 e05c 0008 c05c 0008 024b 0146  .]...\...\...K.F
000004d0: 1868 fff7 83bf 00bf 0000 0020 f8b5 0d46  .h......... ...F
000004e0: 1446 0646 08b1 8369 43b3 254b 9c42 2ad0  .F.F...iC.%K.B*.
000004f0: 244b 9c42 29d0 244b 9c42 08bf f468 a269  $K.B).$K.B...h.i
00000500: a389 a260 1a07 22d5 2369 03b3 2268 6169  ...`..".#i.."hai
00000510: d31a edb2 9942 2f46 29dd 0133 a168 501c  .....B/F)..3.hP.
00000520: 0139 a160 2060 1570 6269 9a42 16d0 a389  .9.` `.pbi.B....
00000530: db07 01d5 0a2d 11d0 3846 f8bd 00f0 daf9  .....-..8F......
00000540: 0f4b 9c42 d4d1 7468 d9e7 b468 d7e7 2146  .K.B..th...h..!F
00000550: 3046 00f0 23f8 38b9 2369 d7e7 2146 3046  0F..#.8.#i..!F0F
00000560: 00f0 32f9 0028 e7d0 4ff0 ff37 e4e7 2146  ..2..(..O..7..!F
00000570: 3046 00f0 29f9 0028 f6d1 0123 2268 cde7  0F..)..(...#"h..
00000580: 005d 0008 e05c 0008 c05c 0008 024b 0a46  .]...\...\...K.F
00000590: 0146 1868 fff7 a2bf 0000 0020 3b4b 70b5  .F.h....... ;Kp.
000005a0: 1d68 0646 0c46 0db1 ab69 dbb1 384b 9c42  .h.F.F...i..8K.B
000005b0: 1ed0 384b 9c42 4ad0 374b 9c42 08bf ec68  ..8K.BJ.7K.B...h
000005c0: b4f9 0c20 93b2 1907 18d5 2069 08b3 13f0  ... ...... i....
000005d0: 0102 2cd0 0022 6369 a260 5b42 a361 60b3  ..,.."ci.`[B.a`.
000005e0: 0020 70bd 2846 00f0 85f9 294b 9c42 e0d1  . p.(F....)K.B..
000005f0: 6c68 b4f9 0c20 93b2 1907 e6d4 dd06 3cd5  lh... ........<.
00000600: 5807 26d4 2069 42f0 0803 a381 9bb2 0028  X.&. iB........(
00000610: ddd1 03f4 2072 b2f5 007f d8d0 3046 2146  .... r......0F!F
00000620: 00f0 fafa a389 2069 13f0 0102 d2d1 9907  ...... i........
00000630: 58bf 6269 a260 0028 d2d1 b4f9 0c30 1a06  X.bi.`.(.....0..
00000640: cfd5 43f0 4003 a381 4ff0 ff30 70bd ac68  ..C.@...O..0p..h
00000650: b6e7 616b 51b1 04f1 4403 9942 04d0 3046  ..akQ...D..B..0F
00000660: 00f0 24fb b4f9 0c20 0023 6363 0023 2069  ..$.... .#cc.# i
00000670: 22f0 2402 c4e9 0003 c5e7 0923 42f0 4002  ".$........#B.@.
00000680: 3360 4ff0 ff30 a281 70bd 00bf 0000 0020  3`O..0..p...... 
00000690: 005d 0008 e05c 0008 c05c 0008 2de9 f041  .]...\...\..-..A
000006a0: 8f89 0c46 3a07 8046 41d4 4b68 002b 59dd  ...F:..FA.Kh.+Y.
000006b0: e66a 002e 53d0 0023 17f4 8052 d8f8 0050  .j..S..#...R...P
000006c0: 216a c8f8 0030 51d1 0123 4046 b047 431c  !j...0Q..#@F.GC.
000006d0: 5fd0 a789 e66a 216a 7f07 05d5 6268 636b  _....j!j....bhck
000006e0: 801a 0bb1 236c c01a 0246 0023 4046 b047  ....#l...F.#@F.G
000006f0: 461c 45d1 d8f8 0030 b4f9 0c20 002b 55d0  F.E....0... .+U.
00000700: 1d2b 01d0 162b 5ad1 0022 2369 c4e9 0032  .+...+Z.."#i...2
00000710: 616b c8f8 0050 11b3 04f1 4403 9942 02d0  ak...P....D..B..
00000720: 4046 00f0 c3fa 0020 6063 bde8 f081 0e69  @F..... `c.....i
00000730: aeb1 0d68 0e60 b907 14bf 0023 6369 ad1b  ...h.`.....#ci..
00000740: a360 0ae0 2b46 3246 a76a 216a 4046 b847  .`..+F2F.j!j@F.G
00000750: 0028 a5eb 0005 0644 0add 002d f2dc 0020  .(.....D...-... 
00000760: bde8 f081 0b6c 002b a2dc f8e7 606d b3e7  .....l.+....`m..
00000770: a389 4ff0 ff30 43f0 4003 a381 bde8 f081  ..O..0C.@.......
00000780: 0023 2269 6360 a389 2260 da04 c0d5 6065  .#"ic`.."`....`e
00000790: bee7 d8f8 0030 002b 9bd0 1d2b 0cd0 162b  .....0.+...+...+
000007a0: 0ad0 a389 43f0 4003 a381 d9e7 2169 c4e9  ....C.@.....!i..
000007b0: 0013 d304 acd5 eae7 c8f8 0050 cfe7 42f0  ...........P..B.
000007c0: 4002 a281 cce7 00bf 38b5 0b69 1bb3 0c46  @.......8..i...F
000007d0: 0546 08b1 8369 1bb3 184b 9c42 1ed0 184b  .F...i...K.B...K
000007e0: 9c42 20d0 174b 9c42 08bf ec68 b4f9 0c30  .B ..K.B...h...0
000007f0: 8bb1 626e d007 01d4 9905 16d5 2846 2146  ..bn........(F!F
00000800: fff7 4cff 636e 0546 da07 02d4 a389 9b05  ..L.cn.F........
00000810: 0fd5 2846 38bd 0025 2846 38bd 6c68 e5e7  ..(F8..%(F8.lh..
00000820: 00f0 68f8 d8e7 ac68 e0e7 a06d fff7 ecfc  ..h....h...m....
00000830: e4e7 a06d fff7 f0fc ebe7 00bf 005d 0008  ...m.........]..
00000840: e05c 0008 c05c 0008 20b1 054b 0146 1868  .\...\.. ..K.F.h
00000850: fff7 babf 034b 0449 1868 00f0 87b9 00bf  .....K.I.h......
00000860: 0000 0020 585c 0008 c907 0008 0149 00f0  ... X\.......I..
00000870: 7db9 00bf c907 0008 08b5 436e da07 02d4  }.........Cn....
00000880: 8389 9b05 01d5 0020 08bd 806d fff7 bcfc  ....... ...m....
00000890: 0020 08bd 08b5 436e da07 02d4 8389 9b05  . ....Cn........
000008a0: 01d5 0020 08bd 806d fff7 b6fc 0020 08bd  ... ...m..... ..
000008b0: 70b5 6825 4a1e 05fb 02f5 0e46 05f1 7401  p.h%J......F..t.
000008c0: 00f0 48fa 0446 40b1 0021 0c30 6660 05f1  ..H..F@..!.0f`..
000008d0: 6802 2160 a060 fff7 3dfc 2046 70bd 00bf  h.!`.`..=. Fp...
000008e0: 024b 0349 1868 00f0 41b9 00bf 585c 0008  .K.I.h..A...X\..
000008f0: c907 0008 2de9 f84f 0546 3a48 fff7 84fc  ....-..O.F:H....
00000900: ab69 002b 69d1 384a c5e9 1233 1268 2b65  .i.+i.8J...3.h+e
00000910: aa42 08bf 0123 3549 08bf ab61 a962 2846  .B...#5I...a.b(F
00000920: 00f0 72f8 6860 2846 00f0 6ef8 a860 2846  ..r.h`(F..n..`(F
00000930: 0024 00f0 69f8 0423 6e68 e860 2146 7466  .$..i..#nh.`!Ftf
00000940: c6e9 0044 b460 c6e9 0444 b461 f360 06f1  ...D.`...D.a.`..
00000950: 5c00 0822 fff7 fefb dff8 9cb0 af68 dff8  \..".........h..
00000960: 9ca0 dff8 9c90 dff8 9c80 214b c6e9 086b  ..........!K...k
00000970: c6e9 0aa9 c6f8 3080 2146 fb60 7c66 c7e9  ......0.!F.`|f..
00000980: 0044 bc60 c7e9 0444 bc61 07f1 5c00 0822  .D.`...D.a..\.."
00000990: fff7 e0fb ee68 174b c7e9 087b c7e9 0aa9  .....h.K...{....
000009a0: c7f8 3080 2146 f360 7466 c6e9 0044 b460  ..0.!F.`tf...D.`
000009b0: c6e9 0444 b461 06f1 5c00 0822 fff7 cafb  ...D.a..\.."....
000009c0: 0123 c6e9 086b c6e9 0aa9 c6f8 3080 0548  .#...k......0..H
000009d0: ab61 bde8 f84f fff7 1fbc 0248 bde8 f84f  .a...O.....H...O
000009e0: fff7 1abc 8c13 0020 585c 0008 6d08 0008  ....... X\..m...
000009f0: 0900 0100 1200 0200 a915 0008 d115 0008  ................
00000a00: 1116 0008 3116 0008 70b5 0646 2448 fff7  ....1...p..F$H..
00000a10: fbfb 244b 1d68 ab69 7bb3 4835 d5e9 0134  ..$K.h.i{.H5...4
00000a20: 013b 05d5 25e0 013b 5a1c 04f1 6804 20d0  .;..%..;Z...h. .
00000a30: b4f9 0c20 002a f6d1 0025 1b4b 04f1 5800  ... .*...%.K..X.
00000a40: e360 6566 fff7 d8fb 1548 fff7 e5fb 2560  .`ef.....H....%`
00000a50: c4e9 0155 c4e9 0455 a561 2946 0822 04f1  ...U...U.a)F."..
00000a60: 5c00 fff7 77fb c4e9 0d55 c4e9 1255 2046  \...w....U...U F
00000a70: 70bd 2c68 2cb1 2546 d0e7 2846 fff7 3aff  p.,h,.%F..(F..:.
00000a80: cbe7 0421 3046 fff7 13ff 0446 2860 0028  ...!0F.....F(`.(
00000a90: f1d1 0348 fff7 c0fb 0c23 3360 e7e7 00bf  ...H.....#3`....
00000aa0: a013 0020 585c 0008 0100 ffff 0148 fff7  ... X\.......H..
00000ab0: abbb 00bf a013 0020 0148 fff7 adbb 00bf  ....... .H......
00000ac0: a013 0020 0148 fff7 9fbb 00bf 8c13 0020  ... .H......... 
00000ad0: 0148 fff7 a1bb 00bf 8c13 0020 08b5 0548  .H......... ...H
00000ae0: fff7 92fb 044b 0549 1868 bde8 0840 00f0  .....K.I.h...@..
00000af0: 19b8 00bf a013 0020 0000 0020 7908 0008  ....... ... y...
00000b00: 08b5 054b 0549 1868 00f0 0cf8 bde8 0840  ...K.I.h.......@
00000b10: 0348 fff7 81bb 00bf 0000 0020 9508 0008  .H......... ....
00000b20: a013 0020 2de9 f041 10f1 4807 1ad0 8846  ... -..A..H....F
00000b30: 0026 d7e9 0154 013d 0ed4 a389 013d 012b  .&...T.=.....=.+
00000b40: 06d9 b4f9 0e30 0133 02d0 2046 c047 0643  .....0.3.. F.G.C
00000b50: 6b1c 04f1 6804 f0d1 3f68 002f e9d1 3046  k...h...?h./..0F
00000b60: bde8 f081 3e46 3046 bde8 f081 2de9 f843  ....>F0F....-..C
00000b70: 10f1 4806 1ed0 8846 0746 4ff0 0009 d6e9  ..H....F.FO.....
00000b80: 0154 013d 10d4 a389 013d 012b 08d9 b4f9  .T.=.....=.+....
00000b90: 0e30 0133 04d0 2146 3846 c047 49ea 0009  .0.3..!F8F.GI...
00000ba0: 6b1c 04f1 6804 eed1 3668 002e e7d1 4846  k...h...6h....HF
00000bb0: bde8 f883 b146 4846 bde8 f883 70b5 0c46  .....FHF....p..F
00000bc0: b1f9 0e10 96b0 0029 1646 1d46 13db 6a46  .......).F.F..jF
00000bd0: 00f0 5afd 0028 0edb 019a 4ff4 8063 02f4  ..Z..(....O..c..
00000be0: 7042 a2f5 0052 b2fa 82f2 0020 5209 2a60  pB...R..... R.*`
00000bf0: 3360 16b0 70bd 0022 a389 2a60 1b06 04d5  3`..p.."..*`....
00000c00: 4023 0020 3360 16b0 70bd 4ff4 8063 0020  @#. 3`..p.O..c. 
00000c10: 3360 16b0 70bd 00bf 8a89 0b46 9207 06d5  3`..p......F....
00000c20: 0121 03f1 4702 5961 1a60 1a61 7047 70b5  .!..G.Ya.`.apGp.
00000c30: 82b0 01ab 6a46 0c46 0646 fff7 bfff 0099  ....jF.F.F......
00000c40: 0546 3046 00f0 86f8 b4f9 0c30 70b1 164a  .F0F.......0p..J
00000c50: 0099 b262 019a 43f0 8003 a381 2060 c4e9  ...b..C..... `..
00000c60: 0401 8ab9 2b43 a381 02b0 70bd 9a05 fbd4  ....+C....p.....
00000c70: 0121 23f0 0303 04f1 4702 43f0 0203 a381  .!#.....G.C.....
00000c80: 6161 2260 2261 efe7 3046 b4f9 0e10 00f0  aa"`"a..0F......
00000c90: 8ffe 10b9 b4f9 0c30 e4e7 a389 23f0 0303  .......0....#...
00000ca0: 43f0 0103 1bb2 dde7 6d08 0008 0029 3ad0  C.......m....):.
00000cb0: 38b5 51f8 043c 0c1f 002b b8bf e418 0546  8.Q..<...+.....F
00000cc0: 00f0 4aff 224b 1a68 2ab1 a242 0dd9 2168  ..J."K.h*..B..!h
00000cd0: 6018 8242 21d0 6260 2846 1c60 bde8 3840  `..B!.b`(F.`..8@
00000ce0: 00f0 40bf a342 03d8 1a46 5368 002b f9d1  ..@..B...FSh.+..
00000cf0: 1168 5018 a042 17d0 22d8 2168 6018 8342  .hP..B..".!h`..B
00000d00: 03bf d3e9 0003 0918 c4e9 0013 6360 5460  ............c`T`
00000d10: 2846 bde8 3840 00f0 25bf d2e9 0002 0144  (F..8@..%......D
00000d20: c4e9 0012 d8e7 7047 2068 0144 5018 8342  ......pG h.DP..B
00000d30: 1160 edd1 d3e9 0003 0144 c2e9 0013 e7e7  .`.......D......
00000d40: 0c23 2846 2b60 bde8 3840 00f0 0bbf 00bf  .#(F+`..8@......
00000d50: 1005 0020 f8b5 cd1c 25f0 0305 0835 0c2d  ... ....%....5.-
00000d60: 38bf 0c25 002d 0646 33db a942 31d8 2a4f  8..%.-.F3..B1.*O
00000d70: 00f0 f2fe 3a68 52b1 1368 5b1b 04d4 3fe0  ....:hR..h[...?.
00000d80: 2368 5b1b 29d5 2246 5468 002c f8d1 7968  #h[.)."FTh.,..yh
00000d90: 0029 3bd0 2946 3046 00f0 f4fb 431c 28d0  .);.)F0F....C.(.
00000da0: c41c 24f0 0304 a042 05d0 211a 3046 00f0  ..$....B..!.0F..
00000db0: e9fb 0130 1dd0 2560 3046 00f0 d3fe 04f1  ...0..%`0F......
00000dc0: 0b00 20f0 0700 231d c21a 01d0 1b1a a350  .. ...#........P
00000dd0: f8bd 0c22 0020 3260 f8bd 0b2b 05d8 a242  ...". 2`...+...B
00000de0: 6368 11d0 5360 e7e7 1446 2360 1c44 2560  ch..S`...F#`.D%`
00000df0: e2e7 0c23 3046 3360 00f0 b4fe 0020 f8bd  ...#0F3`..... ..
00000e00: 0b2b f1d8 1446 5368 3b60 d5e7 3046 00f0  .+...FSh;`..0F..
00000e10: b9fb 7860 bee7 00bf 1005 0020 9368 013b  ..x`....... .h.;
00000e20: 002b 9360 0fda 10b4 9469 a342 08db 0a29  .+.`.....i.B...)
00000e30: 06d0 1368 581c 1060 1970 0846 10bc 7047  ...hX..`.p.F..pG
00000e40: 10bc fff7 4bbb 1368 581c 1060 1970 0846  ....K..hX..`.p.F
00000e50: 7047 00bf 9bb1 f8b5 1344 0f46 0646 5d1e  pG.......D.F.F].
00000e60: 541e 01e0 ac42 08d0 3a46 14f8 011f 3046  T....B..:F....0F
00000e70: fff7 d4ff 431c f5d1 f8bd 0020 f8bd 0020  ....C...... ... 
00000e80: 7047 00bf 9368 10b5 1446 13b9 5360 1846  pG...h...F..S`.F
00000e90: 10bd 00f0 0dfc 0023 c4e9 0133 10bd 00bf  .......#...3....
00000ea0: 2de9 f04f 9fb0 8b46 9046 1c46 0390 18b1  -..O...F.F.F....
00000eb0: 8369 002b 00f0 c880 b54b 9b45 00f0 ca80  .i.+.....K.E....
00000ec0: b44b 9b45 00f0 ca80 b34b 9b45 04bf 039b  .K.E.....K.E....
00000ed0: d3f8 0cb0 dbf8 6430 bbf8 0c20 db07 02d4  ......d0... ....
00000ee0: 9705 40f1 4781 1607 40f1 2b81 dbf8 1030  ..@.G...@.+....0
00000ef0: 002b 00f0 2681 0020 2021 3022 98f8 0030  .+..&..  !0"...0
00000f00: 0127 0594 0b90 8df8 3110 a44e 8df8 3220  .'......1..N..2 
00000f10: 002b 00f0 8880 252b 00f0 1181 4546 03e0  .+....%+....EF..
00000f20: 252b 00f0 9f80 2546 6b78 6c1c 002b f7d1  %+....%Fkxl..+..
00000f30: b4eb 080a 77d0 4246 5346 5946 0398 fff7  ....w.BFSFYF....
00000f40: 89ff 0130 6fd0 0b9b 6a78 5344 0b93 002a  ...0o...jxSD...*
00000f50: 69d0 0023 4ff0 ff32 0134 0693 cde9 0833  i..#O..2.4.....3
00000f60: 8df8 5b30 1c93 0792 06e0 2c46 069b 801b  ..[0......,F....
00000f70: 07fa 00f0 1843 0690 2546 0522 15f8 011b  .....C..%F."....
00000f80: 3046 00f0 3dfd aa46 0028 eed1 069b d806  0F..=..F.(......
00000f90: 44bf 2022 8df8 5b20 1907 48bf 2b22 2178  D. "..[ ..H.+"!x
00000fa0: 48bf 8df8 5b20 2a29 61d1 059a 1168 0432  H...[ *)a....h.2
00000fb0: 0029 0592 c0f2 9880 0991 6178 a51c 2e29  .)........ax...)
00000fc0: 6ed0 774c 0322 2046 00f0 1afd 0028 00f0  n.wL." F.....(..
00000fd0: 8180 4022 069b 001b 02fa 00f0 0343 0693  ..@".........C..
00000fe0: 05f1 0108 2b78 0622 1946 6e48 8df8 3030  ....+x.".FnH..00
00000ff0: 00f0 06fd 0028 7dd0 6b4b 002b 6dd0 05ab  .....(}.kK.+m...
00001000: 0093 5a46 694b 06a9 0398 aff3 0080 8146  ..ZFiK.........F
00001010: b9f1 ff3f 07d0 0b9b 4b44 0b93 98f8 0030  ...?....KD.....0
00001020: 002b 7ff4 78af dbf8 6430 13f0 010f bbf8  .+..x...d0......
00001030: 0c30 02d1 9a05 40f1 a480 5b06 00f1 9480  .0....@...[.....
00001040: 0b98 1fb0 bde8 f08f fff7 54fc 504b 9b45  ..........T.PK.E
00001050: 7ff4 36af 039b d3f8 04b0 3be7 039b d3f8  ..6.......;.....
00001060: 08b0 37e7 b4eb 080a 3ff4 73af 63e7 a1f1  ..7.....?.s.c...
00001070: 3002 092a 88bf a246 a1d8 099b 01e0 2c46  0..*...F......,F
00001080: 0135 2978 03eb 8303 02eb 4303 a1f1 3002  .5)x......C...0.
00001090: 092a aa46 f3d9 2e29 04f1 0205 0993 90d1  .*.F...)........
000010a0: 9af8 0110 2a29 2fd1 059b 0af1 0200 1a68  ....*)/........h
000010b0: 0433 002a 0792 0593 9af8 0210 0af1 0305  .3.*............
000010c0: 38db 374c 8246 0322 2046 00f0 99fc 0028  8.7L.F." F.....(
000010d0: 7ff4 7faf a846 5546 84e7 059b 0733 23f0  .....FUF.....3#.
000010e0: 0703 0833 0593 96e7 4942 43f0 0203 0991  ...3....IBC.....
000010f0: 0693 62e7 05ab 0093 5a46 2c4b 06a9 0398  ..b.....ZF,K....
00001100: 00f0 f6f8 8146 83e7 0023 a1f1 3002 092a  .....F...#..0..*
00001110: 0793 01d9 2be0 5546 6978 03eb 8303 02eb  ....+.UFix......
00001120: 4303 a1f1 3002 092a 05f1 010a f3d9 0235  C...0..*.......5
00001130: 0793 46e7 4ff0 ff33 8246 0793 41e7 4446  ..F.O..3.F..A.DF
00001140: 07e7 5946 0398 fff7 29fa 0028 3ff4 d3ae  ..YF....)..(?...
00001150: dbf8 6430 dd07 07d4 bbf8 0c30 9c05 03d4  ..d0.......0....
00001160: dbf8 5800 fff7 58f8 4ff0 ff30 69e7 aa46  ..X...X.O..0i..F
00001170: 0135 26e7 dbf8 5800 fff7 46f8 bbf8 0c20  .5&...X...F.... 
00001180: b1e6 dbf8 5800 fff7 47f8 bbf8 0c30 54e7  ....X...G....0T.
00001190: 005d 0008 e05c 0008 c05c 0008 8c62 0008  .]...\...\...b..
000011a0: 9462 0008 9862 0008 0000 0000 550e 0008  .b...b......U...
000011b0: 10b4 044c 1346 0a46 0146 2068 10bc fff7  ...L.F.F.F h....
000011c0: 6fbe 00bf 0000 0020 2de9 f047 0c46 0969  o...... -..G.F.i
000011d0: a568 9146 8d42 b8bf 0d46 1560 94f8 4310  .h.F.B...F.`..C.
000011e0: 0646 1f46 ddf8 2080 11b1 6a1c c9f8 0020  .F.F.. ...j.... 
000011f0: 2368 9906 5cd5 d9f8 0020 0232 c9f8 0020  #h..\.... .2... 
00001200: 2368 13f0 060f 1946 1dd1 e168 8a1a 002a  #h.....F...h...*
00001210: d8bf 1946 17dd 0025 04f1 190a 05e0 e368  ...F...%.......h
00001220: d9f8 0020 9b1a ab42 0cdd 0123 5246 3946  ... ...B...#RF9F
00001230: 3046 c047 0130 05f1 0105 f0d1 4ff0 ff30  0F.G.0......O..0
00001240: bde8 f087 2168 94f8 4330 0033 18bf 0123  ....!h..C0.3...#
00001250: 8a06 0ad5 3021 e218 82f8 4310 94f8 4510  ....0!....C...E.
00001260: 5a1c 2244 82f8 4310 0233 04f1 4302 3946  Z."D..C..3..C.9F
00001270: 3046 c047 0130 e1d0 2368 a268 03f0 0603  0F.G.0..#h.h....
00001280: 042b 2169 1dd0 8a42 26dd 4ff0 0009 521a  .+!i...B&.O...R.
00001290: 9144 0025 1a34 01e0 4d45 1dda 0123 2246  .D.%.4..ME...#"F
000012a0: 3946 3046 c047 0130 05f1 0105 f4d1 c5e7  9F0F.G.0........
000012b0: 13f0 060f 13d0 94f8 4330 0033 18bf 0123  ........C0.3...#
000012c0: d3e7 d9f8 0000 e368 8a42 a3eb 0003 23ea  .......h.B....#.
000012d0: e379 dcdc 002b dcdc 0020 bde8 f087 e168  .y...+... .....h
000012e0: d9f8 0020 8a1a 002a d8bf 1946 93dc aae7  ... ...*...F....
000012f0: 2de9 f043 0c46 097e 85b0 6e29 0646 1746  -..C.F.~..n).F.F
00001300: 9846 04f1 430c 0c98 6dd0 39d9 7329 00f0  .F..C...m.9.s)..
00001310: f480 44d9 7529 00f0 0281 7829 40f0 0f81  ..D.u)....x)@...
00001320: 7823 2268 dff8 54e2 84f8 4530 0168 1506  x#"h..T...E0.h..
00001330: 51f8 043b 0160 40f1 a180 d107 44bf 42f0  Q..;.`@.....D.B.
00001340: 2002 2260 002b 00f0 9380 1022 0021 84f8   ."`.+.....".!..
00001350: 4310 6068 0028 a060 c0f2 c680 2168 21f0  C.`h.(.`....!h!.
00001360: 0401 2160 002b 40f0 a280 0028 40f0 be80  ..!`.+@....(@...
00001370: 6546 082a 00f0 ab80 aceb 0503 2361 41e0  eF.*........#aA.
00001380: 6329 00f0 e380 1ad8 0029 38d0 5829 40f0  c).......)8.X)@.
00001390: d680 84f8 4510 2268 dff8 e4e1 c6e7 6f29  ....E."h......o)
000013a0: 00f0 bd80 7029 40f0 ca80 7823 2268 dff8  ....p)@...x#"h..
000013b0: cce1 42f0 2002 2260 84f8 4530 b6e7 6429  ..B. ."`..E0..d)
000013c0: 02d0 6929 40f0 bb80 2268 0368 1106 03f1  ..i)@..."h.h....
000013d0: 0405 57d5 1968 0560 0b46 0029 59db 0a22  ..W..h.`.F.)Y.."
000013e0: dff8 9ce1 b5e7 0368 2268 1d1d 6169 0560  .......h"h..ai.`
000013f0: 1506 1b68 02d4 5006 00f1 bb80 1960 0023  ...h..P......`.#
00001400: 6546 2361 cdf8 0080 3b46 03aa 2146 3046  eF#a....;F..!F0F
00001410: fff7 dafe 0130 20d0 2a46 2369 3946 3046  .....0 .*F#i9F0F
00001420: c047 0130 19d0 2268 0398 9207 e368 19d5  .G.0.."h.....h..
00001430: 1a1a 002a 16dd 0025 04f1 1909 04e0 e368  ...*...%.......h
00001440: 0398 1a1a aa42 0ddd 0123 4a46 3946 3046  .....B...#JF9F0F
00001450: c047 0130 05f1 0105 f1d1 4ff0 ff30 05b0  .G.0......O..0..
00001460: bde8 f083 9842 b8bf 1846 05b0 bde8 f083  .....B...F......
00001470: 2168 1022 21f0 2001 2160 67e7 5006 48bf  !h."!. .!`g.P.H.
00001480: 9bb2 5ae7 5106 a5d5 b3f9 0030 0560 1946  ..Z.Q......0.`.F
00001490: a3e7 2d20 6168 5b42 0029 84f8 4300 a160  ..- ah[B.)..C..`
000014a0: 02db 22f0 0402 2260 0a22 dff8 d4e0 6546  .."..."`."....eF
000014b0: 00e0 0b46 b3fb f2f1 02fb 1130 1ef8 0000  ...F.......0....
000014c0: 9342 05f8 010d f4d2 082a 7ff4 55af 2368  .B.......*..U.#h
000014d0: db07 7ff5 51af 6268 2369 9a42 3ff7 4caf  ....Q.bh#i.B?.L.
000014e0: 3023 013d 2b70 47e7 002b e0d1 9ef8 0030  0#.=+pG..+.....0
000014f0: 04f1 4205 84f8 4230 3be7 0368 6268 191d  ..B...B0;..hbh..
00001500: 0160 1d68 0021 2846 00f0 7afa 0028 32d0  .`.h.!(F..z..(2.
00001510: 401b 6060 2061 0023 84f8 4330 72e7 2268  @.`` a.#..C0r."h
00001520: 0368 12f0 800f 03f1 0405 1ad0 1b68 0560  .h...........h.`
00001530: 6f29 0cbf 0822 0a22 dff8 44e0 06e7 0123  o)..."."..D....#
00001540: 84f8 4210 2361 04f1 4205 e4e7 0122 0368  ..B.#a..B....".h
00001550: 04f1 4205 191d 1b68 0160 84f8 4230 2261  ..B....h.`..B0"a
00001560: d9e7 12f0 400f 0dbf 1b68 0560 1b88 0560  ....@....h.`...`
00001570: dee7 1980 43e7 6068 cce7 00bf b462 0008  ....C.`h.....b..
00001580: a062 0008 38b5 0023 064c 0546 0846 2360  .b..8..#.L.F.F#`
00001590: 00f0 32fb 431c 00d0 38bd 2368 002b fbd0  ..2.C...8.#h.+..
000015a0: 2b60 38bd a413 0020 10b5 0c46 b1f9 0e10  +`8.... ...F....
000015b0: 00f0 04fb 0028 03db 636d 0344 6365 10bd  .....(..cm.Dce..
000015c0: a389 23f4 8053 a381 10bd 00bf 0020 7047  ..#..S....... pG
000015d0: 2de9 f041 b1f9 0c40 9846 e305 0d46 1746  -..A...@.F...F.F
000015e0: b1f9 0e10 0646 09d4 24f4 8054 ac81 4346  .....F..$..T..CF
000015f0: 3a46 3046 bde8 f041 00f0 1eb8 0223 0022  :F0F...A.....#."
00001600: 00f0 e8f9 b5f9 0c40 b5f9 0e10 ece7 00bf  .......@........
00001610: 10b5 0c46 b1f9 0e10 00f0 dcf9 a389 421c  ...F..........B.
00001620: 0ebf 23f4 8053 43f4 8053 6065 a381 10bd  ..#..SC..S`e....
00001630: b1f9 0e10 00f0 16b8 f8b5 0e46 0025 084c  ...........F.%.L
00001640: 1146 0746 1a46 3046 2560 00f0 27fb 431c  .F.F.F0F%`..'.C.
00001650: 00d0 f8bd 2368 002b fbd0 3b60 f8bd 00bf  ....#h.+..;`....
00001660: a413 0020 38b5 0023 064c 0546 0846 2360  ... 8..#.L.F.F#`
00001670: 00f0 3dfb 431c 00d0 38bd 2368 002b fbd0  ..=.C...8.#h.+..
00001680: 2b60 38bd a413 0020 70b5 0d46 0023 074c  +`8.... p..F.#.L
00001690: 0646 1146 2846 2360 00f0 3dfb 431c 00d0  .F.F(F#`..=.C...
000016a0: 70bd 2368 002b fbd0 3360 70bd a413 0020  p.#h.+..3`p.... 
000016b0: 9368 002b 00f0 fc80 2de9 f04f b1f9 0c30  .h.+....-..O...0
000016c0: 0c46 9bb2 1907 83b0 8246 9046 2bd5 2269  .F.......F.F+."i
000016d0: 4ab3 13f0 0202 d8f8 0060 33d0 0027 3d46  J........`3..'=F
000016e0: d4f8 28b0 216a dff8 c492 c5b1 4d45 2b46  ..(.!j......ME+F
000016f0: 3a46 28bf 4b46 5046 d847 0028 40f3 ce80  :F(.KFPF.G.(@...
00001700: d8f8 0830 0744 1b1a 2d1a c8f8 0830 002b  ...0.D..-....0.+
00001710: 00f0 b380 d4f8 28b0 216a 002d e6d1 d6e9  ......(.!j.-....
00001720: 0075 0836 e1e7 2146 5046 fef7 37ff 0028  .u.6..!FPF..7..(
00001730: 40f0 3781 b4f9 0c30 d8f8 0060 9bb2 13f0  @.7....0...`....
00001740: 0202 cbd1 13f0 0109 40f0 b480 4d46 a768  ........@...MF.h
00001750: 2068 002d 55d0 9a05 40f1 c080 af42 bb46   h.-U...@....B.F
00001760: 00f2 ee80 13f4 906f 2fd0 d4e9 0417 07eb  .......o/.......
00001770: 4707 a0eb 010b 07eb d777 681c 7f10 5844  G........wh...XD
00001780: b842 3a46 84bf 0746 3a46 5b05 40f1 f080  .B:F...F:F[.@...
00001790: 1146 5046 fff7 defa 0028 00f0 fc80 5a46  .FPF.....(....ZF
000017a0: 2169 0190 fef7 70fd a289 019b 22f4 9062  !i....p....."..b
000017b0: 42f0 8002 a281 a7eb 0b02 03eb 0b00 6761  B.............ga
000017c0: ab46 2f46 2361 2060 a260 5a46 4946 00f0  .F/F#a `.`ZFIF..
000017d0: 5df9 2368 a268 5b44 ab46 0025 d71b a760  ].#h.h[D.F.%...`
000017e0: 2360 d8f8 0870 d944 a7eb 0b07 c8f8 0870  #`...p.D.......p
000017f0: 002f 42d0 b4f9 0c30 a768 9bb2 2068 002d  ./B....0.h.. h.-
00001800: a9d1 d6e9 0095 0836 a3e7 0bf1 0803 53f8  .......6......S.
00001810: 047c 9b46 53f8 086c 0833 002f f7d0 3a46  .|.FS..l.3./..:F
00001820: 0a21 3046 00f0 ecf8 0028 54d0 0130 a0eb  .!0F.....(T..0..
00001830: 0609 4b46 2068 2169 bb42 28bf 3b46 8842  ..KF h!i.B(.;F.B
00001840: 6269 03d9 a568 1544 ab42 1adc 9a42 00f3  bi...h.D.B...B..
00001850: 8180 1346 a56a 3246 216a 5046 a847 051e  ...F.j2F!jPF.G..
00001860: 1cdd b9eb 0509 6ed0 0120 d8f8 0830 2e44  ......n.. ...0.D
00001870: 5b1b 7f1b c8f8 0830 13bb 0020 03b0 bde8  [......0... ....
00001880: f08f 3146 2a46 00f0 01f9 2368 2146 2b44  ..1F*F....#h!F+D
00001890: 2360 5046 fef7 98ff 0028 e2d0 b4f9 0c30  #`PF.....(.....0
000018a0: 4ff0 ff30 43f0 4003 a381 03b0 bde8 f08f  O..0C.@.........
000018b0: 0020 7047 3346 9146 1046 1746 4e46 9b46  . pG3F.F.F.FNF.F
000018c0: 002f a2d0 0028 b4d1 3a46 0a21 3046 00f0  ./...(..:F.!0F..
000018d0: 97f8 0028 aad1 7b1c 9946 abe7 2369 8342  ...(..{..F..#i.B
000018e0: 17d3 6269 aa42 14d8 2f4b a76a 9d42 94bf  ..bi.B../K.j.B..
000018f0: 2b46 6ff0 0043 93fb f2f3 216a 02fb 03f3  +Fo..C....!j....
00001900: 5046 4a46 b847 b0f1 000b c7dd a5eb 0b05  PFJF.G..........
00001910: 67e7 af42 28bf 2f46 4946 3a46 00f0 b6f8  g..B(./FIF:F....
00001920: a368 2268 db1b 3a44 bb46 a360 2260 002b  .h"h..:D.F.`"`.+
00001930: ecd1 2146 5046 fef7 47ff 0028 e6d0 ade7  ..!FPF..G..(....
00001940: 2f46 ab46 41e7 2146 5046 fef7 3dff 0028  /F.FA.!FPF..=..(
00001950: 8bd0 a3e7 1a46 3146 1d46 0193 00f0 96f8  .....F1F.F......
00001960: a168 2268 019b c91a 1344 a160 2360 78e7  .h"h.....D.`#`x.
00001970: 5046 00f0 fdf8 0346 0028 7ff4 1caf 2169  PF.....F.(....!i
00001980: 5046 fff7 93f9 0c22 b4f9 0c30 caf8 0020  PF....."...0... 
00001990: 23f0 8003 84e7 0c22 b4f9 0c30 caf8 0020  #......"...0... 
000019a0: 7ee7 4ff0 ff30 69e7 feff ff7f 00fc ff7f  ~.O..0i.........
000019b0: 38b5 0023 064c 0546 0846 2360 00f0 8cf9  8..#.L.F.F#`....
000019c0: 431c 00d0 38bd 2368 002b fbd0 2b60 38bd  C...8.#h.+..+`8.
000019d0: a413 0020 f8b5 0e46 0025 084c 1146 0746  ... ...F.%.L.F.F
000019e0: 1a46 3046 2560 00f0 8ef9 431c 00d0 f8bd  .F0F%`....C.....
000019f0: 2368 002b fbd0 3b60 f8bd 00bf a413 0020  #h.+..;`....... 
00001a00: 8307 70b4 cdb2 3dd0 541e 0ab3 0378 ab42  ..p...=.T....x.B
00001a10: 1fd0 431c 05e0 14f1 ff34 19d3 0278 aa42  ..C......4...x.B
00001a20: 17d0 13f0 030f 1846 03f1 0103 f3d1 032c  .......F.......,
00001a30: 11d8 4cb3 0378 ab42 0bd0 0444 431c 02e0  ..L..x.B...DC...
00001a40: 0278 aa42 05d0 9c42 1846 03f1 0103 f7d1  .x.B...B.F......
00001a50: 0020 70bc 7047 0246 0e02 b6b2 2e43 46ea  . p.pG.F.....CF.
00001a60: 0646 1368 1046 7340 a3f1 0131 21ea 0303  .F.h.Fs@...1!...
00001a70: 13f0 803f 02f1 0402 dcd1 043c 032c 1046  ...?.......<.,.F
00001a80: efd8 d6e7 1446 d2e7 2046 e2e7 8842 f0b4  .....F.. F...B..
00001a90: 0dd9 8b18 8342 0ad9 8418 32b1 2246 13f8  .....B....2."F..
00001aa0: 014d 9942 02f8 014d f9d1 f0bc 7047 0f2a  .M.B...M....pG.*
00001ab0: 0ed8 0346 541e 002a f7d0 0134 0c44 013b  ...FT..*...4.D.;
00001ac0: 11f8 012b a142 03f8 012f f9d1 f0bc 7047  ...+.B.../....pG
00001ad0: 40ea 0103 9b07 3ad1 a2f1 1007 3f09 01f1  @.....:.....?...
00001ae0: 2006 06eb 0716 01f1 1003 00f1 1004 53f8   .............S.
00001af0: 105c 1033 44f8 105c 53f8 1c5c 1034 44f8  .\.3D..\S..\.4D.
00001b00: 1c5c 53f8 185c 44f8 185c 53f8 145c b342  .\S..\D..\S..\.B
00001b10: 44f8 145c ebd1 7b1c 1b01 12f0 0c0f 1944  D..\..{........D
00001b20: 02f0 0f05 0344 15d0 0e46 043d ad08 03eb  .....D...F.=....
00001b30: 850c 1c1f 56f8 047b 44f8 047f 6445 f9d1  ....V..{D...dE..
00001b40: 0135 ad00 2b44 2944 02f0 0302 b2e7 541e  .5..+D)D......T.
00001b50: 0346 b2e7 2a46 ade7 0148 fef7 55bb 00bf  .F..*F...H..U...
00001b60: 9013 0020 0148 fef7 57bb 00bf 9013 0020  ... .H..W...... 
00001b70: 09b3 f8b5 1446 cab1 0646 0d46 00f0 34f8  .....F...F.F..4.
00001b80: a042 02d3 2f46 3846 f8bd 2146 3046 fff7  .B../F8F..!F0F..
00001b90: e1f8 0746 0028 f6d0 2246 2946 fef7 74fb  ...F.(.."F)F..t.
00001ba0: 3046 2946 fff7 82f8 3846 f8bd 2746 fff7  0F)F....8F..'F..
00001bb0: 7df8 3846 f8bd 1146 fff7 ccb8 f8b5 0e46  }.8F...F.......F
00001bc0: 0025 084c 1146 0746 1a46 3046 2560 00f0  .%.L.F.F.F0F%`..
00001bd0: 73f8 431c 00d0 f8bd 2368 002b fbd0 3b60  s.C.....#h.+..;`
00001be0: f8bd 00bf a413 0020 51f8 043c 181f 002b  ....... Q..<...+
00001bf0: bcbf 0b58 c018 7047 044a 0549 1368 002b  ...X..pG.J.I.h.+
00001c00: 08bf 0b46 1844 1060 1846 7047 1805 0020  ...F.D.`.FpG... 
00001c10: a813 0020 10b5 054c 2378 33b9 044b 13b1  ... ...L#x3..K..
00001c20: 0448 aff3 0080 0123 2370 10bd 1c05 0020  .H.....##p..... 
00001c30: 0000 0000 405c 0008 08b5 034b 1bb1 0349  ....@\.....K...I
00001c40: 0348 aff3 0080 08bd 0000 0000 2005 0020  .H.......... .. 
00001c50: 405c 0008 00b5 83b0 0a4b da69 42f4 0002  @\.......K.iB...
00001c60: da61 db69 03f4 0003 0193 019b 0022 1146  .a.i.........".F
00001c70: 1420 03f0 5ffc 1420 03f0 94fc 03b0 5df8  . .._.. ......].
00001c80: 04fb 00bf 0010 0240 10b5 0446 c1b2 0020  .......@...F... 
00001c90: 03f0 0aff 2046 10bd 0020 7047 70b5 0c46  .... F... pGp..F
00001ca0: 1646 0025 04e0 14f8 010b fff7 edff 0135  .F.%...........5
00001cb0: b542 f8db 3046 70bd 70b5 0c46 1646 0025  .B..0Fp.p..F.F.%
00001cc0: 06e0 fff7 e9ff 2146 01f8 010b 0135 0c46  ......!F.....5.F
00001cd0: b542 f6db 3046 70bd 0228 01d8 0120 7047  .B..0Fp..(... pG
00001ce0: 08b5 fef7 9bfa 0923 0360 0020 08bd 0228  .......#.`. ...(
00001cf0: 01d8 0020 7047 08b5 fef7 90fa 0923 0360  ... pG.......#.`
00001d00: 4ff0 ff30 08bd 08b5 fef7 88fa 0923 0360  O..0.........#.`
00001d10: 4ff0 ff30 08bd 08b5 0228 04d8 4ff4 0053  O..0.....(..O..S
00001d20: 4b60 0020 08bd fef7 79fa 0923 0360 f8e7  K`. ....y..#.`..
00001d30: 08b5 02f0 53f9 fee7 72b6 fee7 00b5 95b0  ....S...r.......
00001d40: 2822 0021 0deb 0200 fef7 04fa 0023 0593  (".!.........#..
00001d50: 0693 0793 0893 0993 0193 0293 0393 0493  ................
00001d60: 0122 0a92 4ff4 8033 0b93 4ff4 0031 0c91  ."..O..3..O..1..
00001d70: 0e92 0222 1192 1293 4ff4 e013 1393 0aa8  ..."....O.......
00001d80: 02f0 82fe c0b9 0f23 0593 0221 0691 0023  .......#...!...#
00001d90: 0793 4ff4 8062 0892 0993 05a8 03f0 b8f8  ..O..b..........
00001da0: 60b9 1023 0193 0023 0493 01a8 03f0 8cf9  `..#...#........
00001db0: 30b9 15b0 5df8 04fb fff7 beff fff7 bcff  0...]...........
00001dc0: fff7 baff 08b5 0a48 0a4b 0360 4ff4 e133  .......H.K.`O..3
00001dd0: 4360 0023 8360 c360 0361 0c22 4261 8361  C`.#.`.`.a."Ba.a
00001de0: c361 03f0 c1fd 00b9 08bd fff7 a5ff 00bf  .a..............
00001df0: 3805 0020 0038 0140 034b 93f8 2801 0038  8.. .8.@.K..(..8
00001e00: 18bf 0120 7047 00bf b800 0020 38b5 0378  ... pG..... 8..x
00001e10: 03f0 0303 012b 1dd0 022b 20d1 0023 23e0  .....+...+ ..##.
00001e20: 0133 dbb2 1b4c 94f8 4c41 9c42 14d9 03f1  .3...L..LA.B....
00001e30: 4a04 184d 05eb 8404 6468 002c f0d0 2568  J..M....dh.,..%h
00001e40: 002d edd0 94f8 18c0 8488 e4b2 a445 e7d1  .-...........E..
00001e50: a847 1ee0 0023 e5e7 4ff0 ff30 19e0 4ff0  .G...#..O..0..O.
00001e60: ff30 16e0 0133 dbb2 0a4c 94f8 4c41 9c42  .0...3...L..LA.B
00001e70: 0dd9 03f1 4a0c 074c 04eb 8c0c dcf8 0440  ....J..L.......@
00001e80: 002c efd0 6468 002c ecd0 a047 01e0 4ff0  .,..dh.,...G..O.
00001e90: ff30 38bd b800 0020 70b5 0646 0d46 0024  .08.... p..F.F.$
00001ea0: 07e0 23b1 db68 13b1 2946 3046 9847 0134  ..#..h..)F0F.G.4
00001eb0: e4b2 0d4b 93f8 4c31 a342 14d9 04f1 4a03  ...K..L1.B....J.
00001ec0: 094a 02eb 8303 5b68 002d ead0 002b eed0  .J....[h.-...+..
00001ed0: da68 002a ebd0 a978 1b7e 9942 e7d1 2946  .h.*...x.~.B..)F
00001ee0: 3046 9047 e3e7 70bd b800 0020 00b5 83b0  0F.G..p.... ....
00001ef0: 8378 8df8 0030 8388 c3f3 0a03 adf8 0230  .x...0.........0
00001f00: c378 03f0 0303 8df8 0130 0c48 fef7 4afa  .x.......0.H..J.
00001f10: bdf8 0230 9df8 0120 9df8 0010 0848 fef7  ...0... .....H..
00001f20: 41fa 0848 fef7 3efa 6846 00f0 43fd b0fa  A..H..>.hF..C...
00001f30: 80f0 4009 03b0 5df8 04fb 00bf 205d 0008  ..@...]..... ]..
00001f40: 305d 0008 505d 0008 2de9 f041 0646 8846  0]..P]..-..A.F.F
00001f50: 104b 9c69 0020 ff25 2f46 02e0 e778 2378  .K.i. .%/F...x#x
00001f60: 1c44 2378 9bb1 6378 042b f7d0 052b 06d0  .D#x..cx.+...+..
00001f70: 022b f4d1 6579 ae42 f1d1 0120 efe7 b542  .+..ey.B... ...B
00001f80: edd1 4745 ebd1 2046 fff7 b0ff e7e7 bde8  ..GE.. F........
00001f90: f081 00bf b800 0020 10b5 82b0 0446 0948  ....... .....F.H
00001fa0: fef7 00fa a388 e288 0192 0093 6388 6278  ............c.bx
00001fb0: 2178 0548 fef7 f6f9 0448 fef7 f3f9 02b0  !x.H.....H......
00001fc0: 10bd 00bf 205d 0008 585d 0008 505d 0008  .... ]..X]..P]..
00001fd0: 2de9 f041 0f46 1646 040a c5b2 032c 08d0  -..A.F.F.....,..
00001fe0: 0f2c 22d0 032c 70d8 394b 9969 4ff0 000c  .,"..,p.9K.iO...
00001ff0: 35e0 ee2d f4d1 3748 fef7 d4f9 3648 fef7  5..-..7H....6H..
00002000: 65fa 3648 fef7 cef9 314b db69 002b 56d0  e.6H....1K.i.+V.
00002010: 1968 0a78 3868 fef7 37f9 2d4b db69 1b68  .h.x8h..7.-K.i.h
00002020: 1b78 3360 4ff0 0108 3ae0 2a48 fef7 baf9  .x3`O...:.*H....
00002030: 2b48 fef7 4bfa 2948 fef7 b4f9 244b 5b6a  +H..K.)H....$K[j
00002040: 002b 3fd0 5a68 1968 3868 fef7 1df9 204b  .+?.Zh.h8h.... K
00002050: 5b6a 5b68 3360 4ff0 0108 21e0 1944 0b78  [j[h3`O...!..D.x
00002060: 3bb1 4878 a042 f9d1 6545 0dd0 0cf1 010c  ;.Hx.B..eE......
00002070: f4e7 4ff0 0008 b8f1 000f 14d0 022c 06d0  ..O..........,..
00002080: 072c 04d0 3360 07e0 4ff0 0108 f3e7 8b78  .,..3`..O......x
00002090: ca78 43ea 0223 3360 3268 3868 fef7 f4f8  .xC..#3`2h8h....
000020a0: 4046 bde8 f081 0f48 fef7 7cf9 2a46 2146  @F.....H..|.*F!F
000020b0: 0d48 fef7 77f9 0948 fef7 74f9 f0e7 4ff0  .H..w..H..t...O.
000020c0: 0008 ede7 4ff0 0008 eae7 4ff0 0008 e7e7  ....O.....O.....
000020d0: b800 0020 205d 0008 b85d 0008 505d 0008  ...  ]...]..P]..
000020e0: dc5d 0008 f85d 0008 085e 0008 2de9 f041  .]...]...^..-..A
000020f0: 0646 0f46 9046 554b db69 002b 55d0 4278  .F.F.FUK.i.+U.Bx
00002100: 1b79 9a42 01d0 0024 80e0 8388 042b 0dd0  .y.B...$.....+..
00002110: 052b 29d0 4e48 fef7 45f9 4e48 fef7 d6f9  .+).NH..E.NH....
00002120: 4d48 fef7 3ff9 4ff0 ff33 8be0 4b48 fef7  MH..?.O..3..KH..
00002130: 39f9 4b48 fef7 caf9 4748 fef7 33f9 434b  9.KH....GH..3.CK
00002140: db69 9968 0c78 4b78 04eb 0324 8b78 04eb  .i.h.xKx...$.x..
00002150: 0344 cb78 04eb 0364 2246 3868 fef7 94f8  .D.x...d"F8h....
00002160: c8f8 0040 0023 6de0 3c48 fef7 1bf9 3d48  ...@.#m.<H....=H
00002170: fef7 acf9 3848 fef7 15f9 344b db69 db68  ....8H....4K.i.h
00002180: 7288 53f8 2210 0c78 4b78 04eb 0324 8b78  r.S."..xKx...$.x
00002190: 04eb 0344 cb78 04eb 0364 2246 3868 fef7  ...D.x...d"F8h..
000021a0: 73f8 c8f8 0040 0023 4ce0 284b 1b6a 002b  s....@.#L.(K.j.+
000021b0: 44d0 4278 9b79 9a42 01d0 0024 26e0 8388  D.Bx.y.B...$&...
000021c0: 072b 15d1 2548 fef7 edf8 2748 fef7 7ef9  .+..%H....'H..~.
000021d0: 2148 fef7 e7f8 1d4c 236a 9a88 1968 3868  !H.....L#j...h8h
000021e0: fef7 52f8 236a 9b88 c8f8 0030 0023 29e0  ..R.#j.....0.#).
000021f0: 1748 fef7 d7f8 1748 fef7 68f9 1648 fef7  .H.....H..h..H..
00002200: d1f8 4ff0 ff33 1de0 0134 e4b2 0f4b 93f8  ..O..3...4...K..
00002210: 4c31 a342 14d9 04f1 4a03 0c4d 05eb 8303  L1.B....J..M....
00002220: 5b68 002b f0d0 9b68 002b edd0 4246 3946  [h.+...h.+..BF9F
00002230: 3046 9847 0346 0028 e6d1 03e0 0024 e5e7  0F.G.F.(.....$..
00002240: 4ff0 ff33 1846 bde8 f081 00bf b800 0020  O..3.F......... 
00002250: f85d 0008 685e 0008 505d 0008 205d 0008  .]..h^..P].. ]..
00002260: 3c5e 0008 4c5e 0008 805e 0008 08b5 0846  <^..L^...^.....F
00002270: 124b 9968 0144 9960 da68 121a da60 82b9  .K.h.D.`.h...`..
00002280: 0e4b 1b7d 8bb9 0d4b db88 6bb1 0b4b 93f9  .K.}...K..k..K..
00002290: 0030 002b 08da 0022 1146 1046 00f0 04fe  .0.+...".F.F....
000022a0: 02e0 8020 00f0 a6fd 08bd 0021 034b 1975  ... .......!.K.u
000022b0: 0a46 8020 00f0 9efd f6e7 00bf b800 0020  .F. ........... 
000022c0: 30b5 83b0 8578 8df8 0050 8388 c3f3 0a03  0....x...P......
000022d0: adf8 0230 c478 04f0 0304 8df8 0140 0948  ...0.x.......@.H
000022e0: fef7 60f8 2246 2946 0748 fef7 5bf8 0748  ..`."F)F.H..[..H
000022f0: fef7 58f8 2846 00f0 b7fc b0fa 80f0 4009  ..X.(F........@.
00002300: 03b0 30bd 205d 0008 9c5e 0008 505d 0008  ..0. ]...^..P]..
00002310: 2de9 f047 0646 8946 164b 9c69 0027 ff25  -..G.F.F.K.i.'.%
00002320: a846 ba46 06e0 94f8 0380 a578 ae42 11d0  .F.F.......x.B..
00002330: 2378 1c44 2378 b3b1 6378 042b f3d0 052b  #x.D#x..cx.+...+
00002340: f6d1 b542 f4d1 c845 08d0 2046 fff7 b8ff  ...B...E.. F....
00002350: 0746 ede7 c145 ebd1 a246 e9e7 2046 fff7  .F...E...F.. F..
00002360: c5fd 0746 e4e7 5146 0820 fff7 95fd 3846  ...F..QF. ....8F
00002370: bde8 f087 b800 0020 2de9 f047 0446 0e46  ....... -..G.F.F
00002380: 1546 b0f8 0280 8088 5ffa 80fa fff7 34fd  .F......_.....4.
00002390: 0746 0028 4fd0 4fea 1829 6378 0b2b 49d8  .F.(O.O..)cx.+I.
000023a0: dfe8 03f0 0648 4848 4848 0e48 4848 3a40  .....HHHHH.HHH:@
000023b0: 3268 0023 1370 3268 5370 0223 2b60 3ae0  2h.#.p2hSp.#+`:.
000023c0: b9f1 220f 01d0 0027 35e0 1c48 fdf7 eaff  .."....'5..H....
000023d0: 1b48 fef7 7bf8 1b48 fdf7 e4ff 0023 01e0  .H..{..H.....#..
000023e0: 0133 dbb2 184a 92f8 4c21 9a42 12d9 03f1  .3...J..L!.B....
000023f0: 4a02 1549 01eb 8202 5468 002c f0d0 227e  J..I....Th.,.."~
00002400: 5245 edd1 6269 2169 3068 fdf7 3dff 6369  RE..bi!i0h..=.ci
00002410: 2b60 10e0 0027 0ee0 3368 0022 1a70 0123  +`...'..3h.".p.#
00002420: 2b60 08e0 5ffa 88f1 5046 fff7 71ff 0023  +`.._...PF..q..#
00002430: 2b60 00e0 0027 3846 bde8 f087 205d 0008  +`...'8F.... ]..
00002440: b85e 0008 505d 0008 b800 0020 2de9 f041  .^..P]..... -..A
00002450: 0446 0f46 9046 8088 c5b2 fff7 cdfc 0646  .F.F.F.........F
00002460: 30b1 6378 012b 0ed0 032b 20d0 1bb1 0026  0.cx.+...+ ....&
00002470: 3046 bde8 f081 3a68 1370 3a68 5370 0223  0F....:h.p:hSp.#
00002480: c8f8 0030 f4e7 6388 1bb1 0026 c8f8 0060  ...0..c....&...`
00002490: eee7 1148 fdf7 86ff 2946 1048 fdf7 82ff  ...H....)F.H....
000024a0: 0f48 fdf7 7fff 2846 00f0 50fc e0e7 6388  .H....(F..P...c.
000024b0: 23b1 0026 0023 c8f8 0030 d9e7 0648 fdf7  #..&.#...0...H..
000024c0: 71ff 2946 0748 fdf7 6dff 0548 fdf7 6aff  q.)F.H..m..H..j.
000024d0: 2846 00f0 0ffc ede7 f85d 0008 d45e 0008  (F.......]...^..
000024e0: 505d 0008 ec5e 0008 08b5 00f0 7f03 03eb  P]...^..........
000024f0: 4303 044a 02eb 8303 d3f8 5831 03b1 9847  C..J......X1...G
00002500: 08bd 00bf b800 0020 08b5 00f0 7f03 03eb  ....... ........
00002510: 4303 044a 02eb 8303 d3f8 b831 03b1 9847  C..J.......1...G
00002520: 08bd 00bf b800 0020 38b5 0546 084c 4ff4  ....... 8..F.LO.
00002530: 0472 0021 2046 fdf7 0dfe a561 8023 84f8  .r.! F.....a.#..
00002540: 5031 044b c4f8 5831 034b c4f8 b831 38bd  P1.K..X1.K...18.
00002550: b800 0020 6d22 0008 b928 0008 064a 92f8  ... m"...(...J..
00002560: 4c31 0376 03f1 4a01 02eb 8101 4860 0133  L1.v..J.....H`.3
00002570: 82f8 4c31 7047 00bf b800 0020 0278 90f9  ..L1pG..... .x..
00002580: 0030 002b 0cdb 02f0 7f03 0c49 03eb 430c  .0.+.......I..C.
00002590: 01eb 8c0c 8cf8 b021 4268 ccf8 b821 7047  .......!Bh...!pG
000025a0: 02f0 7f03 0549 03eb 430c 01eb 8c0c 8cf8  .....I..C.......
000025b0: 5021 4268 ccf8 5821 7047 00bf b800 0020  P!Bh..X!pG..... 
000025c0: 034b 93f8 2801 0038 18bf 0120 7047 00bf  .K..(..8... pG..
000025d0: b800 0020 08b5 00f0 c1f9 08bd 7047 0000  ... ........pG..
000025e0: 10b5 82b0 0020 00f0 d7f9 0024 0d4b 83f8  ..... .....$.K..
000025f0: 2841 4023 adf8 0230 8df8 0140 8023 8df8  (A@#...0...@.#..
00002600: 0030 6846 00f0 d6f9 8df8 0040 6846 00f0  .0hF.......@hF..
00002610: d1f9 2146 0120 fff7 3ffc 0120 fff7 deff  ..!F. ..?.. ....
00002620: 02b0 10bd b800 0020 70b5 1546 4688 4378  ....... p..FF.Cx
00002630: 092b 46d8 dfe8 03f0 050e 450e 451e 2545  .+F.......E.E.%E
00002640: 2b30 0a68 0023 1370 0a68 5370 0223 2b60  +0.h.#.p.hSp.#+`
00002650: 0124 37e0 012e 03d0 0023 2b60 0124 31e0  .$7......#+`.$1.
00002660: 032b 03d0 0a20 fff7 b9ff f5e7 0920 fff7  .+... ....... ..
00002670: b5ff f1e7 f0b2 00f0 8ff9 0023 2b60 0124  ...........#+`.$
00002680: 20e0 2a46 3046 fff7 a3fc 0446 1ae0 0e4b   .*F0F.....F...K
00002690: 0b60 0124 2c60 15e0 f6b2 0021 3046 fff7  .`.$,`.....!0F..
000026a0: 53fc 0446 10b9 0023 2b60 0be0 074b 83f8  S..F...#+`...K..
000026b0: 2861 0021 0720 fff7 effb 0720 fff7 8eff  (a.!. ..... ....
000026c0: f1e7 0024 2046 70bd e001 0020 b800 0020  ...$ Fp.... ... 
000026d0: 08b5 0378 03f0 0303 012b 0ad0 022b 0dd0  ...x.....+...+..
000026e0: 13b1 4ff0 ff30 08bd fff7 9eff 58b1 0020  ..O..0......X.. 
000026f0: f9e7 fff7 41fe 48b1 0020 f4e7 fff7 a6fe  ....A.H.. ......
00002700: 38b1 0020 efe7 4ff0 ff30 ece7 4ff0 ff30  8.. ..O..0..O..0
00002710: e9e7 4ff0 ff30 e6e7 10b5 0446 0378 03f0  ..O..0.....F.x..
00002720: 6003 202b 2ad0 402b 3cd0 0bb1 0020 10bd  `. +*.@+<.... ..
00002730: fff7 ceff 0028 01db 0120 f8e7 6378 062b  .....(... ..cx.+
00002740: 03d1 6388 b3f5 c06f 0dd0 2048 fdf7 2afe  ..c....o.. H..*.
00002750: 1f48 fdf7 bbfe 1f48 fdf7 24fe 2046 fff7  .H.....H..$. F..
00002760: 1bfc 0020 e3e7 1c48 fdf7 1cfe 1b48 fdf7  ... ...H.....H..
00002770: adfe 1848 fdf7 16fe 0020 d8e7 fff7 46fb  ...H..... ....F.
00002780: 0028 01db 0120 d2e7 1048 fdf7 0bfe 1448  .(... ...H.....H
00002790: fdf7 9cfe 0f48 fdf7 05fe 2046 fff7 fcfb  .....H.... F....
000027a0: 0020 c4e7 fff7 a2fc 0028 01db 0120 bee7  . .......(... ..
000027b0: 0648 fdf7 f7fd 0b48 fdf7 88fe 0548 fdf7  .H.....H.....H..
000027c0: f1fd 2046 fff7 e8fb 0020 b0e7 f85d 0008  .. F..... ...]..
000027d0: 245f 0008 505d 0008 005f 0008 105f 0008  $_..P]..._..._..
000027e0: 3c5f 0008 545f 0008 10b5 0246 2d4c 2346  <_..T_.....F-L#F
000027f0: 0068 5168 03c3 e288 b2f5 807f 03d9 94f9  .hQh............
00002800: 0030 002b 2dda 274b 03f1 2801 9960 da60  .0.+-.'K..(..`.`
00002810: 1a61 0021 1975 1ab1 93f9 0030 8b42 2dda  .a.!.u.....0.B-.
00002820: 2048 00f1 1002 00f1 0801 fff7 75ff 50b3   H..........u.P.
00002830: 1c4b da88 1969 8a42 28bf 0a46 da60 b2f5  .K...i.B(..F.`..
00002840: 807f 24d8 174c a168 8020 00f0 d3fa e288  ..$..L.h. ......
00002850: 2369 9a42 24d9 13f0 3f0f 21d1 0122 2275  #i.B$...?.!..""u
00002860: 1ee0 1148 fdf7 9efd 1048 fdf7 2ffe 1048  ...H.....H../..H
00002870: fdf7 98fd 8020 00f0 3dfa 11e0 0d49 0020  ..... ..=....I. 
00002880: 00f0 12fb 0ce0 8020 00f0 34fa 08e0 0648  ....... ..4....H
00002890: fdf7 88fd 0548 fdf7 19fe 0548 fdf7 82fd  .....H.....H....
000028a0: 10bd 00bf b800 0020 f85d 0008 6c5f 0008  ....... .]..l_..
000028b0: 505d 0008 e000 0020 09b3 08b5 0846 104b  P]..... .....F.K
000028c0: 9968 0144 9960 da68 121a da60 9ab9 1846  .h.D.`.h...`...F
000028d0: 2833 8360 00f1 1002 00f1 0801 fff7 1cff  (3.`............
000028e0: 28b1 0022 1146 8020 00f0 84fa 06e0 8020  (..".F. ....... 
000028f0: 00f0 00fa 02e0 0020 00f0 d6fa 08bd 7047  ....... ......pG
00002900: b800 0020 10b4 5c1c 6408 00eb 4202 02f5  ... ..\.d...B...
00002910: 8062 07e0 0b78 4878 43ea 0023 22f8 043b  .b...xHxC..#"..;
00002920: 0231 013c 002c f5d1 10bc 7047 10b4 5c08  .1.<.,....pG..\.
00002930: 00eb 4200 00f5 8060 07e0 30f8 042b 0a70  ..B....`..0..+.p
00002940: c2f3 0722 4a70 0231 013c 002c f5d1 13f0  ..."Jp.1.<.,....
00002950: 010f 01d0 0388 0b70 10bc 7047 08b5 fff7  .......p..pG....
00002960: 79f9 0c4b 0122 a3f8 4020 0020 a3f8 4000  y..K."..@ . ..@.
00002970: a3f8 4400 a3f8 5000 4ff4 3f42 a3f8 4020  ..D...P.O.?B..@ 
00002980: b3f8 5820 6fea 4242 6fea 5242 92b2 a3f8  ..X o.BBo.RB....
00002990: 5820 08bd 005c 0040 0246 18b9 034b 8021  X ...\.@.F...K.!
000029a0: a3f8 4c10 024b 1a72 0020 7047 005c 0040  ..L..K.r. pG.\.@
000029b0: 7c05 0020 38b5 0446 0378 13f0 7c0f 0ad1  |.. 8..F.x..|...
000029c0: 4ff0 000c 03f0 7f00 6378 032b 1bd8 dfe8  O.......cx.+....
000029d0: 03f0 1815 0f12 9e48 fdf7 e4fc 2178 9d48  .......H....!x.H
000029e0: fdf7 e0fc 9c48 fdf7 ddfc 4ff0 ff30 2ee1  .....H....O..0..
000029f0: 4ff0 000c 07e0 4ff4 c06c 04e0 4ff4 806c  O.....O..l..O..l
00002a00: 01e0 4ff4 007c 8100 01f1 8041 01f5 b841  ..O..|.....A...A
00002a10: 0a88 92b2 22f4 ec42 22f0 7002 42ea 0c02  ...."..B".p.B...
00002a20: 48f2 800c 42ea 0c02 0a80 0b88 9bb2 23f4  H...B.........#.
00002a30: e043 23f0 7003 0343 43ea 0c03 0b80 94f9  .C#.p..CC.......
00002a40: 0030 002b c0f2 9280 b4f8 02c0 00eb 4003  .0.+..........@.
00002a50: 824a 02eb c303 a3f8 70c0 6278 83f8 7220  .J......p.bx..r 
00002a60: 0122 83f8 7420 b3f8 7630 9c45 29d9 7b4b  ."..t ..v0.E).{K
00002a70: db68 9c44 bcf5 007f 52d8 6588 774a 00eb  .h.D....R.e.wJ..
00002a80: 4003 02eb c303 a3f8 7650 d568 00eb 4003  @.......vP.h..@.
00002a90: 02eb c303 a3f8 7850 714b b3f8 5030 9bb2  ......xPqK..P0..
00002aa0: 03f1 8043 03f5 b843 03eb 0013 d568 25f0  ...C...C.....h%.
00002ab0: 010c 1ffa 8cfc a3f8 08c4 d368 6588 2b44  ...........he.+D
00002ac0: d360 674b b3f8 5030 9bb2 03f1 8043 03f5  .`gK..P0.....C..
00002ad0: b843 03eb 0013 6288 7abb b3f8 0c24 92b2  .C....b.z....$..
00002ae0: 22f4 f842 92b2 a3f8 0c24 b3f8 0c24 6fea  "..B.....$...$o.
00002af0: 4242 6fea 5242 92b2 a3f8 0c24 0b88 13f4  BBo.RB.....$....
00002b00: 804f 00f0 a380 0b88 9bb2 23f4 e043 23f0  .O........#..C#.
00002b10: 7003 43f4 4043 43f0 8003 0b80 0020 96e0  p.C.@CC...... ..
00002b20: 4b48 fdf7 3ffc 2178 4e48 fdf7 3bfc 4a48  KH..?.!xNH..;.JH
00002b30: fdf7 38fc 4ff0 ff30 89e0 3e2a 09d8 5008  ..8.O..0..>*..P.
00002b40: 12f0 010f 00d0 0130 8002 80b2 a3f8 0c04  .......0........
00002b50: d4e7 5009 12f0 1f0f 00d1 0138 6fea c060  ..P........8o..`
00002b60: 6fea 5040 80b2 a3f8 0c04 c7e7 6588 00eb  o.P@........e...
00002b70: 4003 3a4a 02eb c303 1d82 6278 9a74 0122  @.:J......bx.t."
00002b80: 1a75 db8a 9d42 26d9 344b db68 1d44 b5f5  .u...B&.4K.h.D..
00002b90: 007f 41d8 6588 314a 00eb 4003 02eb c303  ..A.e.1J..@.....
00002ba0: dd82 d568 431c 03eb 4303 22f8 3350 2c4b  ...hC...C.".3P,K
00002bb0: b3f8 5030 9bb2 03f1 8043 03f5 b843 03eb  ..P0.....C...C..
00002bc0: 0013 d068 20f0 0100 80b2 a3f8 0004 d368  ...h ..........h
00002bd0: 6088 0344 d360 0b88 13f0 400f 0ad0 0b88  `..D.`....@.....
00002be0: 9bb2 23f4 e043 23f0 7003 43f4 0043 43f0  ..#..C#.p.C..CC.
00002bf0: c003 0b80 6378 012b 1bd0 0b88 9bb2 23f4  ....cx.+......#.
00002c00: e043 23f0 4003 83f0 2003 43f4 0043 43f0  .C#.@... .C..CC.
00002c10: 8003 0b80 0020 1ae0 0d48 fdf7 c3fb 2178  ..... ...H....!x
00002c20: 1048 fdf7 bffb 0c48 fdf7 bcfb 4ff0 ff30  .H.....H....O..0
00002c30: 0de0 0b88 9bb2 23f4 e043 23f0 4003 43f4  ......#..C#.@.C.
00002c40: 0043 43f0 8003 0b80 0020 00e0 0020 38bd  .CC...... ... 8.
00002c50: f85d 0008 885f 0008 505d 0008 7c05 0020  .]..._..P]..|.. 
00002c60: 005c 0040 a05f 0008 00f0 7f03 10f0 800f  .\.@._..........
00002c70: 20d1 9b00 03f1 8043 03f5 b843 1a88 12f4   ......C...C....
00002c80: 804f 0ad0 1a88 92b2 22f4 e042 22f0 7002  .O......"..B".p.
00002c90: 42f4 4042 42f0 8002 1a80 1a88 92b2 22f4  B.@BB.........".
00002ca0: 8042 22f0 7002 42f4 0042 42f0 8002 1a80  .B".p.B..BB.....
00002cb0: 0020 7047 9b00 03f1 8043 03f5 b843 1a88  . pG.....C...C..
00002cc0: 12f0 400f 0ad0 1a88 92b2 22f4 e042 22f0  ..@......."..B".
00002cd0: 7002 42f4 0042 42f0 c002 1a80 1a88 92b2  p.B..BB.........
00002ce0: 22f4 e042 22f0 4002 42f4 0042 42f0 8002  "..B".@.B..BB...
00002cf0: 1a80 dde7 00f0 7f03 10f0 800f 13d1 9b00  ................
00002d00: 03f1 8043 03f5 b843 1a88 92b2 22f4 8042  ...C...C...."..B
00002d10: 22f0 7002 82f4 8052 42f4 0042 42f0 8002  ".p....RB..BB...
00002d20: 1a80 0020 7047 9b00 03f1 8043 03f5 b843  ... pG.....C...C
00002d30: 1a88 92b2 22f4 e042 22f0 4002 82f0 1002  ...."..B".@.....
00002d40: 42f4 0042 42f0 8002 1a80 eae7 00f0 7f03  B..BB...........
00002d50: 10f0 800f 22d1 9b00 03f1 8043 03f5 b843  ...."......C...C
00002d60: 1a88 12f4 804f 0ad0 1a88 92b2 22f4 e042  .....O......"..B
00002d70: 22f0 7002 42f4 4042 42f0 8002 1a80 1a88  ".p.B.@BB.......
00002d80: 92b2 22f4 8042 22f0 7002 82f4 4052 42f4  .."..B".p...@RB.
00002d90: 0042 42f0 8002 1a80 0020 7047 9a00 02f1  .BB...... pG....
00002da0: 8042 02f5 b842 1188 11f0 400f 0ad0 1188  .B...B....@.....
00002db0: 89b2 21f4 e041 21f0 7001 41f4 0041 41f0  ..!..A!.p.A..AA.
00002dc0: c001 1180 03eb 4303 0949 01eb c303 9b7c  ......C..I.....|
00002dd0: 012b e1d0 1388 9bb2 23f4 e043 23f0 4003  .+......#..C#.@.
00002de0: 83f0 2003 43f4 0043 43f0 8003 1380 d3e7  .. .C..CC.......
00002df0: 7c05 0020 2de9 f041 00f0 7f04 0f46 0029  |.. -..A.....F.)
00002e00: 45d0 04eb 4403 2648 00eb c303 1b7d 002b  E...D.&H.....}.+
00002e10: 42d0 0146 631c 03eb 4300 01eb c000 4760  B..Fc...C.....G`
00002e20: 04eb 4400 01eb c000 0262 0025 4562 068a  ..D......b.%Eb..
00002e30: b242 28bf 3246 96b2 03eb 4302 dff8 6480  .B(.2F....C...d.
00002e40: 3346 31f8 3220 3946 4046 fff7 5bfd b8f8  3F1.2 9F@F..[...
00002e50: 5030 9bb2 03f1 8043 03f5 b843 03eb 0413  P0.....C...C....
00002e60: a3f8 0464 a400 04f1 8044 04f5 b844 2388  ...d.....D...D#.
00002e70: 9bb2 23f4 e043 23f0 4003 83f0 3003 43f4  ..#..C#.@...0.C.
00002e80: 0043 43f0 8003 2380 2846 bde8 f081 002a  .CC...#.(F.....*
00002e90: b7d0 4ff0 ff30 f8e7 6ff0 0100 f5e7 00bf  ..O..0..o.......
00002ea0: 7c05 0020 005c 0040 10b4 00f0 7f03 0c46  |.. .\.@.......F
00002eb0: 39b3 03eb 4301 1748 00eb c101 91f8 7410  9...C..H......t.
00002ec0: 21b3 0146 03eb 4300 01eb c000 c467 c0f8  !..F..C......g..
00002ed0: 8020 0146 0020 c1f8 8400 9b00 03f1 8043  . .F. .........C
00002ee0: 03f5 b843 1a88 92b2 22f4 8042 22f0 7002  ...C...."..B".p.
00002ef0: 82f4 4052 42f4 0042 42f0 8002 1a80 10bc  ..@RB..BB.......
00002f00: 7047 002a d5d0 4ff0 ff30 f8e7 6ff0 0100  pG.*..O..0..o...
00002f10: f5e7 00bf 7c05 0020 2de9 f04f 85b0 ba4b  ....|.. -..O...K
00002f20: b3f8 4430 9eb2 13f4 004f 40f0 1781 16f4  ..D0.....O@.....
00002f30: 806f 40f0 e781 16f4 804f 08d0 b24a b2f8  .o@......O...J..
00002f40: 4430 9bb2 23f4 8043 9bb2 a2f8 4430 16f4  D0..#..C....D0..
00002f50: 005f 08d0 ac4a b2f8 4430 9bb2 23f4 0053  ._...J..D0..#..S
00002f60: 9bb2 a2f8 4430 16f4 805f 18d0 a64a b2f8  ....D0..._...J..
00002f70: 4030 9bb2 23f0 0403 9bb2 a2f8 4030 b2f8  @0..#.......@0..
00002f80: 4030 9bb2 23f0 0803 9bb2 a2f8 4030 b2f8  @0..#.......@0..
00002f90: 4430 9bb2 23f4 8053 9bb2 a2f8 4430 16f4  D0..#..S....D0..
00002fa0: 006f 40f0 d081 16f4 007f 08d0 964a b2f8  .o@..........J..
00002fb0: 4430 9bb2 23f4 0073 9bb2 a2f8 4430 16f4  D0..#..s....D0..
00002fc0: 807f 08d0 904a b2f8 4430 9bb2 23f4 8073  .....J..D0..#..s
00002fd0: 9bb2 a2f8 4430 05b0 bde8 f08f a200 02f1  ....D0..........
00002fe0: 8042 02f5 b842 1388 9bb2 23f4 e143 23f0  .B...B....#..C#.
00002ff0: 7003 6fea 4343 6fea 5343 9bb2 1380 824b  p.o.CCo.SC.....K
00003000: b3f8 5020 92b2 02eb c402 804b 1344 5b00  ..P .......K.D[.
00003010: 1d88 c5f3 0905 7e4f 631c 03eb 4301 ca00  ......~Oc...C...
00003020: 3a44 5368 2b44 5360 04eb 4402 d300 3b44  :DSh+DS`..D...;D
00003030: 1a6a 521b 1a62 596a 2944 04eb 4402 d300  .jR..bYj)D..D...
00003040: 3b44 5962 44f0 8000 fff7 4efa fb88 a3b1  ;DYbD.....N.....
00003050: 6f4b 93f9 0030 002b 15da 6d4b 1b7a 002b  oK...0.+..mK.z.+
00003060: 7cd0 002d 7ad1 6a4a 137a 43f0 8003 6649  |..-z.jJ.zC...fI
00003070: a1f8 4c30 0023 1372 70e0 0022 1146 1046  ..L0.#.rp..".F.F
00003080: fff7 12ff e9e7 0022 1146 1046 fff7 0cff  .......".F.F....
00003090: e3e7 1a88 22f0 7002 1205 120d 42f0 8002  ....".p.....B...
000030a0: 1a80 5948 b0f8 5020 92b2 02eb c402 594b  ..YH..P ......YK
000030b0: 1344 5b00 564d 04eb 4404 e200 2a44 1b78  .D[.VM..D...*D.x
000030c0: b2f8 7820 2946 fff7 31fc 2846 fff7 8cfb  ..x )F..1.(F....
000030d0: 44e0 a500 05f1 8045 05f5 b845 2b88 1ffa  D......E...E+...
000030e0: 83f8 13f4 004f 40f0 9780 18f0 800f 35d0  .....O@.......5.
000030f0: 2b88 9bb2 23f4 e143 23f0 7003 6fea 4343  +...#..C#.p.o.CC
00003100: 6fea 5343 9bb2 2b80 3f4b b3f8 5020 92b2  o.SC..+.?K..P ..
00003110: 02eb c402 3d4b 1344 5b00 1a88 c2f3 0902  ....=K.D[.......
00003120: 3b4b 601c 00eb 4007 f900 1944 4f68 1744  ;K`...@....DOh.D
00003130: 00eb 4000 c100 1944 4f60 04eb 4400 c100  ..@....DO`..D...
00003140: 0b44 186a 801a 1862 596a 1144 5962 0028  .D.j...bYj.DYb.(
00003150: 40f0 a880 44f0 8000 fff7 c6f9 2a4b b3f8  @...D.......*K..
00003160: 4430 13f4 004f 3ff4 e2ae 274b b3f8 4440  D0...O?...'K..D@
00003170: a6b2 14f0 0f04 acd1 16f0 100f 3ff4 2eaf  ............?...
00003180: a300 03f1 8043 03f5 b843 1a88 91b2 12f4  .....C...C......
00003190: 006f 7ff4 7eaf 11f4 004f dfd0 1a88 22f0  .o..~....O....".
000031a0: 7002 1205 120d 42f0 8002 1a80 1648 b0f8  p.....B......H..
000031b0: 5020 92b2 02eb c402 164b 1344 5b00 1f78  P .......K.D[..x
000031c0: dff8 4c80 04eb 4403 dd00 4544 3b46 b5f8  ..L...D...ED;F..
000031d0: 7820 e96f fff7 aafb eb6f 3b44 eb67 d5f8  x .o.....o;D.g..
000031e0: 8030 db1b c5f8 8030 d5f8 8410 3944 c5f8  .0.....0....9D..
000031f0: 8410 2046 fff7 88f9 002f afd1 0022 1146  .. F...../...".F
00003200: 1046 fff7 51fe a9e7 005c 0040 0230 0020  .F..Q....\.@.0. 
00003210: 7c05 0020 0630 0020 2b88 23f0 7003 1b05  |.. .0. +.#.p...
00003220: 1b0d 43f0 8003 2b80 7348 b0f8 5020 92b2  ..C...+.sH..P ..
00003230: 02eb c402 714b 1344 5b00 93f8 00a0 1ffa  ....qK.D[.......
00003240: 8afb dff8 bc91 04eb 4403 df00 4f44 5b46  ........D...OD[F
00003250: b7f8 7820 f96f fff7 69fb fb6f 5344 fb67  ..x .o..i..oSD.g
00003260: d7f8 8020 a2eb 0a02 c7f8 8020 d7f8 8410  ... ....... ....
00003270: 5144 c7f8 8410 b7f8 7030 9b45 00d3 1ab9  QD......p0.E....
00003280: 2046 fff7 41f9 30e7 2b88 9bb2 23f4 8043   F..A.0.+...#..C
00003290: 23f0 7003 83f4 4053 43f4 0043 43f0 8003  #.p...@SC..CC...
000032a0: 2b80 22e7 564a 04eb 4401 cb00 1344 1b8a  +.".VJ..D....D..
000032b0: 9842 28bf 1846 1ffa 80f8 631c 03eb 4303  .B(..F....c...C.
000032c0: d900 dff8 3491 4346 525a 3946 4846 fff7  ....4.CFRZ9FHF..
000032d0: 19fb b9f8 5030 9bb2 03f1 8043 03f5 b843  ....P0.....C...C
000032e0: 03eb 0413 a3f8 0484 2b88 9bb2 23f4 e043  ........+...#..C
000032f0: 23f0 4003 83f0 3003 43f4 0043 43f0 8003  #.@...0.C..CC...
00003300: 2b80 2be7 3e4c d022 0021 2046 fcf7 22ff  +.+.>L.".! F..".
00003310: 2023 e360 fff7 64f9 374a 1388 9bb2 23f4   #.`..d.7J....#.
00003320: 8043 23f0 7003 83f4 4053 43f4 0043 43f0  .C#.p...@SC..CC.
00003330: 8003 1380 b2f8 4430 9bb2 23f4 8063 9bb2  ......D0..#..c..
00003340: a2f8 4430 f7e5 0023 072b 0dd8 9a00 02f1  ..D0...#.+......
00003350: 8042 02f5 b842 1188 04aa 02eb 4302 22f8  .B...B......C.".
00003360: 101c 0133 dbb2 efe7 234a b2f8 4030 9bb2  ...3....#J..@0..
00003370: 43f0 0103 a2f8 4030 b2f8 4030 9bb2 23f0  C.....@0..@0..#.
00003380: 0103 9bb2 a2f8 4030 1b4b b3f8 4430 13f4  ......@0.K..D0..
00003390: 806f f9d0 184a b2f8 4430 9bb2 23f4 8063  .o...J..D0..#..c
000033a0: 9bb2 a2f8 4430 0023 072b 0dd8 9a00 02f1  ....D0.#.+......
000033b0: 8042 02f5 b842 04a9 01eb 4301 31f8 101c  .B...B....C.1...
000033c0: 1180 0133 dbb2 efe7 0b4a b2f8 4030 9bb2  ...3.....J..@0..
000033d0: 43f0 0803 a2f8 4030 b2f8 4430 9bb2 23f4  C.....@0..D0..#.
000033e0: 0063 9bb2 a2f8 4430 b2f8 4030 9bb2 43f0  .c....D0..@0..C.
000033f0: 0403 a2f8 4030 d6e5 005c 0040 0630 0020  ....@0...\.@.0. 
00003400: 7c05 0020 024b 0022 1a70 83f8 3120 7047  |.. .K.".p..1 pG
00003410: c802 0020 c0f3 0742 044b 83f8 3320 c0f3  ... ...B.K..3 ..
00003420: 0722 83f8 3420 83f8 3500 7047 c802 0020  ."..4 ..5.pG... 
00003430: 08b5 074b db68 23b9 0023 0360 0b60 0120  ...K.h#..#.`.`. 
00003440: 08bd 4ff4 a420 fff7 e5ff 0020 f8e7 00bf  ..O.. ..... ....
00003450: c802 0020 08b5 0d4b db68 63b9 0b4b db7d  ... ...K.hc..K.}
00003460: 03f0 0303 012b 01d0 022b 0ad0 0023 0360  .....+...+...#.`
00003470: 0b60 0120 08bd 4ff4 a420 fff7 cbff 0020  .`. ..O.. ..... 
00003480: f8e7 024b 0122 83f8 3220 efe7 c802 0020  ...K."..2 ..... 
00003490: 08b5 074b db68 23b9 0023 0360 0b60 0120  ...K.h#..#.`.`. 
000034a0: 08bd 4ff4 a420 fff7 b5ff 0020 f8e7 00bf  ..O.. ..... ....
000034b0: c802 0020 10b5 84b0 1d4b db68 8bb3 8c46  ... .....K.h...F
000034c0: 0023 8df8 0430 8df8 0530 8df8 0630 0822  .#...0...0...0."
000034d0: 8df8 0720 164c 626c 110e 8df8 0810 c2f3  ... .Lbl........
000034e0: 0741 8df8 0910 c2f3 0721 8df8 0a10 8df8  .A.......!......
000034f0: 0b20 0222 8df8 0c20 8df8 0d30 b4f8 4030  . ."... ...0..@0
00003500: 1a0a 8df8 0e20 8df8 0f30 0468 01ab 07cb  ..... ...0.h....
00003510: 2060 6160 a260 0c23 ccf8 0030 0120 04b0   `a`.`.#...0. ..
00003520: 10bd 4ff4 a420 fff7 75ff 0020 f7e7 00bf  ..O.. ..u.. ....
00003530: c802 0020 10b5 82b0 184b db68 43b3 8c46  ... .....K.hC..F
00003540: 164c 626c 531e 190e 8df8 0010 c3f3 0741  .LblS..........A
00003550: 8df8 0110 c3f3 0723 8df8 0230 013a 8df8  .......#...0.:..
00003560: 0320 b4f8 4030 0022 8df8 0420 8df8 0520  . ..@0."... ... 
00003570: 1a0a 8df8 0620 8df8 0730 0268 6b46 03cb  ..... ...0.hkF..
00003580: 1060 5160 0823 ccf8 0030 0120 02b0 10bd  .`Q`.#...0. ....
00003590: 4ff4 a420 fff7 3eff 0020 f7e7 c802 0020  O.. ..>.. ..... 
000035a0: 08b5 0128 02d0 0728 03d0 08bd fff7 2aff  ...(...(......*.
000035b0: fbe7 1f22 0249 034b 1878 fff7 75fc f4e7  ...".I.K.x..u...
000035c0: cc02 0020 4c06 0020 4378 fe2b 07d0 10b5  ... L.. Cx.+....
000035d0: 0446 ff2b 0cd1 fff7 15ff 0020 10bd 0b68  .F.+....... ...h
000035e0: 0a49 91f8 3610 1970 0123 1360 0020 7047  .I..6..p.#.`. pG
000035f0: 0748 fcf7 d7fe 6178 0648 fcf7 d3fe 0648  .H....ax.H.....H
00003600: fcf7 d0fe 4ff0 ff30 e8e7 00bf c802 0020  ....O..0....... 
00003610: 005f 0008 b85f 0008 505d 0008 10b5 224b  ._..._..P]...."K
00003620: 93f9 1030 002b 1fdb 1f4b dc68 e4b1 1e49  ...0.+...K.h...I
00003630: 4a7d 8b7d 1b04 43ea 0263 ca7d 43ea 0223  J}.}..C..c.}C..#
00003640: 0a7e 1343 8b63 8a7e c87e 40ea 0220 c863  .~.C.c.~.~@.. .c
00003650: b1f8 4020 00fb 02f2 0344 496c 8b42 09d8  ..@ .....DIl.B..
00003660: 9442 12d0 0020 04e0 4ff4 a420 fff7 d2fe  .B... ..O.. ....
00003670: 0020 10bd 0d48 fcf7 95fe 0d48 fcf7 26ff  . ...H.....H..&.
00003680: 0c48 fcf7 8ffe 0020 f3e7 0124 0649 01f8  .H..... ...$.I..
00003690: 484b b2f5 007f 28bf 4ff4 0072 064b 1878  HK....(.O..r.K.x
000036a0: fff7 02fc 2046 e4e7 c802 0020 f85d 0008  .... F..... .]..
000036b0: e05f 0008 505d 0008 4c06 0020 10b5 254b  ._..P]..L.. ..%K
000036c0: 93f9 1030 002b 25db 224b dc68 14b3 2149  ...0.+%."K.h..!I
000036d0: 4a7d 8b7d 1b04 43ea 0263 ca7d 43ea 0223  J}.}..C..c.}C..#
000036e0: 0a7e 1343 8b63 4a7e 887e 0004 40ea 0260  .~.C.cJ~.~..@..`
000036f0: ca7e 40ea 0220 0a7f 1043 c863 b1f8 4020  .~@.. ...C.c..@ 
00003700: 00fb 02f2 0344 496c 8b42 09d8 9442 12d0  .....DIl.B...B..
00003710: 0020 04e0 4ff4 a420 fff7 7cfe 0020 10bd  . ..O.. ..|.. ..
00003720: 0d48 fcf7 3ffe 0d48 fcf7 d0fe 0c48 fcf7  .H..?..H.....H..
00003730: 39fe 0020 f3e7 0124 0649 01f8 484b b2f5  9.. ...$.I..HK..
00003740: 007f 28bf 4ff4 0072 064b 1878 fff7 acfb  ..(.O..r.K.x....
00003750: 2046 e4e7 c802 0020 f85d 0008 e05f 0008   F..... .]..._..
00003760: 505d 0008 4c06 0020 70b5 86b0 174b db68  P]..L.. p....K.h
00003770: 33b3 8646 0e46 154b dd7d 112d 00d9 1225  3..F.F.K.}.-...%
00003780: 0df1 040c 124c 0fcc ace8 0f00 2368 acf8  .....L......#h..
00003790: 0030 0e4b 93f8 3320 8df8 0620 93f8 3420  .0.K..3 ... ..4 
000037a0: 8df8 1020 93f8 3530 8df8 1130 2a46 01a9  ... ..50...0*F..
000037b0: def8 0000 fcf7 68fd 3560 0120 06b0 70bd  ......h.5`. ..p.
000037c0: 4ff4 a420 fff7 26fe 0020 f7e7 c802 0020  O.. ..&.. ..... 
000037d0: 5c5c 0008 70b5 8eb0 0546 0c46 2a4b 03f1  \\..p....F.F*K..
000037e0: 1402 92e8 0300 0c90 adf8 3410 0aaa 03f1  ..........4.....
000037f0: 1c01 03c9 82e8 0300 0df1 040e 03f1 240c  ..............$.
00003800: bce8 0f00 aee8 0f00 bce8 0f00 aee8 0f00  ................
00003810: dcf8 0030 cef8 0030 1c4b 0993 1c4b db68  ...0...0.K...K.h
00003820: 7bb1 1b4b 1b7d 13f0 010f 1ed0 184b 5b7d  {..K.}.......K[}
00003830: 6bb9 2b68 0c98 1860 bdf8 3420 9a80 0626  k.+h...`..4 ...&
00003840: 1de0 4ff4 a420 fff7 e5fd 0020 19e0 802b  ..O.. ..... ...+
00003850: 06d1 2a68 0aab 03cb 1060 5160 0826 0ee0  ..*h.....`Q`.&..
00003860: 0c48 fff7 d7fd 0020 0be0 094b de7d 232e  .H..... ...K.}#.
00003870: 00d9 2426 3246 01a9 2868 fcf7 05fd 2660  ..$&2F..(h....&`
00003880: 0120 0eb0 70bd 00bf 5c5c 0008 302e 3031  . ..p...\\..0.01
00003890: c802 0020 0024 0500 30b5 83b0 104b db68  ... .$..0....K.h
000038a0: bbb1 0d46 0e4b dc7d 032c 00d9 0424 0323  ...F.K.}.,...$.#
000038b0: 0193 0b4b 93f8 3130 13b1 8023 8df8 0630  ...K..10...#...0
000038c0: 2246 01a9 0068 fcf7 dffc 2c60 0120 03b0  "F...h....,`. ..
000038d0: 30bd 4ff4 a420 fff7 9dfd 0020 f7e7 00bf  0.O.. ..... ....
000038e0: c802 0020 70b5 88b0 144b db68 fbb1 8646  ... p....K.h...F
000038f0: 0e46 124b dd7e 1a2d 00d9 1b25 0df1 040c  .F.K.~.-...%....
00003900: 0f4c 0fcc ace8 0f00 94e8 0700 ace8 0300  .L..............
00003910: 2cf8 022b 120c 8cf8 0020 2a46 01a9 def8  ,..+..... *F....
00003920: 0000 fcf7 b1fc 3560 0120 08b0 70bd 4ff4  ......5`. ..p.O.
00003930: a420 fff7 6ffd 0020 f7e7 00bf c802 0020  . ..o.. ....... 
00003940: a45c 0008 38b5 194b dc6b b3f8 4020 02fb  .\..8..K.k..@ ..
00003950: 04f4 b4f5 007f 28bf 4ff4 0074 2246 03f1  ......(.O..t"F..
00003960: 4801 986b 00f0 d4fd c8b9 104d 2246 05f1  H..k.......M"F..
00003970: 4801 0f4b 187a fff7 3dfa b5f8 4030 b4fb  H..K.z..=...@0..
00003980: f3f2 ab6b 1344 ab63 eb6b 9b1a eb63 ea6a  ...k.D.c.k...c.j
00003990: 121b ea62 43b9 0322 2a70 0120 03e0 0548  ...bC.."*p. ...H
000039a0: fff7 38fd 0020 38bd 0120 fce7 c802 0020  ..8.. 8.. ..... 
000039b0: 4c06 0020 0011 0400 08b5 254b 93f9 1030  L.. ......%K...0
000039c0: 002b 2ada 224b d868 38b3 214a 517d 937d  .+*."K.h8.!JQ}.}
000039d0: 1b04 43ea 0163 d17d 43ea 0123 117e 0b43  ..C..c.}C..#.~.C
000039e0: 9363 92f8 1ac0 d17e 41ea 0c21 d163 0b44  .c.....~A..!.c.D
000039f0: 526c 9342 17d8 164b b3f8 4030 03fb 01f1  Rl.B...K..@0....
00003a00: 8842 1ed0 1348 fcf7 cdfc 1348 fcf7 5efd  .B...H.....H..^.
00003a10: 1248 fcf7 c7fc 0020 04e0 4ff4 a420 fff7  .H..... ..O.. ..
00003a20: f9fc 0020 08bd 0e48 fff7 f4fc 0948 fcf7  ... ...H.....H..
00003a30: b9fc 0c48 fcf7 4afd 0848 fcf7 b3fc 0020  ...H..J..H..... 
00003a40: f0e7 034b 0222 1a70 fff7 7cff eae7 00bf  ...K.".p..|.....
00003a50: c802 0020 f85d 0008 f45f 0008 505d 0008  ... .]..._..P]..
00003a60: 0021 0500 e05f 0008 08b5 294b 93f9 1030  .!..._....)K...0
00003a70: 002b 33da 264b d868 80b3 2549 4b7d 8a7d  .+3.&K.h..%IK}.}
00003a80: 1204 42ea 0362 cb7d 42ea 0322 0b7e 1a43  ..B..b.}B..".~.C
00003a90: 8a63 91f8 19c0 8b7e 1b04 43ea 0c63 91f8  .c.....~..C..c..
00003aa0: 1bc0 43ea 0c23 91f8 1cc0 43ea 0c03 cb63  ..C..#....C....c
00003ab0: 1a44 496c 8a42 17d8 154a b2f8 4020 02fb  .DIl.B...J..@ ..
00003ac0: 03f3 9842 1ed0 1348 fcf7 6cfc 1248 fcf7  ...B...H..l..H..
00003ad0: fdfc 1248 fcf7 66fc 0020 04e0 4ff4 a420  ...H..f.. ..O.. 
00003ae0: fff7 98fc 0020 08bd 0d48 fff7 93fc 0948  ..... ...H.....H
00003af0: fcf7 58fc 0b48 fcf7 e9fc 0848 fcf7 52fc  ..X..H.....H..R.
00003b00: 0020 f0e7 024b 0222 1a70 fff7 1bff eae7  . ...K.".p......
00003b10: c802 0020 f85d 0008 f45f 0008 505d 0008  ... .]..._..P]..
00003b20: 0021 0500 e05f 0008 38b5 0a4d ec68 a142  .!..._..8..M.h.B
00003b30: 28bf 2146 0323 2b70 ccb2 2246 0146 064b  (.!F.#+p.."F.F.K
00003b40: 187a fff7 57f9 eb6a 1b1b eb62 0023 85f8  .z..W..j...b.#..
00003b50: 3030 38bd c802 0020 4c06 0020 08b5 0749  008.... L.. ...I
00003b60: 074b 4b62 81f8 3000 0423 01f8 243b 0d22  .KKb..0..#..$;."
00003b70: 044b 187a fff7 3ef9 08bd 00bf c802 0020  .K.z..>........ 
00003b80: 5553 4253 4c06 0020 10b5 82b0 6e4b 0193  USBSL.. ....nK..
00003b90: 0023 0093 1f28 49d1 6c4b 9a68 9a62 da68  .#...(I.lK.h.b.h
00003ba0: da62 5b7c 012b 50d8 684b 5a68 684b 9a42  .b[|.+P.hKZhhK.B
00003bb0: 4bd1 664b 9b7c 002b 47d0 102b 45d8 634b  K.fK.|.+G..+E.cK
00003bc0: db7c 5a2b 49d8 5a2b 00f2 a680 dfe8 03f0  .|Z+I.Z+........
00003bd0: 4fa4 a462 a4a4 a4a4 a4a4 a4a4 a4a4 a4a4  O..b............
00003be0: a4a4 68a4 a4a4 a4a4 a4a4 7a6e a4a4 74a4  ..h.......zn..t.
00003bf0: a4a4 a486 a48c a4a4 92a4 9ea4 a4a4 a4b9  ................
00003c00: a4a4 a4a4 a4a4 a4a4 a4a4 a4a4 a4a4 a4a4  ................
00003c10: a4a4 a4a4 a4a4 a4a4 a4a4 a4a4 a4a4 a4a4  ................
00003c20: a4a4 a4a4 a4a4 a4a4 a4a4 8000 4948 fcf7  ............IH..
00003c30: b9fb 4948 fcf7 4afc 4848 fcf7 b3fb 4ff4  ..IH..J.HH....O.
00003c40: a420 fff7 e7fb 0024 04e0 4ff4 a420 fff7  . .....$..O.. ..
00003c50: e1fb 0024 2046 02b0 10bd a82b 50d0 aa2b  ...$ F.....+P..+
00003c60: 5ad1 0021 0846 fff7 29fd 0446 04e0 6946  Z..!.F..)..F..iF
00003c70: 01a8 fff7 ddfb 0446 002c ebd0 334b 1b78  .......F.,..3K.x
00003c80: 002b e7d1 0099 0029 57d0 c9b2 0198 fff7  .+.....)W.......
00003c90: 4bff dfe7 6946 01a8 fff7 66fd 0446 ebe7  K...iF....f..F..
00003ca0: 6946 01a8 fff7 96fd 0446 e5e7 6946 01a8  iF.......F..iF..
00003cb0: fff7 d0fb 0446 dfe7 6946 01a8 fff7 e8fb  .....F..iF......
00003cc0: 0446 d9e7 6946 01a8 fff7 e6fd 0446 d3e7  .F..iF.......F..
00003cd0: 6946 01a8 fff7 06fe 0446 cde7 6946 01a8  iF.......F..iF..
00003ce0: fff7 e8fb 0446 c7e7 6946 01a8 fff7 22fc  .....F..iF....".
00003cf0: 0446 c1e7 0021 0846 fff7 5efe 0446 bbe7  .F...!.F..^..F..
00003d00: 0021 0846 fff7 b0fe 0446 b5e7 0021 0846  .!.F.....F...!.F
00003d10: fff7 84fc 0446 afe7 4ff4 a420 fff7 7afb  .....F..O.. ..z.
00003d20: 0f48 fcf7 3ffb 094b d97c 0e48 fcf7 3afb  .H..?..K.|.H..:.
00003d30: 0a48 fcf7 37fb 0024 8ce7 0020 fff7 0eff  .H..7..$... ....
00003d40: 88e7 0024 86e7 00bf 1003 0020 c802 0020  ...$....... ... 
00003d50: 5553 4243 f85d 0008 2460 0008 505d 0008  USBC.]..$`..P]..
00003d60: 005f 0008 3c60 0008 08b5 124b 1b78 032b  ._..<`.....K.x.+
00003d70: 12d0 042b 14d0 022b 00d0 08bd 0d4b db7c  ...+...+.....K.|
00003d80: 282b 01d0 a82b f8d1 fff7 dcfd 0028 f4d1  (+...+.......(..
00003d90: 0120 fff7 e3fe f0e7 0020 fff7 dffe ece7  . ....... ......
00003da0: 0449 0023 01f8 043b 1f22 034b 1878 fff7  .I.#...;.".K.x..
00003db0: 7bf8 e2e7 c802 0020 4c06 0020 10b5 0a4b  {...... L.. ...K
00003dc0: 1b7c 13b9 084b db68 4bb9 084c 207a fef7  .|...K.hK..L z..
00003dd0: 91ff 1f22 0649 2078 fff7 66f8 10bd 034b  ...".I x..f....K
00003de0: 1878 fef7 87ff f0e7 c802 0020 4c06 0020  .x......... L.. 
00003df0: cc02 0020 10b5 0446 174b 0246 03f1 4801  ... ...F.K.F..H.
00003e00: 986b 00f0 91fb 98b9 134b b3f8 40c0 b4fb  .k.......K..@...
00003e10: fcf0 996b 0144 9963 da6b 121a da63 d86a  ...k.D.c.k...c.j
00003e20: 001b d862 4ab9 0020 fff7 98fe 0120 10bd  ...bJ.. ..... ..
00003e30: 0a48 fff7 effa 0020 f9e7 02fb 0cf2 b2f5  .H..... ........
00003e40: 007f 28bf 4ff4 0072 0549 064b 1878 fff7  ..(.O..r.I.K.x..
00003e50: 2bf8 0120 ebe7 00bf c802 0020 0003 0400  +.. ....... ....
00003e60: 1003 0020 4c06 0020 08b5 144b 1b78 13b1  ... L.. ...K.x..
00003e70: 012b 13d0 08bd 0846 fff7 86fe 0028 f9d1  .+.....F.....(..
00003e80: 0f48 fcf7 8ffa 0d4b d97c 0e48 fcf7 8afa  .H.....K.|.H....
00003e90: 0d48 fcf7 87fa fff7 91ff ebe7 074b db7c  .H...........K.|
00003ea0: 2a2b 01d0 aa2b e5d1 0846 fff7 a3ff 0028  *+...+...F.....(
00003eb0: e0d1 0120 fff7 52fe dce7 00bf c802 0020  ... ..R........ 
00003ec0: f85d 0008 5860 0008 505d 0008 70b5 0446  .]..X`..P]..p..F
00003ed0: 1a4b 0360 0026 4660 8660 194b c360 194d  .K.`.&F`.`.K.`.M
00003ee0: 2970 194b 6b60 2a72 184b eb60 2846 fef7  )p.Kk`*r.K.`(F..
00003ef0: 45fb 05f1 0800 fef7 41fb 154d 4ff4 1272  E.......A..MO..r
00003f00: 3146 2846 fcf7 26f9 05f1 4002 05f1 4401  1F(F..&...@...D.
00003f10: 3046 00f0 f5fa b5f8 4030 b3f5 007f 01d8  0F......@0......
00003f20: 2046 70bd 0b48 fcf7 3dfa 0b48 fcf7 cefa   Fp..H..=..H....
00003f30: 0a48 fcf7 37fa 3446 f2e7 00bf c935 0008  .H..7.4F.....5..
00003f40: a135 0008 4c06 0020 693e 0008 693d 0008  .5..L.. i>..i=..
00003f50: c802 0020 f85d 0008 7460 0008 505d 0008  ... .]..t`..P]..
00003f60: 1a4b 1b78 002b 2ed0 10b5 194b 1b78 abb1  .K.x.+.....K.x..
00003f70: 174b 1b78 2bb3 174b 0022 1a60 164c 2368  .K.x+..K.".`.L#h
00003f80: 0133 2360 0120 00f0 30fb 2368 322b 18d9  .3#`. ..0.#h2+..
00003f90: 0023 2360 0d4a 1370 0120 13e0 0e4b 0022  .##`.J.p. ...K."
00003fa0: 1a60 0c4c 2368 0133 2360 0120 00f0 1dfb  .`.L#h.3#`. ....
00003fb0: 2368 322b 05d9 0023 2360 044a 1370 0120  #h2+...##`.J.p. 
00003fc0: 00e0 0220 10bd 0320 7047 00bf 5c06 0020  ... ... pG..\.. 
00003fd0: 5d06 0020 6006 0020 6406 0020 10b5 464b  ].. `.. d.. ..FK
00003fe0: 1b68 464a 9342 13d0 454a 9342 17d0 00f0  .hFJ.B..EJ.B....
00003ff0: b1fb 00f0 11fc 0028 52d1 0020 00f0 56fb  .......(R.. ..V.
00004000: 0028 53d0 3c4b 3d4a 1a60 00f0 01fb fee7  .(S.<K=J.`......
00004010: 394b 3c4a 1a60 3c48 00f0 ecfa fee7 364b  9K<J.`<H......6K
00004020: 384a 1a60 00f0 96fb 00f0 8ffb 0024 fef7  8J.`.........$..
00004030: c7fa a8b9 0120 00f0 d8fa 0134 a4b2 4ef6  ..... .....4..N.
00004040: 6023 9c42 f3d9 2c4b 2e4a 1a60 0a20 00f0  `#.B..,K.J.`. ..
00004050: ccfa 00f0 ddfa e9e7 0020 00f0 27fb c8b9  ......... ..'...
00004060: fff7 7eff 0128 f7d0 0228 f9d0 0328 f7d1  ..~..(...(...(..
00004070: 0120 00f0 bafa 0134 a4b2 4ef6 6023 9c42  . .....4..N.`#.B
00004080: eed9 0024 1c4b 1c60 0a20 00f0 aefa 00f0  ...$.K.`. ......
00004090: bffa e5e7 184b 194a 1a60 00f0 b9fa fee7  .....K.J.`......
000040a0: 154b 174a 1a60 00f0 b3fa a6e7 00f0 52fb  .K.J.`........R.
000040b0: 00f0 4bfb 0024 fef7 83fa 70b9 0120 00f0  ..K..$....p.. ..
000040c0: 94fa 0134 a4b2 4ef6 6023 9c42 f3d9 0a20  ...4..N.`#.B... 
000040d0: 00f0 8bfa 00f0 9cfa ece7 fff7 41ff 0128  ............A..(
000040e0: fbd1 0020 00f0 e2fa 0028 f6d0 024b 034a  ... .....(...K.J
000040f0: 1a60 00f0 8dfa fee7 004c 0020 20a5 03c9  .`.......L.  ...
00004100: 34b1 20c2 efbe adde 0070 0008 0023 4ff0  4. ......p...#O.
00004110: 020c 022b 27d8 00b5 12e0 0020 0244 92b2  ...+'...... .D..
00004120: 6244 1ffa 82fc 0cf1 ff3e 01eb 4101 c800  bD.......>..A...
00004130: 0d4a 0244 a2f8 16e0 0133 9bb2 022b 10d8  .J.D.....3...+..
00004140: 1946 03eb 4300 c200 0748 1044 a0f8 14c0  .F..C....H.D....
00004150: 0069 c0f3 4f22 c0f3 0800 0028 ddd0 0120  .i..O".....(... 
00004160: dce7 5df8 04fb 7047 6400 0020 0146 4ff6  ..]...pGd.. .FO.
00004170: ef73 9842 16d8 0020 00e0 0130 0228 0fd8  .s.B... ...0.(..
00004180: 00eb 4003 084a 02eb c303 9b8a 8b42 f4d8  ..@..J.......B..
00004190: 00eb 4003 02eb c303 db8a 8b42 edd3 02e0  ..@........B....
000041a0: 0220 7047 0220 7047 6400 0020 08b5 00f0  . pG. pGd.. ....
000041b0: f5f9 044b 1860 000a 4002 034b 1864 fff7  ...K.`..@..K.d..
000041c0: a5ff 08bd 6806 0020 6400 0020 0023 9342  ....h.. d.. .#.B
000041d0: 0fda 10b4 05e0 2024 0470 0130 0133 9342  ...... $.p.0.3.B
000041e0: 05da 0c78 002c f6d0 0131 0470 f5e7 10bc  ...x.,...1.p....
000041f0: 7047 7047 2de9 f041 0546 0c46 4ff4 0072  pGpG-..A.F.FO..r
00004200: 0021 2046 fbf7 a6ff e5b9 784e 2546 06f1  .! F......xN%F..
00004210: 3007 b446 bce8 0f00 2860 6960 aa60 eb60  0..F....(`i`.`.`
00004220: 6646 1035 bc45 f4d1 07ce 2860 6960 aa60  fF.5.E....(`i`.`
00004230: 3388 ab81 5523 84f8 fe31 aa23 84f8 ff31  3...U#...1.#...1
00004240: bde8 f081 b5f5 017f 37d8 6e1e b6f5 817f  ........7.n.....
00004250: 01d3 a5f2 0316 3102 654b b3f8 4600 0130  ......1.eK..F..0
00004260: 0023 04e0 0132 24f8 1320 0133 9bb2 ff2b  .#...2$.. .3...+
00004270: 06d8 5a18 9042 f5d8 0022 24f8 1320 f4e7  ..Z..B..."$.. ..
00004280: 36b9 f823 2370 ff23 6370 4ff6 ff73 6380  6..##p.#cpO..sc.
00004290: 0023 00e0 0133 022b d2d8 03eb 4302 5448  .#...3.+....C.TH
000042a0: 00eb c202 d28a 9142 f4d8 521a ff2a f1d8  .......B..R..*..
000042b0: 4ff6 ff70 24f8 1200 ece7 b5f5 027f 44d8  O..p$.........D.
000042c0: a5f2 0525 1db1 2d01 013d 1027 10e0 0b22  ...%..-..=.'..."
000042d0: 4849 2046 fff7 7aff 2823 e372 2034 0f27  HI F..z.(#.r 4.'
000042e0: 06e0 454b 1b68 1b0a 5b02 e361 0135 2034  ..EK.h..[..a.5 4
000042f0: 002f a5d0 022d a3d8 05eb 4506 3c4b 03eb  ./...-....E.<K..
00004300: c606 b6f8 1480 0b22 3146 2046 fff7 5eff  ......."1F F..^.
00004310: 0023 6373 4020 a073 6ff0 4901 e173 6ff0  .#cs@ .so.I..so.
00004320: 3102 2274 5823 6374 a274 e374 4fea 184c  1."tX#ct.t.tO..L
00004330: a4f8 14c0 a075 e175 2276 6376 a4f8 1a80  .....u.u"vcv....
00004340: f368 002b cdd0 3369 cfe7 2c4b 9d42 3ff6  .h.+..3i..,K.B?.
00004350: 77af a5f2 0926 a5f2 0720 fff7 07ff 00eb  w....&... ......
00004360: 4002 234b 03eb c203 9b8a f31a 0233 0228  @.#K.........3.(
00004370: 18d0 5d02 1146 1e4a 02eb c102 1269 b2eb  ..]..F.J.....i..
00004380: 432f 7ff6 5daf 1a4b 03eb c100 c168 2944  C/..]..K.....h)D
00004390: 521b b2f5 007f 01d9 4ff4 0072 2046 fbf7  R.......O..r F..
000043a0: 73ff 4de7 1802 144a 1268 b2eb 032f 7ff6  s.M....J.h.../..
000043b0: 47af 1349 2160 01f1 1441 01f5 2c11 01f6  G..I!`...A..,...
000043c0: 0231 6160 0f49 c4f8 fc11 6361 120a a261  .1a`.I....ca...a
000043d0: e060 4ff4 8072 2261 4ff4 0053 a360 0a4b  .`O..r"aO..S.`.K
000043e0: e361 04f1 2001 00f0 dcf8 29e7 9060 0008  .a.. .....)..`..
000043f0: 6400 0020 bb60 0008 6806 0020 0801 0100  d.. .`..h.. ....
00004400: 5546 320a 306f b10a 03f1 cdab 38b5 0c46  UF2.0o......8..F
00004410: 1546 0a68 374b 9a42 38d0 0023 002b 5cd0  .F.h7K.B8..#.+\.
00004420: e269 354b 9a42 5bd1 2269 04f1 2001 e068  .i5K.B[."i.. ..h
00004430: 00f0 bcf8 a369 002b 55d0 2a68 9342 08d0  .....i.+U.*h.B..
00004440: 44f2 6301 8b42 01d8 002a 3fd0 4ff0 ff33  D.c..B...*?.O..3
00004450: 2b60 6369 44f2 6302 9342 47d8 03f0 0701  +`ciD.c..BG.....
00004460: 0122 8a40 d0b2 d908 05eb d303 5b7a 1a42  .".@........[z.B
00004470: 05d1 2944 0343 4b72 6b68 0133 6b60 6a68  ..)D.CKrkh.3k`jh
00004480: 2b68 9a42 24d2 4ff4 0070 2ee0 4a68 03f1  +h.B$.O..p..Jh..
00004490: 1443 03f5 2c13 03f6 0233 9a42 01d0 0023  .C..,....3.B...#
000044a0: bce7 d1f8 fc21 154b 9a42 01d0 0023 b5e7  .....!.K.B...#..
000044b0: 8b68 23f4 ff53 23f0 1e03 9b04 9b0c b3f5  .h#..S#.........
000044c0: 005f 01d0 0023 a9e7 0123 a7e7 2b60 c0e7  ._...#...#..+`..
000044d0: 00f0 8af8 4ff4 0070 07e0 4ff0 ff30 04e0  ....O..p..O..0..
000044e0: 4ff0 ff30 01e0 4ff4 0070 38bd 4ff4 0070  O..0..O..p8.O..p
000044f0: fbe7 00bf 5546 320a 03f1 cdab 306f b10a  ....UF2.....0o..
00004500: 024b 0b60 4ff4 0073 1380 7047 0901 0100  .K.`O..s..pG....
00004510: 08b5 044b 9842 01d9 0020 08bd fff7 6afe  ...K.B... ....j.
00004520: fae7 00bf 0801 0100 08b5 0b4b 9842 0cd9  ...........K.B..
00004530: 0a4b 1b68 3bb1 0a4b 0122 1a70 094a 1378  .K.h;..K.".p.J.x
00004540: 83f0 0103 1370 0020 08bd 044a 0020 fff7  .....p. ...J. ..
00004550: 5dff 054b 1870 ebe7 0801 0100 6c06 0020  ]..K.p......l.. 
00004560: 5c06 0020 5d06 0020 a00e 0020 08b5 0648  \.. ].. ... ...H
00004570: fdf7 daff 8122 0221 0448 fff7 a7fc fdf7  .....".!.H......
00004580: edff fef7 27f8 08bd c861 0008 840e 0020  ....'....a..... 
00004590: 08b5 fff7 0bfe fff7 e9ff 08bd 4ff4 8030  ............O..0
000045a0: 7047 08b5 00f0 caf8 08bd 0000 0d4b 9842  pG...........K.B
000045b0: 17d3 70b5 0446 0d46 1646 0146 2846 fbf7  ..p..F.F.F.F(F..
000045c0: 33fe 38b1 c4f3 0903 2bb1 3246 2946 2046  3.8.....+.2F)F F
000045d0: 00f0 a0f8 70bd 4ff4 8061 2046 00f0 88f8  ....p.O..a F....
000045e0: f3e7 7047 0070 0008 7047 08b5 00f0 a8f9  ..pG.p..pG......
000045f0: 08bd 0000 08b5 044b 5a68 0449 8b60 1b68  .......KZh.I.`.h
00004600: 83f3 0888 9047 08bd 0070 0008 00ed 00e0  .....G...p......
00004610: 08b5 214c 2046 00f0 23f9 2046 00f0 2af9  ..!L F..#. F..*.
00004620: 04f5 da34 e369 23f4 0003 e361 1420 00f0  ...4.i#....a. ..
00004630: c7ff 1a48 01f0 c7f9 a369 23f4 8043 a361  ...H.....i#..C.a
00004640: 174d 4ff4 c061 2846 00f0 dcfe 4ff4 c051  .MO..a(F....O..Q
00004650: 2846 00f0 d7fe a369 23f0 0403 a361 a369  (F.....i#....a.i
00004660: 23f0 0803 a361 a369 23f0 1003 a361 a369  #....a.i#....a.i
00004670: 23f0 2003 a361 00f0 8df9 00f0 07f9 bff3  #. ..a..........
00004680: 4f8f 0849 ca68 02f4 e062 074b 1343 cb60  O..I.h...b.K.C.`
00004690: bff3 4f8f 00bf fde7 005c 0040 3805 0020  ..O......\.@8.. 
000046a0: 0008 0140 00ed 00e0 0400 fa05 0e4b 1b68  ...@.........K.h
000046b0: b3f1 005f 0fd3 0c4b 1a68 0c4b 9a42 0cd8  ..._...K.h.K.B..
000046c0: 094b 5a68 9a42 0ad3 5a68 03f5 8033 9a42  .KZh.B..Zh...3.B
000046d0: 07d8 0120 7047 0020 7047 0020 7047 0020  ... pG. pG. pG. 
000046e0: 7047 0020 7047 00bf 0070 0008 0050 0020  pG. pG...p...P. 
000046f0: 10b5 86b0 0446 00f0 cfff 0023 0193 0394  .....F.....#....
00004700: 0123 0493 05a9 01a8 01f0 92f8 00f0 deff  .#..............
00004710: 06b0 10bd f8b5 0746 0e46 1546 00f0 bcff  .......F.F.F....
00004720: 0024 06e0 3259 0023 e119 0220 01f0 0cf8  .$..2Y.#... ....
00004730: 0434 ac42 f6d3 00f0 c9ff f8bd 08b5 0b46  .4.B...........F
00004740: 0146 1846 fbf7 a0fd 08bd 08b5 fff7 20ff  .F.F.......... .
00004750: 08bd 0000 30b5 89b0 2b4b 5b68 13f0 020f  ....0...+K[h....
00004760: 4dd1 00f0 c9f8 fdf7 e9fa 284c a369 43f0  M.........(L.iC.
00004770: 2003 a361 a369 03f0 2003 0193 019b a369   ..a.i.. ......i
00004780: 43f0 0403 a361 a369 03f0 0403 0293 029b  C....a.i........
00004790: fdf7 18fb 1e4d 2846 00f0 62f8 2846 00f0  .....M(F..b.(F..
000047a0: 69f8 e369 23f4 0003 e361 1420 00f0 08ff  i..i#....a. ....
000047b0: 0025 0495 0595 0695 0795 a369 43f0 0403  .%.........iC...
000047c0: a361 a369 03f0 0403 0393 039b a4f5 8434  .a.i...........4
000047d0: 2a46 4ff4 8051 2046 00f0 94fe 4ff4 8053  *FO..Q F....O..S
000047e0: 0493 0123 0593 0695 0223 0793 04a9 2046  ...#.....#.... F
000047f0: 00f0 f6fc 0a20 fff7 f8fe 09b0 30bd 0548  ..... ......0..H
00004800: fff7 f8fe ade7 00bf 0070 0040 0010 0240  .........p.@...@
00004810: 005c 0040 0070 0008 0d4b 1b68 0d4a 9342  .\.@.p...K.h.J.B
00004820: 0dd0 0d4a 9342 0ed0 10b5 094c 0a4b 2360  ...J.B.....L.K#`
00004830: 6420 fff7 dafe 094b 2360 0020 10bd 0020  d .....K#`. ... 
00004840: 034b 1860 7047 024b 0022 1a60 0120 7047  .K.`pG.K.".`. pG
00004850: 004c 0020 ef69 26f0 ef69 16f0 efbe adde  .L. .i&..i......
00004860: b0f8 4030 23f4 7c53 5b04 5b0c a0f8 4030  ..@0#.|S[.[...@0
00004870: 0020 7047 0346 0122 a0f8 4020 0020 a3f8  . pG.F."..@ . ..
00004880: 4400 0322 a3f8 4020 7047 7047 10b5 064b  D.."..@ pGpG...K
00004890: 4ff0 ff32 da60 0024 1c61 da60 dc60 fff7  O..2.`.$.a.`.`..
000048a0: f4ff 2046 10bd 00bf 0010 0240 10b5 0446  .. F.......@...F
000048b0: 0e4b 1878 4ff4 7a73 b3fb f0f3 0c4a 1068  .K.xO.zs.....J.h
000048c0: b0fb f3f0 00f0 8efe 68b9 0f2c 01d9 0120  ........h..,... 
000048d0: 0ae0 0022 2146 4ff0 ff30 00f0 2bfe 054b  ..."!FO..0..+..K
000048e0: 1c60 0020 00e0 0120 10bd 00bf ac00 0020  .`. ... ....... 
000048f0: b400 0020 b000 0020 08b5 074a 1368 43f0  ... ... ...J.hC.
00004900: 1003 1360 0320 00f0 03fe 0f20 fff7 ceff  ...`. ..... ....
00004910: 01f0 12f9 0020 08bd 0020 0240 034a 1168  ..... ... .@.J.h
00004920: 034b 1b78 0b44 1360 7047 00bf a40e 0020  .K.x.D.`pG..... 
00004930: ac00 0020 014b 1868 7047 00bf a40e 0020  ... .K.hpG..... 
00004940: 38b5 0446 fff7 f6ff 0546 b4f1 ff3f 02d0  8..F.....F...?..
00004950: 044b 1b78 1c44 fff7 edff 401b a042 fad3  .K.x.D....@..B..
00004960: 38bd 00bf ac00 0020 82b0 084b 1b68 084a  8...... ...K.h.J
00004970: a2fb 0323 5b0a 00fb 03f3 0193 00bf 019b  ...#[...........
00004980: 5a1e 0192 002b f9d1 02b0 7047 b400 0020  Z....+....pG... 
00004990: d34d 6210 70b5 fff7 cdff 0446 364a 1368  .Mb.p......F6J.h
000049a0: 43f0 0103 1360 344b 1b68 13f0 020f 07d1  C....`4K.h......
000049b0: fff7 c0ff 001b 0228 f5d9 0324 2046 70bd  .......(...$ Fp.
000049c0: 2d4d 2b68 23f0 f803 43f0 8003 2b60 fff7  -M+h#...C...+`..
000049d0: b1ff 0446 0023 6b60 274b 5b68 13f0 0c0f  ...F.#k`'K[h....
000049e0: 08d0 fff7 a7ff 001b 41f2 8833 9842 f3d9  ........A..3.B..
000049f0: 0324 e3e7 214b 224a 1a60 224b 1868 fff7  .$..!K"J.`"K.h..
00004a00: 55ff 0446 08b1 0124 d8e7 fff7 93ff 0546  U..F...$.......F
00004a10: 194a 1368 23f0 8073 1360 174b 1b68 13f0  .J.h#..s.`.K.h..
00004a20: 007f 06d0 fff7 86ff 401b 0228 f5d9 0324  ........@..(...$
00004a30: c4e7 114e 0023 7360 fff7 7cff 0546 3368  ...N.#s`..|..F3h
00004a40: 23f4 1023 3360 0c4b 1b68 13f4 003f 06d0  #..#3`.K.h...?..
00004a50: fff7 70ff 401b 6428 f5d9 0324 aee7 064b  ..p.@.d(...$...K
00004a60: 1a68 22f4 8022 1a60 5a6a 42f0 8072 5a62  .h"..".`ZjB..rZb
00004a70: 0022 9a60 a2e7 00bf 0010 0240 b400 0020  .".`.......@... 
00004a80: 0012 7a00 b000 0020 0028 00f0 f181 70b5  ..z.... .(....p.
00004a90: 82b0 0446 0368 13f0 010f 2cd0 994b 5b68  ...F.h....,..K[h
00004aa0: 03f0 0c03 042b 1dd0 964b 5b68 03f0 0c03  .....+...K[h....
00004ab0: 082b 12d0 6368 b3f5 803f 41d0 002b 55d1  .+..ch...?A..+U.
00004ac0: 03f1 8043 03f5 0433 1a68 22f4 8032 1a60  ...C...3.h"..2.`
00004ad0: 1a68 22f4 8022 1a60 37e0 8a4b 5b68 13f4  .h"..".`7..K[h..
00004ae0: 803f e7d0 874b 1b68 13f4 003f 03d0 6368  .?...K.h...?..ch
00004af0: 002b 00f0 bf81 2368 13f0 020f 75d0 814b  .+....#h....u..K
00004b00: 5b68 13f0 0c0f 5fd0 7e4b 5b68 03f0 0c03  [h...._.~K[h....
00004b10: 082b 54d0 2369 002b 00f0 8a80 7a4b 0122  .+T.#i.+....zK."
00004b20: 1a60 fff7 07ff 0546 764b 1b68 13f0 020f  .`.....FvK.h....
00004b30: 75d1 fff7 fffe 401b 0228 f5d9 0320 9ee1  u.....@..(... ..
00004b40: 704a 1368 43f4 8033 1360 6368 43b3 fff7  pJ.hC..3.`chC...
00004b50: f1fe 0546 6b4b 1b68 13f4 003f cbd1 fff7  ...FkK.h...?....
00004b60: e9fe 401b 6428 f5d9 0320 88e1 b3f5 a02f  ..@.d(... ...../
00004b70: 09d0 644b 1a68 22f4 8032 1a60 1a68 22f4  ..dK.h"..2.`.h".
00004b80: 8022 1a60 e1e7 03f1 8043 a3f5 3c33 1a68  .".`.....C..<3.h
00004b90: 42f4 8022 1a60 1a68 42f4 8032 1a60 d4e7  B..".`.hB..2.`..
00004ba0: fff7 c8fe 0546 574b 1b68 13f4 003f a2d0  .....FWK.h...?..
00004bb0: fff7 c0fe 401b 6428 f5d9 0320 5fe1 514b  ....@.d(... _.QK
00004bc0: 5b68 13f4 803f a5d1 4e4b 1b68 13f0 020f  [h...?..NK.h....
00004bd0: 03d0 2369 012b 40f0 4f81 4a4a 1368 23f0  ..#i.+@.O.JJ.h#.
00004be0: f803 6169 43ea c103 1360 2368 13f0 080f  ..aiC....`#h....
00004bf0: 33d0 a369 002b 5cd0 434b 0122 c3f8 8024  3..i.+\.CK."...$
00004c00: fff7 98fe 0546 3f4b 5b6a 13f0 020f 21d1  .....F?K[j....!.
00004c10: fff7 90fe 401b 0228 f5d9 0320 2fe1 394a  ....@..(... /.9J
00004c20: 1368 23f0 f803 6169 43ea c103 1360 dce7  .h#...aiC....`..
00004c30: 354b 0022 1a60 fff7 7dfe 0546 314b 1b68  5K.".`..}..F1K.h
00004c40: 13f0 020f d1d0 fff7 75fe 401b 0228 f5d9  ........u.@..(..
00004c50: 0320 14e1 0120 fff7 87fe 2368 13f0 040f  . ... ....#h....
00004c60: 00f0 9680 274b db69 13f0 805f 34d1 254b  ....'K.i..._4.%K
00004c70: da69 42f0 8052 da61 db69 03f0 8053 0193  .iB..R.a.i...S..
00004c80: 019b 0125 214b 1b68 13f4 807f 26d0 e368  ...%!K.h....&..h
00004c90: 012b 3dd0 002b 53d1 03f1 8043 03f5 0433  .+=..+S....C...3
00004ca0: 1a6a 22f0 0102 1a62 1a6a 22f0 0402 1a62  .j"....b.j"....b
00004cb0: 33e0 154b 0022 c3f8 8024 fff7 3bfe 0546  3..K."...$..;..F
00004cc0: 104b 5b6a 13f0 020f c7d0 fff7 33fe 401b  .K[j........3.@.
00004cd0: 0228 f5d9 0320 d2e0 0025 d3e7 0b4a 1368  .(... ...%...J.h
00004ce0: 43f4 8073 1360 fff7 25fe 0646 074b 1b68  C..s.`..%..F.K.h
00004cf0: 13f4 807f cbd1 fff7 1dfe 801b 6428 f5d9  ............d(..
00004d00: 0320 bce0 0010 0240 0000 4242 0070 0040  . .....@..BB.p.@
00004d10: 5f4a 136a 43f0 0103 1362 e368 33b3 fff7  _J.jC....b.h3...
00004d20: 09fe 0646 5a4b 1b6a 13f0 020f 2fd1 fff7  ...FZK.j..../...
00004d30: 01fe 801b 41f2 8833 9842 f3d9 0320 9ee0  ....A..3.B... ..
00004d40: 052b 09d0 524b 1a6a 22f0 0102 1a62 1a6a  .+..RK.j"....b.j
00004d50: 22f0 0402 1a62 e0e7 4d4b 1a6a 42f0 0402  "....b..MK.jB...
00004d60: 1a62 1a6a 42f0 0102 1a62 d6e7 fff7 e2fd  .b.jB....b......
00004d70: 0646 474b 1b6a 13f0 020f 08d0 fff7 dafd  .FGK.j..........
00004d80: 801b 41f2 8833 9842 f3d9 0320 77e0 e5b9  ..A..3.B... w...
00004d90: e369 002b 72d0 3e4a 5268 02f0 0c02 082a  .i.+r.>JRh.....*
00004da0: 56d0 022b 17d0 3b4b 0022 1a66 fff7 c2fd  V..+..;K.".f....
00004db0: 0446 374b 1b68 13f0 007f 47d0 fff7 bafd  .F7K.h....G.....
00004dc0: 001b 0228 f5d9 0320 59e0 314a d369 23f0  ...(... Y.1J.i#.
00004dd0: 8053 d361 dce7 2f4b 0022 1a66 fff7 aafd  .S.a../K.".f....
00004de0: 0546 2b4b 1b68 13f0 007f 06d0 fff7 a2fd  .F+K.h..........
00004df0: 401b 0228 f5d9 0320 41e0 236a b3f5 803f  @..(... A.#j...?
00004e00: 1ad0 2349 4b68 23f4 7413 226a 606a 0243  ..#IKh#.t."j`j.C
00004e10: 1343 4b60 1f4b 0122 1a66 fff7 8bfd 0446  .CK`.K.".f.....F
00004e20: 1b4b 1b68 13f0 007f 0ed1 fff7 83fd 001b  .K.h............
00004e30: 0228 f5d9 0320 22e0 154a 5368 23f4 0033  .(... "..JSh#..3
00004e40: a168 0b43 5360 dce7 0020 18e0 0020 16e0  .h.CS`... ... ..
00004e50: 012b 16d0 0e4b 5b68 03f4 8031 226a 9142  .+...K[h...1"j.B
00004e60: 11d1 03f4 7013 626a 9342 0ed1 0020 06e0  ....p.bj.B... ..
00004e70: 0120 7047 0120 02e0 0120 00e0 0020 02b0  . pG. ... ... ..
00004e80: 70bd 0120 fbe7 0120 f9e7 0120 f7e7 00bf  p.. ... ... ....
00004e90: 0010 0240 0000 4242 86b0 184b 0fcb 0df1  ...@..BB...K....
00004ea0: 180c 0ce9 0f00 40f2 0123 adf8 0430 144b  ......@..#...0.K
00004eb0: 5a68 02f0 0c03 042b 1ad0 082b 1ad1 c2f3  Zh.....+...+....
00004ec0: 8343 6344 13f8 100c 12f4 803f 0cd0 0c4b  .CcD.......?...K
00004ed0: 5b68 c3f3 4043 6344 13f8 143c 094a 02fb  [h..@CcD...<.J..
00004ee0: 00f0 b0fb f3f0 06e0 074b 03fb 00f0 02e0  .........K......
00004ef0: 0448 00e0 0548 06b0 7047 00bf 4862 0008  .H...H..pG..Hb..
00004f00: 0010 0240 0024 f400 0009 3d00 0012 7a00  ...@.$....=...z.
00004f10: 0028 00f0 a080 70b5 0d46 0446 524b 1b68  .(....p..F.FRK.h
00004f20: 03f0 0703 8b42 0bd2 4f4a 1368 23f0 0703  .....B..OJ.h#...
00004f30: 0b43 1360 1368 03f0 0703 8b42 40f0 8d80  .C.`.h.....B@...
00004f40: 2368 13f0 020f 17d0 13f0 040f 04d0 474a  #h............GJ
00004f50: 5368 43f4 e063 5360 2368 13f0 080f 04d0  ShC..cS`#h......
00004f60: 424a 5368 43f4 6053 5360 404a 5368 23f0  BJShC.`SS`@JSh#.
00004f70: f003 a168 0b43 5360 2368 13f0 010f 31d0  ...h.CS`#h....1.
00004f80: 6368 012b 20d0 022b 25d0 384a 1268 12f0  ch.+ ..+%.8J.h..
00004f90: 020f 64d0 3549 4a68 22f0 0302 1343 4b60  ..d.5IJh"....CK`
00004fa0: fff7 c8fc 0646 314b 5b68 03f0 0c03 6268  .....F1K[h....bh
00004fb0: b3eb 820f 16d0 fff7 bdfc 801b 41f2 8833  ............A..3
00004fc0: 9842 f0d9 0320 45e0 284a 1268 12f4 003f  .B... E.(J.h...?
00004fd0: e0d1 0120 3ee0 254a 1268 12f0 007f d9d1  ... >.%J.h......
00004fe0: 0120 37e0 204b 1b68 03f0 0703 ab42 0ad9  . 7. K.h.....B..
00004ff0: 1d4a 1368 23f0 0703 2b43 1360 1368 03f0  .J.h#...+C.`.h..
00005000: 0703 ab42 2dd1 2368 13f0 040f 06d0 174a  ...B-.#h.......J
00005010: 5368 23f4 e063 e168 0b43 5360 2368 13f0  Sh#..c.h.CS`#h..
00005020: 080f 07d0 114a 5368 23f4 6053 2169 43ea  .....JSh#.`S!iC.
00005030: c103 5360 fff7 30ff 0c4b 5b68 c3f3 0313  ..S`..0..K[h....
00005040: 0b4a d35c d840 0b4b 1860 0b4b 1868 fff7  .J.\.@.K.`.K.h..
00005050: 2dfc 0020 70bd 0120 7047 0120 fae7 0120  -.. p.. pG. ... 
00005060: f8e7 0120 f6e7 00bf 0020 0240 0010 0240  ... ..... .@...@
00005070: 7462 0008 b400 0020 b000 0020 014b 1868  tb..... ... .K.h
00005080: 7047 00bf b400 0020 08b5 fff7 f7ff 044b  pG..... .......K
00005090: 5b68 c3f3 0223 034a d35c d840 08bd 00bf  [h...#.J.\.@....
000050a0: 0010 0240 8462 0008 08b5 fff7 e7ff 044b  ...@.b.........K
000050b0: 5b68 c3f3 c223 034a d35c d840 08bd 00bf  [h...#.J.\.@....
000050c0: 0010 0240 8462 0008 70b5 82b0 0446 0368  ...@.b..p....F.h
000050d0: 13f0 010f 36d0 3f4b db69 13f0 805f 49d1  ....6.?K.i..._I.
000050e0: 3c4b da69 42f0 8052 da61 db69 03f0 8053  <K.iB..R.a.i...S
000050f0: 0193 019b 0125 384b 1b68 13f4 807f 3bd0  .....%8K.h....;.
00005100: 344b 1b6a 13f4 4073 13d0 6268 02f4 4072  4K.j..@s..bh..@r
00005110: 9a42 0ed0 2f4a 136a 23f4 4070 2f49 0126  .B../J.j#.@p/I.&
00005120: c1f8 4064 0026 c1f8 4064 1062 13f0 010f  ..@d.&..@d.b....
00005130: 36d1 284a 136a 23f4 4073 6168 0b43 1362  6.(J.j#.@sah.C.b
00005140: 002d 3ed1 2368 13f0 020f 06d0 214a 5368  .->.#h......!JSh
00005150: 23f4 4043 a168 0b43 5360 2368 13f0 100f  #.@C.h.CS`#h....
00005160: 34d0 1c4a 5368 23f4 8003 e168 0b43 5360  4..JSh#....h.CS`
00005170: 0020 2ce0 0025 bee7 174a 1368 43f4 8073  . ,..%...J.hC..s
00005180: 1360 fff7 d7fb 0646 134b 1b68 13f4 807f  .`.....F.K.h....
00005190: b6d1 fff7 cffb 801b 6428 f5d9 0320 16e0  ........d(... ..
000051a0: fff7 c8fb 0646 0b4b 1b6a 13f0 020f c0d1  .....F.K.j......
000051b0: fff7 c0fb 801b 41f2 8833 9842 f3d9 0320  ......A..3.B... 
000051c0: 05e0 d369 23f0 8053 d361 bbe7 0020 02b0  ...i#..S.a... ..
000051d0: 70bd 00bf 0010 0240 0070 0040 0000 4242  p......@.p.@..BB
000051e0: 70b5 82b0 0024 a446 a6e0 804d aa42 10d0  p....$.F...M.B..
000051f0: 07d9 7f4d aa42 0cd0 05f5 8035 aa42 08d0  ...M.B.....5.B..
00005200: 13e0 a5f5 8015 aa42 03d0 05f5 7025 aa42  .......B....p%.B
00005210: 07d1 8a68 002a 58d0 012a 51d0 4361 0824  ...h.*X..*Q.Ca.$
00005220: 03e0 a5f5 8015 aa42 f3d0 bef1 ff0f 4ed8  .......B......N.
00005230: 0646 bef1 ff0f 4cd8 4fea 8c02 3368 0f25  .F....L.O...3h.%
00005240: 9540 23ea 0503 04fa 02f2 1343 3360 4b68  .@#........C3`Kh
00005250: 13f0 805f 6ed0 674b 9a69 42f0 0102 9a61  ..._n.gK.iB....a
00005260: 9b69 03f0 0103 0193 019b 4fea 9c02 951c  .i........O.....
00005270: 614b 53f8 2560 0cf0 0303 9d00 0f23 ab40  aKS.%`.......#.@
00005280: 26ea 0306 5d4b 9842 29d0 03f5 8063 9842  &...]K.B)....c.B
00005290: 00f0 8e80 03f5 8063 9842 00f0 8b80 03f5  .......c.B......
000052a0: 8063 9842 19d0 0423 1ae0 cc68 bde7 cc68  .c.B...#...h...h
000052b0: 0434 bae7 cc68 0834 b7e7 cc68 0c34 b4e7  .4...h.4...h.4..
000052c0: 0361 0824 b1e7 0024 afe7 0424 ade7 061d  .a.$...$...$....
000052d0: afe7 acf1 0802 9200 b0e7 0323 00e0 0023  ...........#...#
000052e0: ab40 3343 0232 444d 45f8 2230 4b68 13f4  .@3C.2DME."0Kh..
000052f0: 803f 61d0 424a 1368 43ea 0e03 1360 4b68  .?a.BJ.hC....`Kh
00005300: 13f4 003f 5ed0 3e4a 5368 43ea 0e03 5360  ...?^.>JShC...S`
00005310: 4b68 13f4 801f 5bd0 394a 9368 43ea 0e03  Kh....[.9J.hC...
00005320: 9360 4b68 13f4 001f 58d0 354a d368 43ea  .`Kh....X.5J.hC.
00005330: 0e03 d360 0cf1 010c 0a68 32fa 0cf3 53d0  ...`.....h2...S.
00005340: 0123 03fa 0cf3 02ea 030e 33ea 0202 f1d1  .#........3.....
00005350: 4a68 122a 3ff6 49af 122a 3ff6 66af 01a5  Jh.*?.I..*?.f...
00005360: 55f8 22f0 1352 0008 ab52 0008 b552 0008  U."..R...R...R..
00005370: c752 0008 2b52 0008 2b52 0008 2b52 0008  .R..+R..+R..+R..
00005380: 2b52 0008 2b52 0008 2b52 0008 2b52 0008  +R..+R..+R..+R..
00005390: 2b52 0008 2b52 0008 2b52 0008 2b52 0008  +R..+R..+R..+R..
000053a0: 2b52 0008 2b52 0008 af52 0008 bb52 0008  +R..+R...R...R..
000053b0: 0123 95e7 0223 93e7 114a 1368 23ea 0e03  .#...#...J.h#...
000053c0: 1360 9ce7 0e4a 5368 23ea 0e03 5360 9fe7  .`...JSh#...S`..
000053d0: 0b4a 9368 23ea 0e03 9360 a2e7 084a d368  .J.h#....`...J.h
000053e0: 23ea 0e03 d360 a5e7 02b0 70bd 0000 2210  #....`....p...".
000053f0: 0000 3110 0010 0240 0000 0140 0008 0140  ..1....@...@...@
00005400: 0004 0140 0022 6de0 0325 00e0 0025 05fa  ...@."m..%...%..
00005410: 04f4 6445 42d0 ff2b 5bd8 0646 ff2b 5ad8  ..dEB..+[..F.+Z.
00005420: 9500 3468 4ff0 0f0e 0efa 05fe 24ea 0e04  ..4hO.......$...
00005430: 4ff0 040c 0cfa 05fc 44ea 0c04 3460 c468  O.......D...4`.h
00005440: 24ea 0303 c360 0132 31fa 02f3 48d0 0123  $....`.21...H..#
00005450: 9340 0b40 f7d0 4fea 920e 0ef1 0205 264c  .@.@..O.......&L
00005460: 54f8 2550 02f0 0304 a400 0f26 a640 06ea  T.%P.......&.@..
00005470: 050c 224d a842 c9d0 05f5 8065 a842 09d0  .."M.B.....e.B..
00005480: 05f5 8065 a842 07d0 05f5 8065 a842 bbd0  ...e.B.....e.B..
00005490: 0425 bce7 0125 bae7 0225 b8e7 164f 0ef1  .%...%...%...O..
000054a0: 0204 57f8 2450 25ea 0606 47f8 2460 144c  ..W.$P%...G.$`.L
000054b0: 2568 25ea 0305 2560 6568 25ea 0305 6560  %h%...%`eh%...e`
000054c0: a568 25ea 0305 a560 e568 25ea 0305 e560  .h%....`.h%....`
000054d0: a1e7 061d a2e7 a2f1 080c 4fea 8c05 a0e7  ..........O.....
000054e0: f0bd 0132 31fa 02f3 05d0 0123 9340 0b40  ...21......#.@.@
000054f0: f7d0 f0b5 afe7 7047 0000 0140 0008 0140  ......pG...@...@
00005500: 0004 0140 0ab1 0161 7047 0904 0161 7047  ...@...apG...apG
00005510: 074a d368 23f4 e063 1b04 1b0c 0002 00f4  .J.h#..c........
00005520: e060 0343 43f0 bf63 43f4 0033 d360 7047  .`.CC..cC..3.`pG
00005530: 00ed 00e0 00b5 194b db68 c3f3 0223 c3f1  .......K.h...#..
00005540: 070c bcf1 040f 28bf 4ff0 040c 03f1 040e  ......(.O.......
00005550: bef1 060f 18d9 033b 4ff0 ff3e 0efa 0cfc  .......;O..>....
00005560: 21ea 0c01 9940 0efa 03f3 22ea 0303 1943  !....@...."....C
00005570: 0028 0bdb 0901 c9b2 00f1 6040 00f5 6140  .(........`@..a@
00005580: 80f8 0013 5df8 04fb 0023 e5e7 00f0 0f00  ....]....#......
00005590: 0901 c9b2 024b 1954 f4e7 00bf 00ed 00e0  .....K.T........
000055a0: 14ed 00e0 0028 07db 00f0 1f02 4009 0123  .....(......@..#
000055b0: 9340 024a 42f8 2030 7047 00bf 00e1 00e0  .@.JB. 0pG......
000055c0: 0028 0cdb 00f0 1f02 4009 0123 9340 2030  .(......@..#.@ 0
000055d0: 034a 42f8 2030 bff3 4f8f bff3 6f8f 7047  .JB. 0..O...o.pG
000055e0: 00e1 00e0 0138 b0f1 807f 0bd2 4ff0 e023  .....8......O..#
000055f0: 5861 054a f021 82f8 2310 0020 9861 0722  Xa.J.!..#.. .a."
00005600: 1a61 7047 0120 7047 00ed 00e0 044b 0022  .apG. pG.....K."
00005610: da61 044a 1369 43f0 0103 1361 0180 7047  .a.J.iC....a..pG
00005620: a80e 0020 0020 0240 194b db68 13f0 1003  ... . .@.K.h....
00005630: 05d0 184a d369 43f0 0203 d361 1023 144a  ...J.iC....a.#.J
00005640: d268 12f0 040f 06d0 1249 ca69 42f0 0102  .h.......I.iB...
00005650: ca61 43f0 0403 0e4a d269 12f0 010f 09d0  .aC....J.i......
00005660: 0c49 ca69 42f0 0402 ca61 0949 ca69 22f0  .I.iB....a.I.i".
00005670: 0102 ca61 40f2 0112 9342 02d0 044a d360  ...a@....B...J.`
00005680: 7047 034a d369 23f0 0103 d361 7047 00bf  pG.J.i#....apG..
00005690: 0020 0240 a80e 0020 0a4b 1b69 13f0 800f  . .@... .K.i....
000056a0: 0bd0 084b 084a 5a60 02f1 8832 5a60 1b69  ...K.JZ`...2Z`.i
000056b0: 13f0 800f 03d1 0020 7047 0020 7047 0120  ....... pG. pG. 
000056c0: 7047 00bf 0020 0240 2301 6745 034a 1369  pG... .@#.gE.J.i
000056d0: 43f0 8003 1361 0020 7047 00bf 0020 0240  C....a. pG... .@
000056e0: 38b5 0446 fff7 26f9 0546 164b db68 13f0  8..F..&..F.K.h..
000056f0: 010f 0ad0 b4f1 ff3f f7d0 24b1 fff7 1af9  .......?..$.....
00005700: 401b a042 f1d9 0320 1be0 0e4b db68 13f0  @..B... ...K.h..
00005710: 200f 02d0 0b4b 2022 da60 0a4b db68 13f0   ....K ".`.K.h..
00005720: 100f 0bd1 074b db69 13f0 010f 06d1 054b  .....K.i.......K
00005730: db68 13f0 040f 01d1 0020 02e0 fff7 74ff  .h....... ....t.
00005740: 0120 38bd 0020 0240 2de9 f843 1e46 244b  . 8.. .@-..C.F$K
00005750: 1b7e 012b 41d0 0446 0f46 9046 204b 0122  .~.+A..F.F.F K."
00005760: 1a76 4cf2 5030 fff7 bbff 0346 78bb 012c  .vL.P0.....Fx..,
00005770: 08d0 022c 03d0 4ff0 0409 1c46 07e0 4ff0  ...,..O....F..O.
00005780: 0209 fae7 4ff0 0109 f7e7 0134 e4b2 4c45  ....O......4..LE
00005790: 1dd2 2101 c1f1 2002 a1f1 2003 28fa 01f1  ..!... ... .(...
000057a0: 06fa 02f2 1143 26fa 03f3 1943 89b2 07eb  .....C&....C....
000057b0: 4400 fff7 2bff 4cf2 5030 fff7 91ff 094b  D...+.L.P0.....K
000057c0: 1d69 25f0 0105 1d61 0346 0028 ddd0 044a  .i%....a.F.(...J
000057d0: 0021 1176 1846 bde8 f883 0223 fae7 00bf  .!.v.F.....#....
000057e0: a80e 0020 0020 0240 064b 0022 da61 064b  ... . .@.K.".a.K
000057f0: 1a69 42f0 0402 1a61 1a69 42f0 4002 1a61  .iB....a.iB.@..a
00005800: 7047 00bf a80e 0020 0020 0240 064b 0022  pG..... . .@.K."
00005810: da61 064b 1a69 42f0 0202 1a61 5861 1a69  .a.K.iB....aXa.i
00005820: 42f0 4002 1a61 7047 a80e 0020 0020 0240  B.@..apG... . .@
00005830: 264b 1b7e 012b 46d0 70b5 0546 0e46 234b  &K.~.+F.p..F.F#K
00005840: 0122 1a76 0368 022b 20d0 4cf2 5030 fff7  .".v.h.+ .L.P0..
00005850: 47ff 90bb 4ff0 ff33 3360 ac68 0121 ea68  G...O..33`.h.!.h
00005860: ab68 03eb 8223 a342 28d9 2046 fff7 ceff  .h...#.B(. F....
00005870: 4cf2 5030 fff7 34ff 154a 1369 23f0 0203  L.P0..4..J.i#...
00005880: 1361 0146 b8b9 04f5 8064 e8e7 4cf2 5030  .a.F.....d..L.P0
00005890: fff7 26ff 08b1 0121 10e0 0120 fff7 a4ff  ..&....!... ....
000058a0: 4cf2 5030 fff7 1cff 0146 094a 1369 23f0  L.P0.....F.J.i#.
000058b0: 0403 1361 02e0 3460 00e0 0121 034b 0022  ...a..4`...!.K."
000058c0: 1a76 0846 70bd 0221 0846 7047 a80e 0020  .v.Fp..!.FpG... 
000058d0: 0020 0240 10b5 0446 0268 1369 23f4 4053  . .@...F.h.i#.@S
000058e0: c168 0b43 1361 8368 0269 1343 4269 1a43  .h.C.a.h.i.CBi.C
000058f0: 0168 cb68 23f4 b053 23f0 0c03 1343 cb60  .h.h#..S#....C.`
00005900: 0268 5369 23f4 4073 8169 0b43 5361 0268  .hSi#.@s.i.CSa.h
00005910: 134b 9a42 20d0 fff7 b7fb 0246 02eb 8202  .K.B ......F....
00005920: 02eb 8202 6368 9b00 b2fb f3f2 0d48 a0fb  ....ch.......H..
00005930: 0231 4909 6423 03fb 1123 1b01 3233 a0fb  .1I.d#...#..23..
00005940: 0323 5b09 03f0 f002 02eb 0112 03f0 0f03  .#[.............
00005950: 2168 1344 8b60 10bd fff7 a6fb 0246 dde7  !h.D.`.......F..
00005960: 0038 0140 1f85 eb51 58b3 10b5 0446 90f8  .8.@...QX....F..
00005970: 3d30 0bb3 2423 84f8 3d30 2268 d368 23f4  =0..$#..=0"h.h#.
00005980: 0053 d360 2046 fff7 a5ff 2268 1369 23f4  .S.` F...."h.i#.
00005990: 9043 1361 2268 5369 23f0 2a03 5361 2268  .C.a"hSi#.*.Sa"h
000059a0: d368 43f4 0053 d360 0020 2064 2023 84f8  .hC..S.`.  d #..
000059b0: 3d30 84f8 3e30 10bd 80f8 3c30 00f0 def8  =0..>0....<0....
000059c0: d8e7 0120 7047 a8b1 10b5 0446 2423 80f8  ... pG.....F$#..
000059d0: 3d30 0268 d368 23f4 0053 d360 00f0 0af9  =0.h.h#..S.`....
000059e0: 0020 2064 84f8 3d00 84f8 3e00 2063 84f8  .  d..=...>. c..
000059f0: 3c00 10bd 0120 7047 0c48 0d49 0d4a 0023  <.... pG.H.I.J.#
00005a00: 02e0 d458 c450 0433 c418 8c42 f9d3 0a4a  ...X.P.3...B...J
00005a10: 0a4c 0023 01e0 1360 0432 a242 fbd3 00f0  .L.#...`.2.B....
00005a20: 0df9 faf7 73fb fcf7 83f9 7047 0000 0020  ....s.....pG... 
00005a30: b800 0020 d062 0008 1005 0020 a813 0020  ... .b..... ... 
00005a40: fee7 0000 124b 0322 1a61 5a61 1149 9961  .....K.".aZa.I.a
00005a50: 114a da61 4ff4 8062 1a62 0022 9a62 5a62  .J.aO..b.b.".bZb
00005a60: da62 1966 0d49 5966 1021 9966 1a67 da66  .b.f.IYf.!.f.g.f
00005a70: 5a67 0b4a 1068 c3f8 0700 0a4a 92e8 0300  Zg.J.h.....J....
00005a80: 1860 9980 090c 9971 2022 9a71 7047 00bf  .`.....q ".qpG..
00005a90: c80e 0020 5c62 0008 800f 0020 700f 0020  ... \b..... p.. 
00005aa0: 6862 0008 6c62 0008 38b5 0446 0d46 214b  hb..lb..8..F.F!K
00005ab0: 1b78 7bb3 eff3 118c 4ff0 2001 81f3 1188  .x{.....O. .....
00005ac0: 04eb 4403 1b4a 02eb c303 596a 481c 1b6a  ..D..J....YjH..j
00005ad0: 8342 22d0 04eb 4403 164a 02eb c303 db6a  .B"...D..J.....j
00005ae0: 022b 1cd0 04eb 4403 124a 02eb c303 9b6a  .+....D..J.....j
00005af0: 8342 1dd0 631c 03eb 4303 02eb c303 5b68  .B..c...C.....[h
00005b00: 5d54 04eb 4404 02eb c404 6062 0120 8cf3  ]T..D.....`b. ..
00005b10: 1188 38bd fff7 96ff cce7 0020 dae7 04eb  ..8........ ....
00005b20: 4403 044a 02eb c303 9b6a 8342 f7d0 d9e7  D..J.....j.B....
00005b30: 0020 ece7 c80e 0020 82b0 0e4b 9a69 42f0  . ..... ...K.iB.
00005b40: 0102 9a61 9a69 02f0 0102 0092 009a da69  ...a.i.........i
00005b50: 42f0 8052 da61 db69 03f0 8053 0193 019b  B..R.a.i...S....
00005b60: 054a 5368 23f0 e063 43f0 0073 5360 02b0  .JSh#..cC..sS`..
00005b70: 7047 00bf 0010 0240 0000 0140 10b5 86b0  pG.....@...@....
00005b80: 0023 0293 0393 0493 0593 0268 174b 9a42  .#.........h.K.B
00005b90: 01d0 06b0 10bd 03f5 5843 9a69 42f4 8042  ........XC.iB..B
00005ba0: 9a61 9a69 02f4 8042 0092 009a 9a69 42f0  .a.i...B.....iB.
00005bb0: 0402 9a61 9b69 03f0 0403 0193 019b 4ff4  ...a.i........O.
00005bc0: 0073 0293 0223 0393 0323 0593 084c 02a9  .s...#...#...L..
00005bd0: 2046 fff7 05fb 4ff4 8063 0293 0023 0393   F....O..c...#..
00005be0: 0493 02a9 2046 fff7 fbfa d2e7 0038 0140  .... F.......8.@
00005bf0: 0008 0140 08b5 0268 074b 9a42 00d0 08bd  ...@...h.K.B....
00005c00: 064a 9369 23f4 8043 9361 4ff4 c061 0448  .J.i#..C.aO..a.H
00005c10: fff7 f8fb f3e7 00bf 0038 0140 0010 0240  .........8.@...@
00005c20: 0008 0140 fee7 fee7 fee7 fee7 fee7 7047  ...@..........pG
00005c30: 7047 7047 08b5 fef7 71fe 08bd 7047 0000  pGpG....q...pG..
00005c40: f8b5 00bf f8bc 08bc 9e46 7047 f8b5 00bf  .........FpG....
00005c50: f8bc 08bc 9e46 7047 0400 0020 7000 0000  .....FpG... p...
00005c60: 0000 000a 0000 0000 0000 0000 0000 0000  ................
00005c70: 0000 0002 0080 0000 0080 0008 2020 2020  ............    
00005c80: 0080 0202 1f00 0000 2020 2020 2020 2020  ........        
00005c90: 2020 2020 2020 2020 2020 2020 2020 2020                  
00005ca0: 2020 2020 0026 0000 0000 0000 0812 0000      .&..........
00005cb0: 0000 0000 0000 0000 0000 0000 0000 0000  ................
00005cc0: 0000 0000 0000 0000 0000 0000 0000 0000  ................
00005cd0: 0000 0000 0000 0000 0000 0000 0000 0000  ................
00005ce0: 0000 0000 0000 0000 0000 0000 0000 0000  ................
00005cf0: 0000 0000 0000 0000 0000 0000 0000 0000  ................
00005d00: 0000 0000 0000 0000 0000 0000 0000 0000  ................
00005d10: 0000 0000 0000 0000 0000 0000 0000 0000  ................
00005d20: 1b5b 3332 6d5b 492f 5553 425d 2000 0000  .[32m[I/USB] ...
00005d30: 4f70 656e 2065 703a 3078 2530 3278 2074  Open ep:0x%02x t
00005d40: 7970 653a 2575 206d 7073 3a25 750d 0a00  ype:%u mps:%u...
00005d50: 1b5b 306d 0000 0000 5365 7475 703a 2062  .[0m....Setup: b
00005d60: 6d52 6571 7565 7374 5479 7065 2030 7825  mRequestType 0x%
00005d70: 3032 782c 2062 5265 7175 6573 7420 3078  02x, bRequest 0x
00005d80: 2530 3278 2c20 7756 616c 7565 2030 7825  %02x, wValue 0x%
00005d90: 3034 782c 2077 496e 6465 7820 3078 2530  04x, wIndex 0x%0
00005da0: 3478 2c20 774c 656e 6774 6820 3078 2530  4x, wLength 0x%0
00005db0: 3478 0d0a 0000 0000 7265 6164 204d 5320  4x......read MS 
00005dc0: 4f53 2032 2e30 2064 6573 6372 6970 746f  OS 2.0 descripto
00005dd0: 7220 7374 7269 6e67 0d00 0000 7265 6164  r string....read
00005de0: 2042 4f53 2064 6573 6372 6970 746f 7220   BOS descriptor 
00005df0: 7374 7269 6e67 0d00 1b5b 3331 6d5b 452f  string...[31m[E/
00005e00: 5553 425d 2000 0000 6465 7363 7269 7074  USB] ...descript
00005e10: 6f72 203c 7479 7065 3a30 7825 3032 782c  or <type:0x%02x,
00005e20: 696e 6465 783a 3078 2530 3278 3e20 6e6f  index:0x%02x> no
00005e30: 7420 666f 756e 6421 0d0a 0000 6765 7420  t found!....get 
00005e40: 436f 6d70 6174 2049 440d 0000 6765 7420  Compat ID...get 
00005e50: 436f 6d70 6174 2069 6420 7072 6f70 6572  Compat id proper
00005e60: 7469 6573 0d00 0000 756e 6b6e 6f77 6e20  ties....unknown 
00005e70: 7665 6e64 6f72 2063 6f64 650d 0000 0000  vendor code.....
00005e80: 4745 5420 4d53 204f 5320 322e 3020 4465  GET MS OS 2.0 De
00005e90: 7363 7269 7074 6f72 0d00 0000 436c 6f73  scriptor....Clos
00005ea0: 6520 6570 3a30 7825 3032 7820 7479 7065  e ep:0x%02x type
00005eb0: 3a25 750d 0a00 0000 7265 6164 2068 6964  :%u.....read hid
00005ec0: 2072 6570 6f72 7420 6465 7363 7269 7074   report descript
00005ed0: 6f72 0d00 6570 3a25 3032 7820 636c 6561  or..ep:%02x clea
00005ee0: 7220 6861 6c74 0d0a 0000 0000 6570 3a25  r halt......ep:%
00005ef0: 3032 7820 7365 7420 6861 6c74 0d0a 0000  02x set halt....
00005f00: 1b5b 3333 6d5b 572f 5553 425d 2000 0000  .[33m[W/USB] ...
00005f10: 4967 6e6f 7265 2044 5144 2069 6e20 6673  Ignore DQD in fs
00005f20: 0d00 0000 7374 616e 6461 7264 2072 6571  ....standard req
00005f30: 7565 7374 2065 7272 6f72 0d00 636c 6173  uest error..clas
00005f40: 7320 7265 7175 6573 7420 6572 726f 720d  s request error.
00005f50: 0000 0000 7665 6e64 6f72 2072 6571 7565  ....vendor reque
00005f60: 7374 2065 7272 6f72 0d00 0000 5265 7175  st error....Requ
00005f70: 6573 7420 6275 6666 6572 2074 6f6f 2073  est buffer too s
00005f80: 6d61 6c6c 0d00 0000 4570 2061 6464 7220  mall....Ep addr 
00005f90: 2564 206f 7665 7266 6c6f 770d 0a00 0000  %d overflow.....
00005fa0: 4570 2070 6d61 2025 6420 6f76 6572 666c  Ep pma %d overfl
00005fb0: 6f77 0d0a 0000 0000 556e 6861 6e64 6c65  ow......Unhandle
00005fc0: 6420 4d53 4320 436c 6173 7320 6252 6571  d MSC Class bReq
00005fd0: 7565 7374 2030 7825 3032 780d 0a00 0000  uest 0x%02x.....
00005fe0: 4c42 4120 6f75 7420 6f66 2072 616e 6765  LBA out of range
00005ff0: 0d00 0000 7363 7369 5f62 6c6b 5f6c 656e  ....scsi_blk_len
00006000: 2064 6f65 7320 6e6f 7420 6d61 7463 6820   does not match 
00006010: 7769 7468 2064 4461 7461 4c65 6e67 7468  with dDataLength
00006020: 0d00 0000 7369 7a65 2021 3d20 7369 7a65  ....size != size
00006030: 6f66 2863 6277 290d 0000 0000 756e 7375  of(cbw).....unsu
00006040: 7070 6f72 7465 6420 636d 643a 3078 2530  pported cmd:0x%0
00006050: 3278 0d0a 0000 0000 436f 6d6d 616e 643a  2x......Command:
00006060: 3078 2530 3278 2064 6563 6f64 6520 6572  0x%02x decode er
00006070: 720d 0a00 6d73 6320 626c 6f63 6b20 6275  r...msc block bu
00006080: 6666 6572 206f 7665 7266 6c6f 770d 0000  ffer overflow...
00006090: eb3c 9055 4632 2055 4632 2000 0201 0100  .<.UF2 UF2 .....
000060a0: 0240 0000 00f8 0201 0100 0100 0000 0000  .@..............
000060b0: 0901 0100 8000 2942 0042 0053 544d 3332  ......)B.B.STM32
000060c0: 4631 506c 756d 4641 5431 3620 2020 0000  F1PlumFAT16   ..
000060d0: 3c21 646f 6374 7970 6520 6874 6d6c 3e0a  <!doctype html>.
000060e0: 3c68 746d 6c3e 3c62 6f64 793e 3c73 6372  <html><body><scr
000060f0: 6970 743e 0a6c 6f63 6174 696f 6e2e 7265  ipt>.location.re
00006100: 706c 6163 6528 2268 7474 7073 3a2f 2f67  place("https://g
00006110: 6974 6875 622e 636f 6d2f 4861 694d 6961  ithub.com/HaiMia
00006120: 6e42 4261 6f2f 506c 756d 424c 2229 3b0a  nBBao/PlumBL");.
00006130: 3c2f 7363 7269 7074 3e3c 2f62 6f64 793e  </script></body>
00006140: 3c2f 6874 6d6c 3e0a 0000 0000 506c 756d  </html>.....Plum
00006150: 2055 4632 2042 6f6f 746c 6f61 6465 7220   UF2 Bootloader 
00006160: 302e 302e 310d 0a4d 6f64 656c 3a20 4c47  0.0.1..Model: LG
00006170: 2053 7475 6469 6f20 506c 756d 2042 6f6f   Studio Plum Boo
00006180: 746c 6f61 6465 720d 0a42 6f61 7264 2d49  tloader..Board-I
00006190: 443a 2050 6c75 6d20 426f 6f74 6c6f 6164  D: Plum Bootload
000061a0: 6572 2066 6f72 2053 544d 3332 4631 3033  er for STM32F103
000061b0: 0d0a 4461 7465 3a20 4a75 6e20 3134 2032  ..Date: Jun 14 2
000061c0: 3032 340d 0a00 0000 1201 0002 0000 0040  024............@
000061d0: 9a23 5d00 0002 0102 0301 0902 2000 0101  .#]......... ...
000061e0: 0080 3209 0400 0002 0806 5002 0705 0202  ..2.......P.....
000061f0: 4000 0007 0581 0240 0000 0403 0904 1403  @......@........
00006200: 4c00 4700 2000 5300 7400 7500 6400 6900  L.G. .S.t.u.d.i.
00006210: 6f00 1e03 5000 6c00 7500 6d00 4200 6f00  o...P.l.u.m.B.o.
00006220: 6f00 7400 6c00 6f00 6100 6400 6500 7200  o.t.l.o.a.d.e.r.
00006230: 1603 3200 3000 3200 3200 3100 3200 3300  ..2.0.2.2.1.2.3.
00006240: 3400 3500 3600 0000 0203 0405 0607 0809  4.5.6...........
00006250: 0a0b 0c0d 0e0f 1010 0000 0000 5465 726d  ............Term
00006260: 696e 616c 0000 0000 5254 5400 5345 4747  inal....RTT.SEGG
00006270: 4552 0000 0000 0000 0000 0000 0102 0304  ER..............
00006280: 0607 0809 0000 0000 0102 0304 232d 302b  ............#-0+
00006290: 2000 0000 686c 4c00 6566 6745 4647 0000   ...hlL.efgEFG..
000062a0: 3031 3233 3435 3637 3839 4142 4344 4546  0123456789ABCDEF
000062b0: 0000 0000 3031 3233 3435 3637 3839 6162  ....0123456789ab
000062c0: 6364 6566 0000 0000 391c 0008 151c 0008  cdef....9.......
000062d0: 0400 0020 0000 0000 005d 0008 e05c 0008  ... .....]...\..
000062e0: c05c 0008 0000 0000 0000 0000 0000 0000  .\..............
000062f0: 0000 0000 0000 0000 0000 0000 0000 0000  ................
00006300: 0000 0000 0000 0000 0000 0000 0000 0000  ................
00006310: 0000 0000 0000 0000 0000 0000 0000 0000  ................
00006320: 0000 0000 0000 0000 0000 0000 0000 0000  ................
00006330: 0000 0000 504c 554d 5f55 4632 5458 5400  ....PLUM_UF2TXT.
00006340: 4c61 0008 7900 0000 0000 0000 494e 4445  La..y.......INDE
00006350: 5820 2020 4854 4d00 d060 0008 7800 0000  X   HTM..`..x...
00006360: 0000 0000 4355 5252 454e 5420 5546 3200  ....CURRENT UF2.
00006370: 0000 0000 0000 0000 0000 0000 0100 0000  ................
00006380: 1000 0000 0024 f400 0000 0000 0000 0000  .....$..........
00006390: 0000 0000 0000 0000 0000 0000 0000 0000  ................
000063a0: 0000 0000 0000 0000 0000 0000 0000 0000  ................
000063b0: 0000 0000 0000 0000 0000 0000 0000 0000  ................
000063c0: 0000 0000 0000 0000 0000 0000 0000 0000  ................
000063d0: 0000 0000 0000 0000 0000 0000 0000 0000  ................
000063e0: 0000 0000 0000 0000 0000 0000 0000 0000  ................
000063f0: 0000 0000 0000 0000 0000 0000 0000 0000  ................
00006400: 0000 0000 0000 0000 0000 0000 0000 0000  ................
00006410: 0000 0000 0000 0000 0000 0000 0000 0000  ................
00006420: 0000 0000 0000 0000 0000 0000 0000 0000  ................
00006430: 0000 0000 0000 0000 0000 0000 0000 0000  ................
00006440: 0000 0000 0000 0000 0000 0000 0000 0000  ................
00006450: 0000 0000 0000 0000 0000 0000 0000 0000  ................
00006460: 0000 0000 0000 0000 0000 0000 0000 0000  ................
00006470: 0000 0000 0000 0000 0000 0000 0000 0000  ................
00006480: 0000 0000 0000 0000 0000 0000 0000 0000  ................
00006490: 0000 0000 0000 0000 0000 0000 0000 0000  ................
000064a0: 0000 0000 0000 0000 0000 0000 0000 0000  ................
000064b0: 0000 0000 0000 0000 0000 0000 0000 0000  ................
000064c0: 0000 0000 0000 0000 0000 0000 0000 0000  ................
000064d0: 0000 0000 0000 0000 0000 0000 0000 0000  ................
000064e0: 0000 0000 0000 0000 0000 0000 0000 0000  ................
000064f0: 0000 0000 0000 0000 0000 0000 0000 0000  ................
00006500: 0000 0000 0000 0000 0000 0000 0000 0000  ................
00006510: 0000 0000 0000 0000 0000 0000 0000 0000  ................
00006520: 0000 0000 0000 0000 0000 0000 0000 0000  ................
00006530: 0000 0000 0000 0000 0000 0000 0000 0000  ................
00006540: 0000 0000 0000 0000 0000 0000 0000 0000  ................
00006550: 0000 0000 0000 0000 0000 0000 0000 0000  ................
00006560: 0000 0000 0000 0000 0000 0000 0000 0000  ................
00006570: 0000 0000 0000 0000 0000 0000 0000 0000  ................
00006580: 0000 0000 0000 0000 0000 0000 0000 0000  ................
00006590: 0000 0000 0000 0000 0000 0000 0000 0000  ................
000065a0: 0000 0000 0000 0000 0000 0000 0000 0000  ................
000065b0: 0000 0000 0000 0000 0000 0000 0000 0000  ................
000065c0: 0000 0000 0000 0000 0000 0000 0000 0000  ................
000065d0: 0000 0000 0000 0000 0000 0000 0000 0000  ................
000065e0: 0000 0000 0000 0000 0000 0000 0000 0000  ................
000065f0: 0000 0000 0000 0000 0000 0000 0000 0000  ................
00006600: 0000 0000 0000 0000 0000 0000 0000 0000  ................
00006610: 0000 0000 0000 0000 0000 0000 0000 0000  ................
00006620: 0000 0000 0000 0000 0000 0000 0000 0000  ................
00006630: 0000 0000 0000 0000 0000 0000 0000 0000  ................
00006640: 0000 0000 0000 0000 0000 0000 0000 0000  ................
00006650: 0000 0000 0000 0000 0000 0000 0000 0000  ................
00006660: 0000 0000 0000 0000 0000 0000 0000 0000  ................
00006670: 0000 0000 0000 0000 0000 0000 0000 0000  ................
00006680: 0000 0000 0000 0000 0000 0000 0000 0000  ................
00006690: 0000 0000 0000 0000 0000 0000 0000 0000  ................
000066a0: 0000 0000 0000 0000 0000 0000 0000 0000  ................
000066b0: 0000 0000 0000 0000 0000 0000 0000 0000  ................
000066c0: 0000 0000 0000 0000 0000 0000 0000 0000  ................
000066d0: 0000 0000 0000 0000 0000 0000 0000 0000  ................
000066e0: 0000 0000 0000 0000 0000 0000 0000 0000  ................
000066f0: 0000 0000 0000 0000 0000 0000 0000 0000  ................
00006700: 0000 0000 0000 0000 0000 0000 0000 0000  ................
00006710: 0000 0000 0000 0000 0000 0000 0000 0000  ................
00006720: 0000 0000 0000 0000 0000 0000 0000 0000  ................
00006730: 0000 0000 0000 0000 0000 0000 0000 0000  ................
00006740: 0000 0000 0000 0000 0000 0000 0000 0000  ................
00006750: 0000 0000 0000 0000 0000 0000 0000 0000  ................
00006760: 0000 0000 0000 0000 0000 0000 0000 0000  ................
00006770: 0000 0000 0000 0000 0000 0000 0000 0000  ................
00006780: 0000 0000 0000 0000 0000 0000 0000 0000  ................
00006790: 0000 0000 0000 0000 0000 0000 0000 0000  ................
000067a0: 0000 0000 0000 0000 0000 0000 0000 0000  ................
000067b0: 0000 0000 0000 0000 0000 0000 0000 0000  ................
000067c0: 0000 0000 0000 0000 0000 0000 0000 0000  ................
000067d0: 0000 0000 0000 0000 0000 0000 0000 0000  ................
000067e0: ffff ffff ffff ffff ffff ffff ffff ffff  ................
000067f0: ffff ffff ffff ffff ffff ffff ffff ffff  ................
00006800: ffff ffff ffff ffff ffff ffff ffff ffff  ................
00006810: ffff ffff ffff ffff ffff ffff ffff ffff  ................
00006820: ffff ffff ffff ffff ffff ffff ffff ffff  ................
00006830: ffff ffff ffff ffff ffff ffff ffff ffff  ................
00006840: ffff ffff ffff ffff ffff ffff ffff ffff  ................
00006850: ffff ffff ffff ffff ffff ffff ffff ffff  ................
00006860: ffff ffff ffff ffff ffff ffff ffff ffff  ................
00006870: ffff ffff ffff ffff ffff ffff ffff ffff  ................
00006880: ffff ffff ffff ffff ffff ffff ffff ffff  ................
00006890: ffff ffff ffff ffff ffff ffff ffff ffff  ................
000068a0: ffff ffff ffff ffff ffff ffff ffff ffff  ................
000068b0: ffff ffff ffff ffff ffff ffff ffff ffff  ................
000068c0: ffff ffff ffff ffff ffff ffff ffff ffff  ................
000068d0: ffff ffff ffff ffff ffff ffff ffff ffff  ................
000068e0: ffff ffff ffff ffff ffff ffff ffff ffff  ................
000068f0: ffff ffff ffff ffff ffff ffff ffff ffff  ................
00006900: ffff ffff ffff ffff ffff ffff ffff ffff  ................
00006910: ffff ffff ffff ffff ffff ffff ffff ffff  ................
00006920: ffff ffff ffff ffff ffff ffff ffff ffff  ................
00006930: ffff ffff ffff ffff ffff ffff ffff ffff  ................
00006940: ffff ffff ffff ffff ffff ffff ffff ffff  ................
00006950: ffff ffff ffff ffff ffff ffff ffff ffff  ................
00006960: ffff ffff ffff ffff ffff ffff ffff ffff  ................
00006970: ffff ffff ffff ffff ffff ffff ffff ffff  ................
00006980: ffff ffff ffff ffff ffff ffff ffff ffff  ................
00006990: ffff ffff ffff ffff ffff ffff ffff ffff  ................
000069a0: ffff ffff ffff ffff ffff ffff ffff ffff  ................
000069b0: ffff ffff ffff ffff ffff ffff ffff ffff  ................
000069c0: ffff ffff ffff ffff ffff ffff ffff ffff  ................
000069d0: ffff ffff ffff ffff ffff ffff ffff ffff  ................
000069e0: ffff ffff ffff ffff ffff ffff ffff ffff  ................
000069f0: ffff ffff ffff ffff ffff ffff ffff ffff  ................
00006a00: ffff ffff ffff ffff ffff ffff ffff ffff  ................
00006a10: ffff ffff ffff ffff ffff ffff ffff ffff  ................
00006a20: ffff ffff ffff ffff ffff ffff ffff ffff  ................
00006a30: ffff ffff ffff ffff ffff ffff ffff ffff  ................
00006a40: ffff ffff ffff ffff ffff ffff ffff ffff  ................
00006a50: ffff ffff ffff ffff ffff ffff ffff ffff  ................
00006a60: ffff ffff ffff ffff ffff ffff ffff ffff  ................
00006a70: ffff ffff ffff ffff ffff ffff ffff ffff  ................
00006a80: ffff ffff ffff ffff ffff ffff ffff ffff  ................
00006a90: ffff ffff ffff ffff ffff ffff ffff ffff  ................
00006aa0: ffff ffff ffff ffff ffff ffff ffff ffff  ................
00006ab0: ffff ffff ffff ffff ffff ffff ffff ffff  ................
00006ac0: ffff ffff ffff ffff ffff ffff ffff ffff  ................
00006ad0: ffff ffff ffff ffff ffff ffff ffff ffff  ................
00006ae0: ffff ffff ffff ffff ffff ffff ffff ffff  ................
00006af0: ffff ffff ffff ffff ffff ffff ffff ffff  ................
00006b00: ffff ffff ffff ffff ffff ffff ffff ffff  ................
00006b10: ffff ffff ffff ffff ffff ffff ffff ffff  ................
00006b20: ffff ffff ffff ffff ffff ffff ffff ffff  ................
00006b30: ffff ffff ffff ffff ffff ffff ffff ffff  ................
00006b40: ffff ffff ffff ffff ffff ffff ffff ffff  ................
00006b50: ffff ffff ffff ffff ffff ffff ffff ffff  ................
00006b60: ffff ffff ffff ffff ffff ffff ffff ffff  ................
00006b70: ffff ffff ffff ffff ffff ffff ffff ffff  ................
00006b80: ffff ffff ffff ffff ffff ffff ffff ffff  ................
00006b90: ffff ffff ffff ffff ffff ffff ffff ffff  ................
00006ba0: ffff ffff ffff ffff ffff ffff ffff ffff  ................
00006bb0: ffff ffff ffff ffff ffff ffff ffff ffff  ................
00006bc0: ffff ffff ffff ffff ffff ffff ffff ffff  ................
00006bd0: ffff ffff ffff ffff ffff ffff ffff ffff  ................
00006be0: ffff ffff ffff ffff ffff ffff ffff ffff  ................
00006bf0: ffff ffff ffff ffff ffff ffff ffff ffff  ................
00006c00: ffff ffff ffff ffff ffff ffff ffff ffff  ................
00006c10: ffff ffff ffff ffff ffff ffff ffff ffff  ................
00006c20: ffff ffff ffff ffff ffff ffff ffff ffff  ................
00006c30: ffff ffff ffff ffff ffff ffff ffff ffff  ................
00006c40: ffff ffff ffff ffff ffff ffff ffff ffff  ................
00006c50: ffff ffff ffff ffff ffff ffff ffff ffff  ................
00006c60: ffff ffff ffff ffff ffff ffff ffff ffff  ................
00006c70: ffff ffff ffff ffff ffff ffff ffff ffff  ................
00006c80: ffff ffff ffff ffff ffff ffff ffff ffff  ................
00006c90: ffff ffff ffff ffff ffff ffff ffff ffff  ................
00006ca0: ffff ffff ffff ffff ffff ffff ffff ffff  ................
00006cb0: ffff ffff ffff ffff ffff ffff ffff ffff  ................
00006cc0: ffff ffff ffff ffff ffff ffff ffff ffff  ................
00006cd0: ffff ffff ffff ffff ffff ffff ffff ffff  ................
00006ce0: ffff ffff ffff ffff ffff ffff ffff ffff  ................
00006cf0: ffff ffff ffff ffff ffff ffff ffff ffff  ................
00006d00: ffff ffff ffff ffff ffff ffff ffff ffff  ................
00006d10: ffff ffff ffff ffff ffff ffff ffff ffff  ................
00006d20: ffff ffff ffff ffff ffff ffff ffff ffff  ................
00006d30: ffff ffff ffff ffff ffff ffff ffff ffff  ................
00006d40: ffff ffff ffff ffff ffff ffff ffff ffff  ................
00006d50: ffff ffff ffff ffff ffff ffff ffff ffff  ................
00006d60: ffff ffff ffff ffff ffff ffff ffff ffff  ................
00006d70: ffff ffff ffff ffff ffff ffff ffff ffff  ................
00006d80: ffff ffff ffff ffff ffff ffff ffff ffff  ................
00006d90: ffff ffff ffff ffff ffff ffff ffff ffff  ................
00006da0: ffff ffff ffff ffff ffff ffff ffff ffff  ................
00006db0: ffff ffff ffff ffff ffff ffff ffff ffff  ................
00006dc0: ffff ffff ffff ffff ffff ffff ffff ffff  ................
00006dd0: ffff ffff ffff ffff ffff ffff ffff ffff  ................
00006de0: ffff ffff ffff ffff ffff ffff ffff ffff  ................
00006df0: ffff ffff ffff ffff ffff ffff ffff ffff  ................
00006e00: ffff ffff ffff ffff ffff ffff ffff ffff  ................
00006e10: ffff ffff ffff ffff ffff ffff ffff ffff  ................
00006e20: ffff ffff ffff ffff ffff ffff ffff ffff  ................
00006e30: ffff ffff ffff ffff ffff ffff ffff ffff  ................
00006e40: ffff ffff ffff ffff ffff ffff ffff ffff  ................
00006e50: ffff ffff ffff ffff ffff ffff ffff ffff  ................
00006e60: ffff ffff ffff ffff ffff ffff ffff ffff  ................
00006e70: ffff ffff ffff ffff ffff ffff ffff ffff  ................
00006e80: ffff ffff ffff ffff ffff ffff ffff ffff  ................
00006e90: ffff ffff ffff ffff ffff ffff ffff ffff  ................
00006ea0: ffff ffff ffff ffff ffff ffff ffff ffff  ................
00006eb0: ffff ffff ffff ffff ffff ffff ffff ffff  ................
00006ec0: ffff ffff ffff ffff ffff ffff ffff ffff  ................
00006ed0: ffff ffff ffff ffff ffff ffff ffff ffff  ................
00006ee0: ffff ffff ffff ffff ffff ffff ffff ffff  ................
00006ef0: ffff ffff ffff ffff ffff ffff ffff ffff  ................
00006f00: ffff ffff ffff ffff ffff ffff ffff ffff  ................
00006f10: ffff ffff ffff ffff ffff ffff ffff ffff  ................
00006f20: ffff ffff ffff ffff ffff ffff ffff ffff  ................
00006f30: ffff ffff ffff ffff ffff ffff ffff ffff  ................
00006f40: ffff ffff ffff ffff ffff ffff ffff ffff  ................
00006f50: ffff ffff ffff ffff ffff ffff ffff ffff  ................
00006f60: ffff ffff ffff ffff ffff ffff ffff ffff  ................
00006f70: ffff ffff ffff ffff ffff ffff ffff ffff  ................
00006f80: ffff ffff ffff ffff ffff ffff ffff ffff  ................
00006f90: ffff ffff ffff ffff ffff ffff ffff ffff  ................
00006fa0: ffff ffff ffff ffff ffff ffff ffff ffff  ................
00006fb0: ffff ffff ffff ffff ffff ffff ffff ffff  ................
00006fc0: ffff ffff ffff ffff ffff ffff ffff ffff  ................
00006fd0: ffff ffff ffff ffff ffff ffff ffff ffff  ................
00006fe0: ffff ffff ffff ffff ffff ffff ffff ffff  ................
00006ff0: ffff ffff ffff ffff ffff ffff ffff ffff  ................
00007000: 0004 0020 3972 0008 3b72 0008 3b72 0008  ... 9r..;r..;r..
00007010: 3b72 0008 3b72 0008 3b72 0008 3b72 0008  ;r..;r..;r..;r..
00007020: 3b72 0008 3b72 0008 3b72 0008 01ec 0008  ;r..;r..;r......
00007030: 3b72 0008 3b72 0008 3b72 0008 67fb 0008  ;r..;r..;r..g...
00007040: 3b72 0008 3b72 0008 3b72 0008 3b72 0008  ;r..;r..;r..;r..
00007050: 3b72 0008 3b72 0008 3b72 0008 3b72 0008  ;r..;r..;r..;r..
00007060: 3b72 0008 3b72 0008 3b72 0008 3b72 0008  ;r..;r..;r..;r..
00007070: 3b72 0008 3b72 0008 3b72 0008 3b72 0008  ;r..;r..;r..;r..
00007080: 3b72 0008 3b72 0008 3b72 0008 3b72 0008  ;r..;r..;r..;r..
00007090: b9fb 0008 3b72 0008 3b72 0008 3b72 0008  ....;r..;r..;r..
000070a0: 3b72 0008 3b72 0008 3b72 0008 3b72 0008  ;r..;r..;r..;r..
000070b0: 3b72 0008 3b72 0008 3b72 0008 3b72 0008  ;r..;r..;r..;r..
000070c0: 3b72 0008 3b72 0008 3b72 0008 3b72 0008  ;r..;r..;r..;r..
000070d0: 3b72 0008 3b72 0008 3b72 0008 3b72 0008  ;r..;r..;r..;r..
000070e0: 3b72 0008 3b72 0008 3b72 0008 3b72 0008  ;r..;r..;r..;r..
000070f0: 3b72 0008 3b72 0008 3b72 0008 3b72 0008  ;r..;r..;r..;r..
00007100: 3b72 0008 3b72 0008 3b72 0008 3b72 0008  ;r..;r..;r..;r..
00007110: 3b72 0008 3b72 0008 3b72 0008 3b72 0008  ;r..;r..;r..;r..
00007120: 3b72 0008 3b72 0008 3b72 0008 3b72 0008  ;r..;r..;r..;r..
00007130: 3b72 0008 3b72 0008 3b72 0008 3b72 0008  ;r..;r..;r..;r..
00007140: 3b72 0008 3b72 0008 3b72 0008 3b72 0008  ;r..;r..;r..;r..
00007150: 3b72 0008 3b72 0008 3b72 0008 3b72 0008  ;r..;r..;r..;r..
00007160: 72b6 2648 80f3 0888 2548 80f3 0988 2548  r.&H....%H....%H
00007170: 2549 0860 0220 80f3 1488 bff3 6f8f 07f0  %I.`. ......o...
00007180: a5fa 06f0 6efe 4ff0 5530 2049 1b4a 9142  ....n.O.U0 I.J.B
00007190: 3cbf 41f8 040b fae7 1d49 194a 9142 3cbf  <.A......I.J.B<.
000071a0: 41f8 040b fae7 1b49 1b4a 1c4b 9a42 3ebf  A......I.J.K.B>.
000071b0: 51f8 040b 42f8 040b f8e7 0020 1849 194a  Q...B...... .I.J
000071c0: 9142 3cbf 41f8 040b fae7 07f0 83fa 07f0  .B<.A...........
000071d0: 7efa 154c 154d ac42 03da 54f8 041b 8847  ~..L.M.B..T....G
000071e0: f9e7 03f0 2bfc 124c 124d ac42 03da 54f8  ....+..L.M.B..T.
000071f0: 041b 8847 f9e7 07f0 6bba 0000 0004 0020  ...G....k...... 
00007200: 000c 0020 0070 0008 08ed 00e0 0000 0020  ... .p......... 
00007210: 0004 0020 f40f 0108 000c 0020 3411 0020  ... ....... 4.. 
00007220: 3811 0020 8828 0020 6071 0008 6071 0008  8.. .(. `q..`q..
00007230: 6071 0008 6071 0008 92e7 00f0 00f8 fee7  `q..`q..........
00007240: 2de9 f04f c1f8 0cd0 c368 9d46 bde8 f08f  -..O.....h.F....
00007250: 0023 83f3 1188 2846 a047 0020 07f0 0efc  .#....(F.G. ....
00007260: fee7 07f0 65fb 00df fee7 0000 53b9 4ab9  ....e.......S.J.
00007270: 0029 08bf 0028 1cbf 4ff0 ff31 4ff0 ff30  .)...(..O..1O..0
00007280: 00f0 0cb8 adf1 080c 6de9 04ce 08f0 89ff  ........m.......
00007290: ddf8 04e0 dde9 0223 04b0 7047 7047 00bf  .......#..pGpG..
000072a0: 08b5 0620 00f0 40fa 0120 08f0 67ff 00bf  ... ..@.. ..g...
000072b0: 8307 70b4 cdb2 3dd0 541e 0ab3 0378 ab42  ..p...=.T....x.B
000072c0: 1fd0 431c 05e0 14f1 ff34 19d3 0278 aa42  ..C......4...x.B
000072d0: 17d0 13f0 030f 1846 03f1 0103 f3d1 032c  .......F.......,
000072e0: 11d8 4cb3 0378 ab42 0bd0 0444 431c 02e0  ..L..x.B...DC...
000072f0: 0278 aa42 05d0 9c42 1846 03f1 0103 f7d1  .x.B...B.F......
00007300: 0020 70bc 7047 0246 0e02 b6b2 2e43 46ea  . p.pG.F.....CF.
00007310: 0646 1368 1046 7340 a3f1 0131 21ea 0303  .F.h.Fs@...1!...
00007320: 13f0 803f 02f1 0402 dcd1 043c 032c 1046  ...?.......<.,.F
00007330: efd8 d6e7 1446 d2e7 2046 e2e7 032a 70b4  .....F.. F...*p.
00007340: 12d9 40ea 0105 ad07 0446 0b46 20d1 1946  ..@......F.F ..F
00007350: 2046 53f8 045b 54f8 046b ae42 18d1 043a   FS..[T..k.B...:
00007360: 032a 2046 1946 f2d8 541e 72b1 0378 0a78  .* F.F..T.r..x.x
00007370: 9a42 08bf 2418 06d0 0ce0 10f8 013f 11f8  .B..$........?..
00007380: 012f 9342 06d1 a042 f7d1 0020 70bc 7047  ./.B...B... p.pG
00007390: 541e ebe7 981a 70bc 7047 00bf 8446 41ea  T.....p.pG...FA.
000073a0: 0003 13f0 0303 49d1 403a 23d3 0b68 0360  ......I.@:#..h.`
000073b0: 4b68 4360 8b68 8360 cb68 c360 0b69 0361  KhC`.h.`.h.`.i.a
000073c0: 4b69 4361 8b69 8361 cb69 c361 0b6a 0362  KiCa.i.a.i.a.j.b
000073d0: 4b6a 4362 8b6a 8362 cb6a c362 0b6b 0363  KjCb.j.b.j.b.k.c
000073e0: 4b6b 4363 8b6b 8363 cb6b c363 4030 4031  KkCc.k.c.k.c@0@1
000073f0: 403a dbd2 3032 0bd3 0b68 0360 4b68 4360  @:..02...h.`KhC`
00007400: 8b68 8360 cb68 c360 1030 1031 103a f3d2  .h.`.h.`.0.1.:..
00007410: 0c32 05d3 51f8 043b 40f8 043b 043a f9d2  .2..Q..;@..;.:..
00007420: 0432 08d0 d207 1cbf 11f8 013b 00f8 013b  .2.........;...;
00007430: 01d3 0b88 0380 6046 7047 00bf 082a 13d3  ......`FpG...*..
00007440: 8b07 b1d0 10f0 0303 aed0 c3f1 0403 d21a  ................
00007450: db07 1cbf 11f8 013b 00f8 013b a4d3 31f8  .......;...;..1.
00007460: 023b 20f8 023b 9fe7 043a d9d3 013a 11f8  .; ..;...:...:..
00007470: 013b 00f8 013b f9d2 0b78 0370 4b78 4370  .;...;...x.pKxCp
00007480: 8b78 8370 6046 7047 f0b4 8607 46d0 541e  .x.p`FpG....F.T.
00007490: 002a 3cd0 cab2 0346 02e0 14f1 ff34 36d3  .*<....F.....46.
000074a0: 03f8 012b 9d07 f8d1 032c 29d9 cdb2 45ea  ...+.....,)...E.
000074b0: 0525 0f2c 45ea 0545 33d9 a4f1 1006 3609  .%.,E..E3.....6.
000074c0: 03f1 2007 07eb 0617 03f1 1002 42e9 0455  .. .........B..U
000074d0: 42e9 0255 1032 ba42 f8d1 721c 14f0 0c0f  B..U.2.B..r.....
000074e0: 03eb 0212 04f0 0f06 13d0 331f 23f0 0303  ..........3.#...
000074f0: 0433 1344 42f8 045b 9342 fbd1 06f0 0304  .3.DB..[.B......
00007500: 2cb1 c9b2 1c44 03f8 011b 9c42 fbd1 f0bc  ,....D.....B....
00007510: 7047 3446 1346 002c f3d1 f8e7 1446 0346  pG4F.F.,.....F.F
00007520: c2e7 1a46 2646 e0e7 38b5 124b 0546 1c68  ...F&F..8..K.F.h
00007530: a06b 18b1 0023 c0e9 0453 38bd 1820 00f0  .k...#...S8.. ..
00007540: 73f9 a063 78b1 0122 0023 c0e9 0423 0a4b  s..cx..".#...#.K
00007550: 0b24 8360 0023 0949 094a 8481 c0e9 0012  .$.`.#.I.J......
00007560: c0e9 0453 38bd 0246 064b 4221 0648 00f0  ...S8..F.KB!.H..
00007570: 13f9 00bf 000c 0020 ecde 0500 0e33 cdab  ....... .....3..
00007580: 3412 6de6 240f 0108 3c0f 0108 38b5 1a4b  4.m.$...<...8..K
00007590: 1c68 a26b 92b1 1469 1849 5369 01fb 04f1  .h.k...i.ISi....
000075a0: 1748 00fb 0313 a4fb 0045 611c 1d44 45f1  .H.......Ea..DE.
000075b0: 0003 23f0 0040 c2e9 0413 38bd 1820 00f0  ..#..@....8.. ..
000075c0: 33f9 0246 a063 88b1 0124 0025 0b21 c0e9  3..F.c...$.%.!..
000075d0: 0445 0c4b 0948 1360 0346 0b4d 0b4c 9181  .E.K.H.`.F.M.L..
000075e0: 0b49 c2e9 0154 c2e9 0413 38bd 094b 4e21  .I...T....8..KN!
000075f0: 0948 00f0 d1f8 00bf 000c 0020 2df4 5158  .H......... -.QX
00007600: 2d7f 954c 0e33 cdab 3412 6de6 ecde 0500  -..L.3..4.m.....
00007610: 2e7f 954c 240f 0108 3c0f 0108 10b5 8021  ...L$...<......!
00007620: 0446 00f0 65f9 6064 40b1 0022 031f 7c30  .F..e.`d@.."..|0
00007630: 43f8 042f 8342 fbd1 0020 10bd 4ff0 ff30  C../.B... ..O..0
00007640: 10bd 00bf 436c 0bb1 0020 7047 e6e7 00bf  ....Cl... pG....
00007650: 1f29 70b5 0546 08d8 436c 1646 0c46 4bb1  .)p..F..Cl.F.FK.
00007660: 53f8 2400 43f8 2460 70bd 1622 4ff0 ff30  S.$.C.$`p.."O..0
00007670: 2a60 70bd fff7 d2ff 08b9 6b6c f0e7 4ff0  *`p.......kl..O.
00007680: ff30 70bd 1f29 38b5 0546 20d8 426c 0c46  .0p..)8..F .Bl.F
00007690: 6ab1 52f8 2130 53b1 012b 16d0 591c 10d0  j.R.!0S..+..Y...
000076a0: 0025 2046 42f8 2450 9847 2846 38bd 2846  .% FB.$P.G(F8.(F
000076b0: 00f0 70f8 2246 0146 2846 bde8 3840 00f0  ..p."F.F(F..8@..
000076c0: 55b8 1623 0120 2b60 38bd 0020 38bd 1623  U..#. +`8.. 8..#
000076d0: 4ff0 ff30 2b60 38bd 1f29 21d8 38b5 436c  O..0+`8..)!.8.Cl
000076e0: 0546 0c46 83b1 53f8 2420 03eb 8403 4ab1  .F.F..S.$ ....J.
000076f0: 511c 10d0 012a 0cd0 0025 2046 1d60 9047  Q....*...% F.`.G
00007700: 2846 38bd 0120 38bd fff7 88ff 28b9 6b6c  (F8.. 8.....(.kl
00007710: e9e7 0320 38bd 0220 38bd 4ff0 ff30 38bd  ... 8.. 8.O..08.
00007720: 4ff0 ff30 7047 00bf 024b 0146 1868 fff7  O..0pG...K.F.h..
00007730: a9bf 00bf 000c 0020 024b 0a46 0146 1868  ....... .K.F.F.h
00007740: fff7 86bf 000c 0020 034b 1868 436c 0bb1  ....... .K.hCl..
00007750: 0020 7047 62e7 00bf 000c 0020 024b 0146  . pGb...... .K.F
00007760: 1868 fff7 b9bf 00bf 000c 0020 70b5 0d46  .h......... p..F
00007770: 0023 074c 0646 1146 2846 2360 08f0 06fd  .#.L.F.F(F#`....
00007780: 431c 00d0 70bd 2368 002b fbd0 3360 70bd  C...p.#h.+..3`p.
00007790: 6028 0020 08f0 02bd 00b5 0a4c 0546 2068  `(. .......L.F h
000077a0: 85b0 1c46 c068 52b1 074b cde9 0132 0091  ...F.hR..K...2..
000077b0: 2b46 2246 0549 00f0 23f8 fff7 71fd 044b  +F"F.I..#...q..K
000077c0: 1a46 f2e7 000c 0020 700f 0108 800f 0108  .F..... p.......
000077d0: 7c0f 0108 08b5 1346 0022 fff7 ddff 00bf  |......F."......
000077e0: 0cb4 10b5 82b0 04ac 54f8 042b 2346 0194  ........T..+#F..
000077f0: 00f0 24f9 02b0 bde8 1040 02b0 7047 00bf  ..$......@..pG..
00007800: 0eb4 30b5 82b0 05ac 54f8 042b 054d 0146  ..0.....T..+.M.F
00007810: 2346 2868 0194 00f0 11f9 02b0 bde8 3040  #F(h..........0@
00007820: 03b0 7047 000c 0020 024b 0146 1868 00f0  ..pG... .K.F.h..
00007830: 5fb8 00bf 000c 0020 024b 0146 1868 00f0  _...... .K.F.h..
00007840: 03b8 00bf 000c 0020 0029 3ad0 38b5 51f8  ....... .):.8.Q.
00007850: 043c 0c1f 002b b8bf e418 0546 01f0 42fa  .<...+.....F..B.
00007860: 224b 1a68 2ab1 a242 0dd9 2168 6018 8242  "K.h*..B..!h`..B
00007870: 21d0 6260 2846 1c60 bde8 3840 01f0 38ba  !.b`(F.`..8@..8.
00007880: a342 03d8 1a46 5368 002b f9d1 1168 5018  .B...FSh.+...hP.
00007890: a042 17d0 22d8 2168 6018 8342 03bf d3e9  .B..".!h`..B....
000078a0: 0003 0918 c4e9 0013 6360 5460 2846 bde8  ........c`T`(F..
000078b0: 3840 01f0 1dba d2e9 0002 0144 c4e9 0012  8@.........D....
000078c0: d8e7 7047 2068 0144 5018 8342 1160 edd1  ..pG h.DP..B.`..
000078d0: d3e9 0003 0144 c2e9 0013 e7e7 0c23 2846  .....D.......#(F
000078e0: 2b60 bde8 3840 01f0 03ba 00bf 3811 0020  +`..8@......8.. 
000078f0: f8b5 cd1c 25f0 0305 0835 0c2d 38bf 0c25  ....%....5.-8..%
00007900: 002d 0646 33db a942 31d8 2a4f 01f0 eaf9  .-.F3..B1.*O....
00007910: 3a68 52b1 1368 5b1b 04d4 3fe0 2368 5b1b  :hR..h[...?.#h[.
00007920: 29d5 2246 5468 002c f8d1 7968 0029 3bd0  )."FTh.,..yh.);.
00007930: 2946 3046 08f0 07fc 431c 28d0 c41c 24f0  )F0F....C.(...$.
00007940: 0304 a042 05d0 211a 3046 08f0 fcfb 0130  ...B..!.0F.....0
00007950: 1dd0 2560 3046 01f0 cbf9 04f1 0b00 20f0  ..%`0F........ .
00007960: 0700 231d c21a 01d0 1b1a a350 f8bd 0c22  ..#........P..."
00007970: 0020 3260 f8bd 0b2b 05d8 a242 6368 11d0  . 2`...+...Bch..
00007980: 5360 e7e7 1446 2360 1c44 2560 e2e7 0c23  S`...F#`.D%`...#
00007990: 3046 3360 01f0 acf9 0020 f8bd 0b2b f1d8  0F3`..... ...+..
000079a0: 1446 5368 3b60 d5e7 3046 08f0 ccfb 7860  .FSh;`..0F....x`
000079b0: bee7 00bf 3811 0020 9368 013b 002b 9360  ....8.. .h.;.+.`
000079c0: 0fda 10b4 9469 a342 08db 0a29 06d0 1368  .....i.B...)...h
000079d0: 581c 1060 1970 0846 10bc 7047 10bc 00f0  X..`.p.F..pG....
000079e0: 9fbb 1368 581c 1060 1970 0846 7047 00bf  ...hX..`.p.FpG..
000079f0: 9bb1 f8b5 1344 0f46 0646 5d1e 541e 01e0  .....D.F.F].T...
00007a00: ac42 08d0 3a46 14f8 011f 3046 fff7 d4ff  .B..:F....0F....
00007a10: 431c f5d1 f8bd 0020 f8bd 0020 7047 00bf  C...... ... pG..
00007a20: 9368 10b5 1446 13b9 5360 1846 10bd 00f0  .h...F..S`.F....
00007a30: 9bfe 0023 c4e9 0133 10bd 00bf 2de9 f04f  ...#...3....-..O
00007a40: 9fb0 8b46 9046 1c46 0390 18b1 8369 002b  ...F.F.F.....i.+
00007a50: 00f0 c880 b54b 9b45 00f0 ca80 b44b 9b45  .....K.E.....K.E
00007a60: 00f0 ca80 b34b 9b45 04bf 039b d3f8 0cb0  .....K.E........
00007a70: dbf8 6430 bbf8 0c20 db07 02d4 9705 40f1  ..d0... ......@.
00007a80: 4781 1607 40f1 2b81 dbf8 1030 002b 00f0  G...@.+....0.+..
00007a90: 2681 0020 2021 3022 98f8 0030 0127 0594  &..  !0"...0.'..
00007aa0: 0b90 8df8 3110 a44e 8df8 3220 002b 00f0  ....1..N..2 .+..
00007ab0: 8880 252b 00f0 1181 4546 03e0 252b 00f0  ..%+....EF..%+..
00007ac0: 9f80 2546 6b78 6c1c 002b f7d1 b4eb 080a  ..%Fkxl..+......
00007ad0: 77d0 4246 5346 5946 0398 fff7 89ff 0130  w.BFSFYF.......0
00007ae0: 6fd0 0b9b 6a78 5344 0b93 002a 69d0 0023  o...jxSD...*i..#
00007af0: 4ff0 ff32 0134 0693 cde9 0833 8df8 5b30  O..2.4.....3..[0
00007b00: 1c93 0792 06e0 2c46 069b 801b 07fa 00f0  ......,F........
00007b10: 1843 0690 2546 0522 15f8 011b 3046 fff7  .C..%F."....0F..
00007b20: c7fb aa46 0028 eed1 069b d806 44bf 2022  ...F.(......D. "
00007b30: 8df8 5b20 1907 48bf 2b22 2178 48bf 8df8  ..[ ..H.+"!xH...
00007b40: 5b20 2a29 61d1 059a 1168 0432 0029 0592  [ *)a....h.2.)..
00007b50: c0f2 9880 0991 6178 a51c 2e29 6ed0 774c  ......ax...)n.wL
00007b60: 0322 2046 fff7 a4fb 0028 00f0 8180 4022  ." F.....(....@"
00007b70: 069b 001b 02fa 00f0 0343 0693 05f1 0108  .........C......
00007b80: 2b78 0622 1946 6e48 8df8 3030 fff7 90fb  +x.".FnH..00....
00007b90: 0028 7dd0 6b4b 002b 6dd0 05ab 0093 5a46  .(}.kK.+m.....ZF
00007ba0: 694b 06a9 0398 aff3 0080 8146 b9f1 ff3f  iK.........F...?
00007bb0: 07d0 0b9b 4b44 0b93 98f8 0030 002b 7ff4  ....KD.....0.+..
00007bc0: 78af dbf8 6430 13f0 010f bbf8 0c30 02d1  x...d0.......0..
00007bd0: 9a05 40f1 a480 5b06 00f1 9480 0b98 1fb0  ..@...[.........
00007be0: bde8 f08f 00f0 a8fc 504b 9b45 7ff4 36af  ........PK.E..6.
00007bf0: 039b d3f8 04b0 3be7 039b d3f8 08b0 37e7  ......;.......7.
00007c00: b4eb 080a 3ff4 73af 63e7 a1f1 3002 092a  ....?.s.c...0..*
00007c10: 88bf a246 a1d8 099b 01e0 2c46 0135 2978  ...F......,F.5)x
00007c20: 03eb 8303 02eb 4303 a1f1 3002 092a aa46  ......C...0..*.F
00007c30: f3d9 2e29 04f1 0205 0993 90d1 9af8 0110  ...)............
00007c40: 2a29 2fd1 059b 0af1 0200 1a68 0433 002a  *)/........h.3.*
00007c50: 0792 0593 9af8 0210 0af1 0305 38db 374c  ............8.7L
00007c60: 8246 0322 2046 fff7 23fb 0028 7ff4 7faf  .F." F..#..(....
00007c70: a846 5546 84e7 059b 0733 23f0 0703 0833  .FUF.....3#....3
00007c80: 0593 96e7 4942 43f0 0203 0991 0693 62e7  ....IBC.......b.
00007c90: 05ab 0093 5a46 2c4b 06a9 0398 00f0 f6f8  ....ZF,K........
00007ca0: 8146 83e7 0023 a1f1 3002 092a 0793 01d9  .F...#..0..*....
00007cb0: 2be0 5546 6978 03eb 8303 02eb 4303 a1f1  +.UFix......C...
00007cc0: 3002 092a 05f1 010a f3d9 0235 0793 46e7  0..*.......5..F.
00007cd0: 4ff0 ff33 8246 0793 41e7 4446 07e7 5946  O..3.F..A.DF..YF
00007ce0: 0398 00f0 7dfa 0028 3ff4 d3ae dbf8 6430  ....}..(?.....d0
00007cf0: dd07 07d4 bbf8 0c30 9c05 03d4 dbf8 5800  .......0......X.
00007d00: 00f0 10ff 4ff0 ff30 69e7 aa46 0135 26e7  ....O..0i..F.5&.
00007d10: dbf8 5800 00f0 fefe bbf8 0c20 b1e6 dbf8  ..X........ ....
00007d20: 5800 00f0 fffe bbf8 0c30 54e7 9005 0108  X........0T.....
00007d30: 7005 0108 5005 0108 b00f 0108 b80f 0108  p...P...........
00007d40: bc0f 0108 0000 0000 f179 0008 10b4 044c  .........y.....L
00007d50: 1346 0a46 0146 2068 10bc fff7 6fbe 00bf  .F.F.F h....o...
00007d60: 000c 0020 2de9 f047 0c46 0969 a568 9146  ... -..G.F.i.h.F
00007d70: 8d42 b8bf 0d46 1560 94f8 4310 0646 1f46  .B...F.`..C..F.F
00007d80: ddf8 2080 11b1 6a1c c9f8 0020 2368 9906  .. ...j.... #h..
00007d90: 5cd5 d9f8 0020 0232 c9f8 0020 2368 13f0  \.... .2... #h..
00007da0: 060f 1946 1dd1 e168 8a1a 002a d8bf 1946  ...F...h...*...F
00007db0: 17dd 0025 04f1 190a 05e0 e368 d9f8 0020  ...%.......h... 
00007dc0: 9b1a ab42 0cdd 0123 5246 3946 3046 c047  ...B...#RF9F0F.G
00007dd0: 0130 05f1 0105 f0d1 4ff0 ff30 bde8 f087  .0......O..0....
00007de0: 2168 94f8 4330 0033 18bf 0123 8a06 0ad5  !h..C0.3...#....
00007df0: 3021 e218 82f8 4310 94f8 4510 5a1c 2244  0!....C...E.Z."D
00007e00: 82f8 4310 0233 04f1 4302 3946 3046 c047  ..C..3..C.9F0F.G
00007e10: 0130 e1d0 2368 a268 03f0 0603 042b 2169  .0..#h.h.....+!i
00007e20: 1dd0 8a42 26dd 4ff0 0009 521a 9144 0025  ...B&.O...R..D.%
00007e30: 1a34 01e0 4d45 1dda 0123 2246 3946 3046  .4..ME...#"F9F0F
00007e40: c047 0130 05f1 0105 f4d1 c5e7 13f0 060f  .G.0............
00007e50: 13d0 94f8 4330 0033 18bf 0123 d3e7 d9f8  ....C0.3...#....
00007e60: 0000 e368 8a42 a3eb 0003 23ea e379 dcdc  ...h.B....#..y..
00007e70: 002b dcdc 0020 bde8 f087 e168 d9f8 0020  .+... .....h... 
00007e80: 8a1a 002a d8bf 1946 93dc aae7 2de9 f043  ...*...F....-..C
00007e90: 0c46 097e 85b0 6e29 0646 1746 9846 04f1  .F.~..n).F.F.F..
00007ea0: 430c 0c98 6dd0 39d9 7329 00f0 f480 44d9  C...m.9.s)....D.
00007eb0: 7529 00f0 0281 7829 40f0 0f81 7823 2268  u)....x)@...x#"h
00007ec0: dff8 54e2 84f8 4530 0168 1506 51f8 043b  ..T...E0.h..Q..;
00007ed0: 0160 40f1 a180 d107 44bf 42f0 2002 2260  .`@.....D.B. ."`
00007ee0: 002b 00f0 9380 1022 0021 84f8 4310 6068  .+.....".!..C.`h
00007ef0: 0028 a060 c0f2 c680 2168 21f0 0401 2160  .(.`....!h!...!`
00007f00: 002b 40f0 a280 0028 40f0 be80 6546 082a  .+@....(@...eF.*
00007f10: 00f0 ab80 aceb 0503 2361 41e0 6329 00f0  ........#aA.c)..
00007f20: e380 1ad8 0029 38d0 5829 40f0 d680 84f8  .....)8.X)@.....
00007f30: 4510 2268 dff8 e4e1 c6e7 6f29 00f0 bd80  E."h......o)....
00007f40: 7029 40f0 ca80 7823 2268 dff8 cce1 42f0  p)@...x#"h....B.
00007f50: 2002 2260 84f8 4530 b6e7 6429 02d0 6929   ."`..E0..d)..i)
00007f60: 40f0 bb80 2268 0368 1106 03f1 0405 57d5  @..."h.h......W.
00007f70: 1968 0560 0b46 0029 59db 0a22 dff8 9ce1  .h.`.F.)Y.."....
00007f80: b5e7 0368 2268 1d1d 6169 0560 1506 1b68  ...h"h..ai.`...h
00007f90: 02d4 5006 00f1 bb80 1960 0023 6546 2361  ..P......`.#eF#a
00007fa0: cdf8 0080 3b46 03aa 2146 3046 fff7 dafe  ....;F..!F0F....
00007fb0: 0130 20d0 2a46 2369 3946 3046 c047 0130  .0 .*F#i9F0F.G.0
00007fc0: 19d0 2268 0398 9207 e368 19d5 1a1a 002a  .."h.....h.....*
00007fd0: 16dd 0025 04f1 1909 04e0 e368 0398 1a1a  ...%.......h....
00007fe0: aa42 0ddd 0123 4a46 3946 3046 c047 0130  .B...#JF9F0F.G.0
00007ff0: 05f1 0105 f1d1 4ff0 ff30 05b0 bde8 f083  ......O..0......
00008000: 9842 b8bf 1846 05b0 bde8 f083 2168 1022  .B...F......!h."
00008010: 21f0 2001 2160 67e7 5006 48bf 9bb2 5ae7  !. .!`g.P.H...Z.
00008020: 5106 a5d5 b3f9 0030 0560 1946 a3e7 2d20  Q......0.`.F..- 
00008030: 6168 5b42 0029 84f8 4300 a160 02db 22f0  ah[B.)..C..`..".
00008040: 0402 2260 0a22 dff8 d4e0 6546 00e0 0b46  .."`."....eF...F
00008050: b3fb f2f1 02fb 1130 1ef8 0000 9342 05f8  .......0.....B..
00008060: 010d f4d2 082a 7ff4 55af 2368 db07 7ff5  .....*..U.#h....
00008070: 51af 6268 2369 9a42 3ff7 4caf 3023 013d  Q.bh#i.B?.L.0#.=
00008080: 2b70 47e7 002b e0d1 9ef8 0030 04f1 4205  +pG..+.....0..B.
00008090: 84f8 4230 3be7 0368 6268 191d 0160 1d68  ..B0;..hbh...`.h
000080a0: 0021 2846 fff7 04f9 0028 32d0 401b 6060  .!(F.....(2.@.``
000080b0: 2061 0023 84f8 4330 72e7 2268 0368 12f0   a.#..C0r."h.h..
000080c0: 800f 03f1 0405 1ad0 1b68 0560 6f29 0cbf  .........h.`o)..
000080d0: 0822 0a22 dff8 44e0 06e7 0123 84f8 4210  ."."..D....#..B.
000080e0: 2361 04f1 4205 e4e7 0122 0368 04f1 4205  #a..B....".h..B.
000080f0: 191d 1b68 0160 84f8 4230 2261 d9e7 12f0  ...h.`..B0"a....
00008100: 400f 0dbf 1b68 0560 1b88 0560 dee7 1980  @....h.`...`....
00008110: 43e7 6068 cce7 00bf d80f 0108 c40f 0108  C.`h............
00008120: f8b5 0d46 1446 0646 08b1 8369 43b3 254b  ...F.F.F...iC.%K
00008130: 9c42 2ad0 244b 9c42 29d0 244b 9c42 08bf  .B*.$K.B).$K.B..
00008140: f468 a269 a389 a260 1a07 22d5 2369 03b3  .h.i...`..".#i..
00008150: 2268 6169 d31a edb2 9942 2f46 29dd 0133  "hai.....B/F)..3
00008160: a168 501c 0139 a160 2060 1570 6269 9a42  .hP..9.` `.pbi.B
00008170: 16d0 a389 db07 01d5 0a2d 11d0 3846 f8bd  .........-..8F..
00008180: 00f0 daf9 0f4b 9c42 d4d1 7468 d9e7 b468  .....K.B..th...h
00008190: d7e7 2146 3046 00f0 23f8 38b9 2369 d7e7  ..!F0F..#.8.#i..
000081a0: 2146 3046 00f0 32f9 0028 e7d0 4ff0 ff37  !F0F..2..(..O..7
000081b0: e4e7 2146 3046 00f0 29f9 0028 f6d1 0123  ..!F0F..)..(...#
000081c0: 2268 cde7 9005 0108 7005 0108 5005 0108  "h......p...P...
000081d0: 024b 0a46 0146 1868 fff7 a2bf 000c 0020  .K.F.F.h....... 
000081e0: 3b4b 70b5 1d68 0646 0c46 0db1 ab69 dbb1  ;Kp..h.F.F...i..
000081f0: 384b 9c42 1ed0 384b 9c42 4ad0 374b 9c42  8K.B..8K.BJ.7K.B
00008200: 08bf ec68 b4f9 0c20 93b2 1907 18d5 2069  ...h... ...... i
00008210: 08b3 13f0 0102 2cd0 0022 6369 a260 5b42  ......,.."ci.`[B
00008220: a361 60b3 0020 70bd 2846 00f0 85f9 294b  .a`.. p.(F....)K
00008230: 9c42 e0d1 6c68 b4f9 0c20 93b2 1907 e6d4  .B..lh... ......
00008240: dd06 3cd5 5807 26d4 2069 42f0 0803 a381  ..<.X.&. iB.....
00008250: 9bb2 0028 ddd1 03f4 2072 b2f5 007f d8d0  ...(.... r......
00008260: 3046 2146 00f0 8efc a389 2069 13f0 0102  0F!F...... i....
00008270: d2d1 9907 58bf 6269 a260 0028 d2d1 b4f9  ....X.bi.`.(....
00008280: 0c30 1a06 cfd5 43f0 4003 a381 4ff0 ff30  .0....C.@...O..0
00008290: 70bd ac68 b6e7 616b 51b1 04f1 4403 9942  p..h..akQ...D..B
000082a0: 04d0 3046 fff7 d0fa b4f9 0c20 0023 6363  ..0F....... .#cc
000082b0: 0023 2069 22f0 2402 c4e9 0003 c5e7 0923  .# i".$........#
000082c0: 42f0 4002 3360 4ff0 ff30 a281 70bd 00bf  B.@.3`O..0..p...
000082d0: 000c 0020 9005 0108 7005 0108 5005 0108  ... ....p...P...
000082e0: 2de9 f041 8f89 0c46 3a07 8046 41d4 4b68  -..A...F:..FA.Kh
000082f0: 002b 59dd e66a 002e 53d0 0023 17f4 8052  .+Y..j..S..#...R
00008300: d8f8 0050 216a c8f8 0030 51d1 0123 4046  ...P!j...0Q..#@F
00008310: b047 431c 5fd0 a789 e66a 216a 7f07 05d5  .GC._....j!j....
00008320: 6268 636b 801a 0bb1 236c c01a 0246 0023  bhck....#l...F.#
00008330: 4046 b047 461c 45d1 d8f8 0030 b4f9 0c20  @F.GF.E....0... 
00008340: 002b 55d0 1d2b 01d0 162b 5ad1 0022 2369  .+U..+...+Z.."#i
00008350: c4e9 0032 616b c8f8 0050 11b3 04f1 4403  ...2ak...P....D.
00008360: 9942 02d0 4046 fff7 6ffa 0020 6063 bde8  .B..@F..o.. `c..
00008370: f081 0e69 aeb1 0d68 0e60 b907 14bf 0023  ...i...h.`.....#
00008380: 6369 ad1b a360 0ae0 2b46 3246 a76a 216a  ci...`..+F2F.j!j
00008390: 4046 b847 0028 a5eb 0005 0644 0add 002d  @F.G.(.....D...-
000083a0: f2dc 0020 bde8 f081 0b6c 002b a2dc f8e7  ... .....l.+....
000083b0: 606d b3e7 a389 4ff0 ff30 43f0 4003 a381  `m....O..0C.@...
000083c0: bde8 f081 0023 2269 6360 a389 2260 da04  .....#"ic`.."`..
000083d0: c0d5 6065 bee7 d8f8 0030 002b 9bd0 1d2b  ..`e.....0.+...+
000083e0: 0cd0 162b 0ad0 a389 43f0 4003 a381 d9e7  ...+....C.@.....
000083f0: 2169 c4e9 0013 d304 acd5 eae7 c8f8 0050  !i.............P
00008400: cfe7 42f0 4002 a281 cce7 00bf 38b5 0b69  ..B.@.......8..i
00008410: 1bb3 0c46 0546 08b1 8369 1bb3 184b 9c42  ...F.F...i...K.B
00008420: 1ed0 184b 9c42 20d0 174b 9c42 08bf ec68  ...K.B ..K.B...h
00008430: b4f9 0c30 8bb1 626e d007 01d4 9905 16d5  ...0..bn........
00008440: 2846 2146 fff7 4cff 636e 0546 da07 02d4  (F!F..L.cn.F....
00008450: a389 9b05 0fd5 2846 38bd 0025 2846 38bd  ......(F8..%(F8.
00008460: 6c68 e5e7 00f0 68f8 d8e7 ac68 e0e7 a06d  lh....h....h...m
00008470: 00f0 50fb e4e7 a06d 00f0 54fb ebe7 00bf  ..P....m..T.....
00008480: 9005 0108 7005 0108 5005 0108 20b1 054b  ....p...P... ..K
00008490: 0146 1868 fff7 babf 034b 0449 1868 00f0  .F.h.....K.I.h..
000084a0: 07bb 00bf 000c 0020 4c05 0108 0d84 0008  ....... L.......
000084b0: 0149 00f0 fdba 00bf 0d84 0008 08b5 436e  .I............Cn
000084c0: da07 02d4 8389 9b05 01d5 0020 08bd 806d  ........... ...m
000084d0: 00f0 20fb 0020 08bd 08b5 436e da07 02d4  .. .. ....Cn....
000084e0: 8389 9b05 01d5 0020 08bd 806d 00f0 1afb  ....... ...m....
000084f0: 0020 08bd 70b5 6825 4a1e 05fb 02f5 0e46  . ..p.h%J......F
00008500: 05f1 7401 fff7 f4f9 0446 40b1 0021 0c30  ..t......F@..!.0
00008510: 6660 05f1 6802 2160 a060 fef7 b5ff 2046  f`..h.!`.`.... F
00008520: 70bd 00bf 024b 0349 1868 00f0 c1ba 00bf  p....K.I.h......
00008530: 4c05 0108 0d84 0008 2de9 f84f 0546 3a48  L.......-..O.F:H
00008540: 00f0 e8fa ab69 002b 69d1 384a c5e9 1233  .....i.+i.8J...3
00008550: 1268 2b65 aa42 08bf 0123 3549 08bf ab61  .h+e.B...#5I...a
00008560: a962 2846 00f0 72f8 6860 2846 00f0 6ef8  .b(F..r.h`(F..n.
00008570: a860 2846 0024 00f0 69f8 0423 6e68 e860  .`(F.$..i..#nh.`
00008580: 2146 7466 c6e9 0044 b460 c6e9 0444 b461  !Ftf...D.`...D.a
00008590: f360 06f1 5c00 0822 fef7 76ff dff8 9cb0  .`..\.."..v.....
000085a0: af68 dff8 9ca0 dff8 9c90 dff8 9c80 214b  .h............!K
000085b0: c6e9 086b c6e9 0aa9 c6f8 3080 2146 fb60  ...k......0.!F.`
000085c0: 7c66 c7e9 0044 bc60 c7e9 0444 bc61 07f1  |f...D.`...D.a..
000085d0: 5c00 0822 fef7 58ff ee68 174b c7e9 087b  \.."..X..h.K...{
000085e0: c7e9 0aa9 c7f8 3080 2146 f360 7466 c6e9  ......0.!F.`tf..
000085f0: 0044 b460 c6e9 0444 b461 06f1 5c00 0822  .D.`...D.a..\.."
00008600: fef7 42ff 0123 c6e9 086b c6e9 0aa9 c6f8  ..B..#...k......
00008610: 3080 0548 ab61 bde8 f84f 00f0 83ba 0248  0..H.a...O.....H
00008620: bde8 f84f 00f0 7eba 7028 0020 4c05 0108  ...O..~.p(. L...
00008630: b184 0008 0900 0100 1200 0200 498d 0008  ............I...
00008640: 718d 0008 b18d 0008 d18d 0008 70b5 0646  q...........p..F
00008650: 2448 00f0 5ffa 244b 1d68 ab69 7bb3 4835  $H.._.$K.h.i{.H5
00008660: d5e9 0134 013b 05d5 25e0 013b 5a1c 04f1  ...4.;..%..;Z...
00008670: 6804 20d0 b4f9 0c20 002a f6d1 0025 1b4b  h. .... .*...%.K
00008680: 04f1 5800 e360 6566 00f0 3cfa 1548 00f0  ..X..`ef..<..H..
00008690: 49fa 2560 c4e9 0155 c4e9 0455 a561 2946  I.%`...U...U.a)F
000086a0: 0822 04f1 5c00 fef7 effe c4e9 0d55 c4e9  ."..\........U..
000086b0: 1255 2046 70bd 2c68 2cb1 2546 d0e7 2846  .U Fp.,h,.%F..(F
000086c0: fff7 3aff cbe7 0421 3046 fff7 13ff 0446  ..:....!0F.....F
000086d0: 2860 0028 f1d1 0348 00f0 24fa 0c23 3360  (`.(...H..$..#3`
000086e0: e7e7 00bf 8428 0020 4c05 0108 0100 ffff  .....(. L.......
000086f0: 0148 00f0 0fba 00bf 8428 0020 0148 00f0  .H.......(. .H..
00008700: 11ba 00bf 8428 0020 0148 00f0 03ba 00bf  .....(. .H......
00008710: 7028 0020 0148 00f0 05ba 00bf 7028 0020  p(. .H......p(. 
00008720: 08b5 0548 00f0 f6f9 044b 0549 1868 bde8  ...H.....K.I.h..
00008730: 0840 00f0 99b9 00bf 8428 0020 000c 0020  .@.......(. ... 
00008740: bd84 0008 08b5 054b 0549 1868 00f0 8cf9  .......K.I.h....
00008750: bde8 0840 0348 00f0 e5b9 00bf 000c 0020  ...@.H......... 
00008760: d984 0008 8428 0020 9368 002b 00f0 fc80  .....(. .h.+....
00008770: 2de9 f04f b1f9 0c30 0c46 9bb2 1907 83b0  -..O...0.F......
00008780: 8246 9046 2bd5 2269 4ab3 13f0 0202 d8f8  .F.F+."iJ.......
00008790: 0060 33d0 0027 3d46 d4f8 28b0 216a dff8  .`3..'=F..(.!j..
000087a0: c492 c5b1 4d45 2b46 3a46 28bf 4b46 5046  ....ME+F:F(.KFPF
000087b0: d847 0028 40f3 ce80 d8f8 0830 0744 1b1a  .G.(@......0.D..
000087c0: 2d1a c8f8 0830 002b 00f0 b380 d4f8 28b0  -....0.+......(.
000087d0: 216a 002d e6d1 d6e9 0075 0836 e1e7 2146  !j.-.....u.6..!F
000087e0: 5046 fff7 fdfc 0028 40f0 3781 b4f9 0c30  PF.....(@.7....0
000087f0: d8f8 0060 9bb2 13f0 0202 cbd1 13f0 0109  ...`............
00008800: 40f0 b480 4d46 a768 2068 002d 55d0 9a05  @...MF.h h.-U...
00008810: 40f1 c080 af42 bb46 00f2 ee80 13f4 906f  @....B.F.......o
00008820: 2fd0 d4e9 0417 07eb 4707 a0eb 010b 07eb  /.......G.......
00008830: d777 681c 7f10 5844 b842 3a46 84bf 0746  .wh...XD.B:F...F
00008840: 3a46 5b05 40f1 f080 1146 5046 fff7 50f8  :F[.@....FPF..P.
00008850: 0028 00f0 fc80 5a46 2169 0190 fef7 9efd  .(....ZF!i......
00008860: a289 019b 22f4 9062 42f0 8002 a281 a7eb  ...."..bB.......
00008870: 0b02 03eb 0b00 6761 ab46 2f46 2361 2060  ......ga.F/F#a `
00008880: a260 5a46 4946 00f0 c7f9 2368 a268 5b44  .`ZFIF....#h.h[D
00008890: ab46 0025 d71b a760 2360 d8f8 0870 d944  .F.%...`#`...p.D
000088a0: a7eb 0b07 c8f8 0870 002f 42d0 b4f9 0c30  .......p./B....0
000088b0: a768 9bb2 2068 002d a9d1 d6e9 0095 0836  .h.. h.-.......6
000088c0: a3e7 0bf1 0803 53f8 047c 9b46 53f8 086c  ......S..|.FS..l
000088d0: 0833 002f f7d0 3a46 0a21 3046 fef7 e8fc  .3./..:F.!0F....
000088e0: 0028 54d0 0130 a0eb 0609 4b46 2068 2169  .(T..0....KF h!i
000088f0: bb42 28bf 3b46 8842 6269 03d9 a568 1544  .B(.;F.Bbi...h.D
00008900: ab42 1adc 9a42 00f3 8180 1346 a56a 3246  .B...B.....F.j2F
00008910: 216a 5046 a847 051e 1cdd b9eb 0509 6ed0  !jPF.G........n.
00008920: 0120 d8f8 0830 2e44 5b1b 7f1b c8f8 0830  . ...0.D[......0
00008930: 13bb 0020 03b0 bde8 f08f 3146 2a46 00f0  ... ......1F*F..
00008940: 6bf9 2368 2146 2b44 2360 5046 fff7 5efd  k.#h!F+D#`PF..^.
00008950: 0028 e2d0 b4f9 0c30 4ff0 ff30 43f0 4003  .(.....0O..0C.@.
00008960: a381 03b0 bde8 f08f 0020 7047 3346 9146  ......... pG3F.F
00008970: 1046 1746 4e46 9b46 002f a2d0 0028 b4d1  .F.FNF.F./...(..
00008980: 3a46 0a21 3046 fef7 93fc 0028 aad1 7b1c  :F.!0F.....(..{.
00008990: 9946 abe7 2369 8342 17d3 6269 aa42 14d8  .F..#i.B..bi.B..
000089a0: 2f4b a76a 9d42 94bf 2b46 6ff0 0043 93fb  /K.j.B..+Fo..C..
000089b0: f2f3 216a 02fb 03f3 5046 4a46 b847 b0f1  ..!j....PFJF.G..
000089c0: 000b c7dd a5eb 0b05 67e7 af42 28bf 2f46  ........g..B(./F
000089d0: 4946 3a46 00f0 20f9 a368 2268 db1b 3a44  IF:F.. ..h"h..:D
000089e0: bb46 a360 2260 002b ecd1 2146 5046 fff7  .F.`"`.+..!FPF..
000089f0: 0dfd 0028 e6d0 ade7 2f46 ab46 41e7 2146  ...(..../F.FA.!F
00008a00: 5046 fff7 03fd 0028 8bd0 a3e7 1a46 3146  PF.....(.....F1F
00008a10: 1d46 0193 00f0 00f9 a168 2268 019b c91a  .F.......h"h....
00008a20: 1344 a160 2360 78e7 5046 00f0 67f9 0346  .D.`#`x.PF..g..F
00008a30: 0028 7ff4 1caf 2169 5046 fef7 05ff 0c22  .(....!iPF....."
00008a40: b4f9 0c30 caf8 0020 23f0 8003 84e7 0c22  ...0... #......"
00008a50: b4f9 0c30 caf8 0020 7ee7 4ff0 ff30 69e7  ...0... ~.O..0i.
00008a60: feff ff7f 00fc ff7f 2de9 f041 10f1 4807  ........-..A..H.
00008a70: 1ad0 8846 0026 d7e9 0154 013d 0ed4 a389  ...F.&...T.=....
00008a80: 013d 012b 06d9 b4f9 0e30 0133 02d0 2046  .=.+.....0.3.. F
00008a90: c047 0643 6b1c 04f1 6804 f0d1 3f68 002f  .G.Ck...h...?h./
00008aa0: e9d1 3046 bde8 f081 3e46 3046 bde8 f081  ..0F....>F0F....
00008ab0: 2de9 f843 10f1 4806 1ed0 8846 0746 4ff0  -..C..H....F.FO.
00008ac0: 0009 d6e9 0154 013d 10d4 a389 013d 012b  .....T.=.....=.+
00008ad0: 08d9 b4f9 0e30 0133 04d0 2146 3846 c047  .....0.3..!F8F.G
00008ae0: 49ea 0009 6b1c 04f1 6804 eed1 3668 002e  I...k...h...6h..
00008af0: e7d1 4846 bde8 f883 b146 4846 bde8 f883  ..HF.....FHF....
00008b00: 7047 00bf 7047 00bf 7047 00bf 7047 00bf  pG..pG..pG..pG..
00008b10: 7047 00bf 7047 00bf 0120 7047 0120 7047  pG..pG... pG. pG
00008b20: 7047 00bf 7047 00bf 70b5 0c46 b1f9 0e10  pG..pG..p..F....
00008b30: 96b0 0029 1646 1d46 13db 6a46 07f0 10fb  ...).F.F..jF....
00008b40: 0028 0edb 019a 4ff4 8063 02f4 7042 a2f5  .(....O..c..pB..
00008b50: 0052 b2fa 82f2 0020 5209 2a60 3360 16b0  .R..... R.*`3`..
00008b60: 70bd 0022 a389 2a60 1b06 04d5 4023 0020  p.."..*`....@#. 
00008b70: 3360 16b0 70bd 4ff4 8063 0020 3360 16b0  3`..p.O..c. 3`..
00008b80: 70bd 00bf 8a89 0b46 9207 06d5 0121 03f1  p......F.....!..
00008b90: 4702 5961 1a60 1a61 7047 70b5 82b0 01ab  G.Ya.`.apGp.....
00008ba0: 6a46 0c46 0646 fff7 bfff 0099 0546 3046  jF.F.F.......F0F
00008bb0: fef7 9efe b4f9 0c30 70b1 164a 0099 b262  .......0p..J...b
00008bc0: 019a 43f0 8003 a381 2060 c4e9 0401 8ab9  ..C..... `......
00008bd0: 2b43 a381 02b0 70bd 9a05 fbd4 0121 23f0  +C....p......!#.
00008be0: 0303 04f1 4702 43f0 0203 a381 6161 2260  ....G.C.....aa"`
00008bf0: 2261 efe7 3046 b4f9 0e10 07f0 bdfa 10b9  "a..0F..........
00008c00: b4f9 0c30 e4e7 a389 23f0 0303 43f0 0103  ...0....#...C...
00008c10: 1bb2 dde7 b184 0008 8842 f0b4 0dd9 8b18  .........B......
00008c20: 8342 0ad9 8418 32b1 2246 13f8 014d 9942  .B....2."F...M.B
00008c30: 02f8 014d f9d1 f0bc 7047 0f2a 0ed8 0346  ...M....pG.*...F
00008c40: 541e 002a f7d0 0134 0c44 013b 11f8 012b  T..*...4.D.;...+
00008c50: a142 03f8 012f f9d1 f0bc 7047 40ea 0103  .B.../....pG@...
00008c60: 9b07 3ad1 a2f1 1007 3f09 01f1 2006 06eb  ..:.....?... ...
00008c70: 0716 01f1 1003 00f1 1004 53f8 105c 1033  ..........S..\.3
00008c80: 44f8 105c 53f8 1c5c 1034 44f8 1c5c 53f8  D..\S..\.4D..\S.
00008c90: 185c 44f8 185c 53f8 145c b342 44f8 145c  .\D..\S..\.BD..\
00008ca0: ebd1 7b1c 1b01 12f0 0c0f 1944 02f0 0f05  ..{........D....
00008cb0: 0344 15d0 0e46 043d ad08 03eb 850c 1c1f  .D...F.=........
00008cc0: 56f8 047b 44f8 047f 6445 f9d1 0135 ad00  V..{D...dE...5..
00008cd0: 2b44 2944 02f0 0302 b2e7 541e 0346 b2e7  +D)D......T..F..
00008ce0: 2a46 ade7 0148 fff7 15bf 00bf 7428 0020  *F...H......t(. 
00008cf0: 0148 fff7 17bf 00bf 7428 0020 09b3 f8b5  .H......t(. ....
00008d00: 1446 cab1 0646 0d46 00f0 66f8 a042 02d3  .F...F.F..f..B..
00008d10: 2f46 3846 f8bd 2146 3046 fef7 e9fd 0746  /F8F..!F0F.....F
00008d20: 0028 f6d0 2246 2946 fef7 38fb 3046 2946  .(.."F)F..8.0F)F
00008d30: fef7 8afd 3846 f8bd 2746 fef7 85fd 3846  ....8F..'F....8F
00008d40: f8bd 1146 fef7 d4bd 10b5 0c46 b1f9 0e10  ...F.......F....
00008d50: 07f0 eef9 0028 03db 636d 0344 6365 10bd  .....(..cm.Dce..
00008d60: a389 23f4 8053 a381 10bd 00bf 0020 7047  ..#..S....... pG
00008d70: 2de9 f041 b1f9 0c40 9846 e305 0d46 1746  -..A...@.F...F.F
00008d80: b1f9 0e10 0646 09d4 24f4 8054 ac81 4346  .....F..$..T..CF
00008d90: 3a46 3046 bde8 f041 07f0 d1b9 0223 0022  :F0F...A.....#."
00008da0: 07f0 cbf9 b5f9 0c40 b5f9 0e10 ece7 00bf  .......@........
00008db0: 10b5 0c46 b1f9 0e10 07f0 bff9 a389 421c  ...F..........B.
00008dc0: 0ebf 23f4 8053 43f4 8053 6065 a381 10bd  ..#..SC..S`e....
00008dd0: b1f9 0e10 07f0 b5b9 51f8 043c 181f 002b  ........Q..<...+
00008de0: bcbf 0b58 c018 7047 bff3 4f8f 0549 064b  ...X..pG..O..I.K
00008df0: ca68 02f4 e062 1343 cb60 bff3 4f8f 00bf  .h...b.C.`..O...
00008e00: fde7 00bf 00ed 00e0 0400 fa05 08b5 034a  ...............J
00008e10: 034b c3f8 002c fff7 e7ff 00bf 34b1 20c2  .K...,......4. .
00008e20: 0040 0020 08b5 fff7 dfff 0000 0328 0dd8  .@. .........(..
00008e30: 0429 0bd8 0e2a 09d8 4b23 c1eb 0111 03fb  .)...*..K#......
00008e40: 0011 034b 0a44 33f8 1200 7047 0120 7047  ...K.D3...pG. pG
00008e50: b005 0108 0120 7047 08b5 fff7 fbff 08bd  ..... pG........
00008e60: 0120 7047 0120 7047 08b5 fff7 fbff 08bd  . pG. pG........
00008e70: 7047 08b5 fff7 fcff 08bd 0000 13b5 02ab  pG..............
00008e80: 03e9 0300 0f4b 1b78 b3b9 9df8 0530 73b1  .....K.x.....0s.
00008e90: 6ab1 00f0 4bfd 0446 0146 0098 00f0 12fd  j...K..F.F......
00008ea0: 2046 0099 02b0 bde8 1040 01f0 8dbb 0098   F.......@......
00008eb0: 00f0 24fd 0446 f3e7 0098 00f0 37fd 0099  ..$..F......7...
00008ec0: f0e7 00bf 4511 0020 0346 10b4 0088 5c88  ....E.. .F....\.
00008ed0: 0a46 40ea 0440 9988 10bc fff7 cfbf 10b5  .F@..@..........
00008ee0: 0446 0121 fff7 f0ff 2146 fff7 b5ff 10bd  .F.!....!F......
00008ef0: 10b5 0446 0021 fff7 e7ff 2146 fff7 b9ff  ...F.!....!F....
00008f00: 10bd 0120 7047 08b5 fff7 fbff 08bd 10b5  ... pG..........
00008f10: 0446 00f0 ebfb 2046 fff7 f5ff bde8 1040  .F.... F.......@
00008f20: 46f2 a810 05f0 afbd 08b5 0120 fff7 efff  F.......... ....
00008f30: bde8 0840 fff7 6abf 08b5 0020 fff7 e7ff  ...@..j.... ....
00008f40: bde8 0840 fff7 6ebf 38b5 0546 0121 fff7  ...@..n.8..F.!..
00008f50: bbff 6b79 0446 0bb1 03f0 22f8 2946 2046  ..ky.F....".)F F
00008f60: 04f0 c8f9 08b9 0020 38bd 2946 2046 fff7  ....... 8.)F F..
00008f70: 7bff 0028 f7d0 2946 2046 04f0 bff8 0028  {..(..)F F.....(
00008f80: f1d0 2946 2046 03f0 05fc 0028 ebd0 2946  ..)F F.....(..)F
00008f90: 2046 03f0 d9fb 0028 e5d0 2946 2046 03f0   F.....(..)F F..
00008fa0: 19f8 0028 dfd0 2946 2046 04f0 f5f8 0028  ...(..)F F.....(
00008fb0: d9d0 6b79 7bb1 47f6 5a43 9c42 22d0 0ed8  ..ky{.G.ZC.B"...
00008fc0: 47f6 0143 9c42 1ad0 47f6 0343 9c42 14d0  G..C.B..G..C.B..
00008fd0: b4f5 f84f 0ed0 2846 fff7 42ff c4e7 47f6  ...O..(F..B...G.
00008fe0: 5b43 9c42 11d0 47f6 5c43 9c42 f3d1 01f0  [C.B..G.\C.B....
00008ff0: 87f8 f0e7 fff7 98ff b5e7 01f0 93f8 fff7  ................
00009000: 9bff b0e7 01f0 88f8 e5e7 01f0 88f8 e2e7  ................
00009010: 08b5 04f0 4efc bde8 0840 00f0 39b8 08b5  ....N....@..9...
00009020: 00f0 3bf8 bde8 0840 04f0 48bc 7047 0120  ..;....@..H.pG. 
00009030: 7047 0000 4ff4 0042 034b 10f0 020f 14bf  pG..O..B.K......
00009040: 1a61 5a61 7047 00bf 000c 0140 38b5 0546  .aZapG.....@8..F
00009050: fff7 edff 0446 10b1 2846 fff7 ebff 2046  .....F..(F.... F
00009060: 38bd 0000 10b5 054c 0622 4ff4 0041 2046  8......L."O..A F
00009070: 06f0 30fd 4ff4 0043 6361 10bd 000c 0140  ..0.O..Cca.....@
00009080: 10b5 0446 fff7 d2ff 2046 fff7 dfff 10bd  ...F.... F......
00009090: 08b5 0020 fff7 f4ff 08bd 08b5 04f0 72fa  ... ..........r.
000090a0: fff7 eeff 08bd 0000 10b5 04f0 6bfa 074b  ............k..K
000090b0: 0446 1a78 8242 07d0 1870 04f0 53fc 044b  .F.x.B...p..S..K
000090c0: 1860 2046 fff7 dcff 10bd 00bf 4411 0020  .` F........D.. 
000090d0: 4011 0020 1fb5 6c46 84e8 0300 9df8 0530  @.. ..lF.......0
000090e0: 0bb1 00f0 0dff 0023 adf8 0e30 94e8 0300  .......#...0....
000090f0: adf8 0c10 c9b2 0290 02ac 29b9 94e8 0300  ..........).....
00009100: 00f0 58fe 04b0 10bd 2046 fff7 e8fe 0028  ..X..... F.....(
00009110: f4d1 f7e7 0379 012b 02d1 0088 00f0 26bc  .....y.+......&.
00009120: 7047 08b5 29b1 03f0 97fc bde8 0840 03f0  pG..)........@..
00009130: 75bd 03f0 fdfc f8e7 10b5 0446 0028 45d0  u..........F.(E.
00009140: 031f dbb2 a02b 13d8 03f0 1af9 0028 3dd1  .....+.......(=.
00009150: 2046 04f0 99fa 20b1 2046 04f0 23fb 00f0   F.... . F..#...
00009160: 67ff 2046 04f0 04fb bde8 1040 00f0 60bf  g. F.......@..`.
00009170: 00f1 2003 dbb2 072b 07d8 00f0 0704 0120  .. ....+....... 
00009180: a040 c0b2 00f0 96fe eee7 00f1 5b03 dbb2  .@..........[...
00009190: 022b 05d8 bde8 1040 2438 80b2 04f0 16ba  .+.....@$8......
000091a0: 00f1 5803 dbb2 1a2b 06d8 bde8 1040 084a  ..X....+.....@.J
000091b0: 32f8 1300 04f0 26ba 3334 e4b2 122c 05d8  2.....&.34...,..
000091c0: 03f0 4afc bde8 1040 03f0 28bd 10bd 00bf  ..J....@..(.....
000091d0: 0808 0108 08b5 0346 a0b3 021f d2b2 a02a  .......F.......*
000091e0: 05d8 04f0 dffa bde8 0840 00f0 21bf 00f1  .........@..!...
000091f0: 2002 d2b2 072a 07d8 00f0 0703 0120 9840   ....*....... .@
00009200: c0b2 00f0 5ffe eee7 00f1 5b02 d2b2 022a  ...._.....[....*
00009210: 04d8 bde8 0840 0020 04f0 d8b9 00f1 5802  .....@. ......X.
00009220: d2b2 1a2a 04d8 bde8 0840 0020 04f0 eab9  ...*.....@. ....
00009230: 3333 dbb2 122b 05d8 03f0 7afc bde8 0840  33...+....z....@
00009240: 03f0 ecbc 08bd 0000 38b5 0c46 0546 fff7  ........8..F.F..
00009250: 73ff 9cb1 40f2 e730 0949 4ff4 7a72 a4fb  s...@..0.IO.zr..
00009260: 0141 2018 4ff0 0003 41f1 0001 fdf7 feff  .A .O...A.......
00009270: 05f0 09fc 2846 fff7 adff 38bd 0120 f7e7  ....(F....8.. ..
00009280: a086 0100 08b5 3928 0cbf 5021 0021 fff7  ......9(..P!.!..
00009290: dbff 08bd 08b5 28b1 00f0 0cfe bde8 0840  ......(........@
000092a0: 00f0 c6be 08bd 08b5 28b1 00f0 0bfe bde8  ........(.......
000092b0: 0840 00f0 bdbe 08bd 2de9 f047 8779 8146  .@......-..G.y.F
000092c0: 0c46 4579 00f0 e6fd 3f09 0646 08b3 2e46  .FEy....?..F...F
000092d0: fdb1 c4f3 0723 03f0 f002 402a 0cd0 e1b2  .....#....@*....
000092e0: 01f1 2002 d2b2 072a 26d9 03f0 e003 202b  .. ....*&..... +
000092f0: 02d1 0129 20d9 0fb3 a74b 5e78 16f0 0406  ...) ....K^x....
00009300: 07d0 0220 00f0 ccfe 00f0 c4fd 80f0 0106  ... ............
00009310: f6b2 c4f3 033a baf1 0b0f 3ed8 dfe8 1af0  .....:....>.....
00009320: 1000 1000 5e00 5e00 b800 d000 3d00 3d00  ....^.^.....=.=.
00009330: d500 3301 4501 4501 0026 eae7 3e46 e8e7  ..3.E.E..&..>F..
00009340: c4f3 0723 c4f3 0327 13f0 f00f 18bf 3f01  ...#...'......?.
00009350: e4b2 85b1 57b1 04f1 2003 dbb2 072b 3846  ....W... ....+8F
00009360: 00d9 2cb9 00f0 a6fd 00f0 62fe 2046 55e0  ..,.......b. FU.
00009370: 00f0 b6fd f8e7 2046 fff7 2cff 6fb1 04f1  ...... F..,.o...
00009380: 2003 dbb2 072b 3846 00d9 14b9 00f0 9afd   ....+8F........
00009390: 01e0 00f0 adfd 00f0 4bfe aaf1 080a baf1  ........K.......
000093a0: 030f 03d8 04f0 eef8 fff7 6afe 002e 00f0  ..........j.....
000093b0: 5181 00f0 67fd 10f0 0100 40f0 4b81 89f8  Q...g.....@.K...
000093c0: 0500 00f0 59fd 00f0 13fa 4846 00f0 58f9  ....Y.....HF..X.
000093d0: 00f0 52fd bde8 f047 00f0 16ba c4f3 0723  ..R....G.......#
000093e0: 03f0 f003 c4f3 0328 202b e4b2 18bf 4fea  .......( +....O.
000093f0: 0818 2cb1 012c 34d0 002d 3cd0 dfb1 b5e7  ..,..,4..-<.....
00009400: 654b 5b78 5a07 14d4 5db1 b8f1 000f 04d0  eK[xZ...].......
00009410: 4046 00f0 4ffd 00f0 0bfe 0020 fff7 8cfe  @F..O...... ....
00009420: bbe7 2846 fff7 d6fe b8f1 000f b5d0 4046  ..(F..........@F
00009430: ace7 55b1 1fb9 4046 fff7 2cff ade7 012f  ..U...@F..,..../
00009440: abd1 4046 00f0 7cfd a7e7 002f a5d1 4046  ..@F..|..../..@F
00009450: fff7 29ff 4046 00f0 81fd 4046 00f0 5cfd  ..).@F....@F..\.
00009460: 9be7 15b1 052f 98d8 e5e7 042f 95d8 4046  ...../...../..@F
00009470: fff7 19ff 91e7 002f f9d0 392c 0cbf 4ff4  ......./..9,..O.
00009480: fa50 0120 05f0 fffa 2046 fff7 a3fe 84e7  .P. .... F......
00009490: 14f4 406f c4f3 8123 08d0 012b 7ff4 7daf  ..@o...#...+..}.
000094a0: 65b1 c4f3 0900 04f0 adf8 76e7 25b1 c4f3  e.........v.%...
000094b0: 0900 04f0 8bf8 70e7 2846 fae7 2846 f2e7  ......p.(F..(F..
000094c0: 2946 e0b2 fff7 2dfe 67e7 14f4 407f 29d1  )F....-.g...@.).
000094d0: 002d 7ff4 62af c4f3 4210 8000 c2b2 04f0  .-..b...B.......
000094e0: 0f00 14f0 1003 00fa 02f0 c5b2 1ebf 0f20  ............... 
000094f0: 9040 c043 c4f3 8124 18bf c3b2 022c 43ea  .@.C...$.....,C.
00009500: 0500 09d0 032c 0ad0 012c 02d0 00f0 48f9  .....,...,....H.
00009510: 43e7 00f0 3df9 40e7 00f0 4af9 3de7 00f0  C...=.@...J.=...
00009520: 34f9 3ae7 c4f3 0122 0db3 12f0 010f 3ff4  4.:...."......?.
00009530: 34af c4f3 4210 8000 c2b2 04f0 0f00 14f0  4...B...........
00009540: 1003 00fa 02f0 c5b2 1ebf 0f20 9040 c043  ........... .@.C
00009550: c4f3 8124 18bf c3b2 022c 43ea 0500 0cd0  ...$.....,C.....
00009560: 032c 0dd0 012c 05d0 00f0 6cf9 15e7 12f0  .,...,....l.....
00009570: 020f dce7 00f0 5ef9 0fe7 00f0 6bf9 0ce7  ......^.....k...
00009580: 00f0 24f9 09e7 e7b2 c4f3 0324 35b1 2046  ..$........$5. F
00009590: 00f0 2ef9 3846 4fe7 c426 0020 3846 fff7  ....8FO..&. 8F..
000095a0: 82fe 2046 00f0 30f9 f7e6 5ffa 84f8 a8f1  .. F..0..._.....
000095b0: f003 042b 39d8 dfe8 03f0 0322 0e15 1e00  ...+9......"....
000095c0: 3db1 042f 3ff6 e9ae c4f3 0420 00f0 26f9  =../?...... ..&.
000095d0: e3e6 052f f6e7 c4f3 0420 002d e2d1 00f0  .../..... .-....
000095e0: 07f9 dae6 25b1 c4f3 0420 00f0 faf8 d4e6  ....%.... ......
000095f0: 00f0 f4f8 d1e6 184b 5b78 5b07 04d4 c4f3  .......K[x[.....
00009600: 0420 002d ced0 eae7 2db1 0321 c4f3 0420  . .-....-..!... 
00009610: 00f0 24fd c1e6 0120 00f0 42fd 012f 7ff6  ..$.... ..B../..
00009620: bcae 0220 00f0 3cfd b7e6 2db1 0fb1 4046  ... ..<...-...@F
00009630: f4e6 c4f3 0420 d2e7 4fb1 b8f1 390f 0cbf  ..... ..O...9...
00009640: 4ff4 fa50 0120 05f0 1efa 4046 1de7 c4f3  O..P. ....@F....
00009650: 0420 a7e7 bde8 f087 c426 0020 38b5 0188  . .......&. 8...
00009660: 0446 4079 00f0 8ef9 0546 00f0 fbf8 00f0  .F@y.....F......
00009670: 8bf8 2946 2046 bde8 3840 fff7 1dbe 0000  ..)F F..8@......
00009680: 0379 10b5 0446 b3b1 fff7 5efc 68b9 00f0  .y...F....^.h...
00009690: 01fc 80b1 6379 73b1 074b 5b78 5b07 0ad5  ....cys..K[x[...
000096a0: bde8 1040 0220 00f0 fbbc 2046 fff7 d6ff  ...@. .... F....
000096b0: 2046 fff7 1dfc 10bd c426 0020 08b5 0020   F.......&. ... 
000096c0: 03f0 84ff 0020 03f0 9dff 00f0 19fc 00f0  ..... ..........
000096d0: affc 03f0 bffa bde8 0840 03f0 9fba 08b5  .........@......
000096e0: 04f0 7af8 bde8 0840 fff7 e8bf 08b5 00f0  ..z....@........
000096f0: f1fb bde8 0840 fff7 f2bf c0f3 0333 062b  .....@.......3.+
00009700: c2b2 13d0 94bf 0e33 0633 03f0 0f03 012b  .......3.3.....+
00009710: 10d8 f02a 10d0 04d8 e72a 8cbf 0020 0120  ...*.....*... . 
00009720: 7047 f42a 14bf 0020 0120 7047 e72a 03d9  pG.*... . pG.*..
00009730: f12a f7e7 0020 7047 0120 7047 08b5 0346  .*... pG. pG...F
00009740: 0079 30b1 1888 00f0 11f9 bde8 0840 fff7  .y0..........@..
00009750: d4bf 08bd 82b0 02ab 03e9 0300 02b0 7047  ..............pG
00009760: 82b0 02ab 03e9 0300 02b0 7047 7047 08b5  ..........pGpG..
00009770: fff7 fcff 08bd 0000 08b5 fff7 f8ff 014b  ...............K
00009780: 1870 08bd 4611 0020 7047 fff7 f5bf 0000  .p..F.. pG......
00009790: 024b 1b78 1843 fff7 efbf 00bf 4611 0020  .K.x.C......F.. 
000097a0: 024b 1b78 1840 fff7 e7bf 00bf 4611 0020  .K.x.@......F.. 
000097b0: 024b 1b78 5840 fff7 dfbf 00bf 4611 0020  .K.xX@......F.. 
000097c0: 7047 08b5 fff7 fcff 08bd 0000 08b5 fff7  pG..............
000097d0: f8ff 014b 1870 08bd 4711 0020 0020 fff7  ...K.p..G.. . ..
000097e0: f5bf 0123 03fa 00f0 c0b2 fff7 efbf 0000  ...#............
000097f0: 0123 03fa 00f0 034b 1b78 1843 c0b2 fff7  .#.....K.x.C....
00009800: e5bf 00bf 4711 0020 0123 034a 8340 1078  ....G.. .#.J.@.x
00009810: 20ea 0300 fff7 dabf 4711 0020 0123 03fa   .......G.. .#..
00009820: 00f0 034b 1b78 5840 c0b2 fff7 cfbf 00bf  ...K.xX@........
00009830: 4711 0020 024b 1b78 1843 fff7 c7bf 00bf  G.. .K.x.C......
00009840: 4711 0020 024b 1b78 1840 fff7 bfbf 00bf  G.. .K.x.@......
00009850: 4711 0020 024b 1b78 5840 fff7 b7bf 00bf  G.. .K.xX@......
00009860: 4711 0020 7047 01f0 0703 c908 30b5 01eb  G.. pG......0...
00009870: 4101 0124 0139 1144 0022 9c40 e4b2 11f8  A..$.9.D.".@....
00009880: 015f 20fa 02f3 43f3 0003 6b40 2340 0132  ._ ...C...k@#@.2
00009890: 6b40 032a 0b70 f2d1 30bd 0022 10b5 00f0  k@.*.p..0.."....
000098a0: 0704 c008 00eb 4000 0144 1046 8b5c e340  ......@..D.F.\.@
000098b0: 03f0 0103 9340 0132 1843 032a c0b2 f5d1  .....@.2.C.*....
000098c0: 10bd 0000 17b4 adf8 0400 c0f3 0720 0428  ............. .(
000098d0: 0c46 0dd8 9df8 0430 0e2b 09d8 c0eb 0010  .F.....0.+......
000098e0: 0344 2046 044a 99b2 03b0 10bc fff7 bbbf  .D F.J..........
000098f0: 03b0 10bc 7047 00bf 4811 0020 82b0 adf8  ....pG..H.. ....
00009900: 0400 c0f3 0720 0428 0bd8 9df8 0430 0e2b  ..... .(.....0.+
00009910: 07d8 c0eb 0010 1844 0349 80b2 02b0 fff7  .......D.I......
00009920: bcbf 0020 02b0 7047 4811 0020 73b5 0324  ... ..pGH.. s..$
00009930: 0c4b adf8 0400 1e78 0b4b 1b78 1e43 46fa  .K.....x.K.x.CF.
00009940: 04f3 db07 e5b2 05d4 013c f8d2 0025 2846  .........<...%(F
00009950: 02b0 70bd 2846 0199 00f0 47fe 80b2 0128  ..p.(F....G....(
00009960: f2d0 f4e7 4711 0020 4611 0020 07b5 adf8  ....G.. F.. ....
00009970: 0400 0198 fff7 daff 0199 03b0 5df8 04eb  ............]...
00009980: 00f0 33be 13b5 104b adf8 0410 1b78 2bb1  ..3....K.....x+.
00009990: 0198 02b0 bde8 1040 fff7 e8bf 70b1 0198  .......@....p...
000099a0: fff7 c4ff 0446 0146 0198 fff7 8bff 2046  .....F.F...... F
000099b0: 0199 02b0 bde8 1040 00f0 17be 0198 fff7  .......@........
000099c0: 9dff 0446 f3e7 00bf 4511 0020 10b5 0124  ...F....E.. ...$
000099d0: 04fa 01f1 04fa 02f2 0a43 d1b2 0240 8a42  .........C...@.B
000099e0: 04fa 03f4 06bf 2043 c0b2 a043 10bd 0000  ...... C...C....
000099f0: 08b5 1346 0a46 0146 0348 0078 fff7 e6ff  ...F.F.F.H.x....
00009a00: bde8 0840 fff7 e2be 4711 0020 f8b5 0c4b  ...@....G.. ...K
00009a10: 0c4e 1c78 0c4d 3378 a342 00d1 f8bd 05eb  .N.x.M3x.B......
00009a20: c403 35f8 3400 5f88 9a88 d988 40ea 0740  ..5.4._.....@..@
00009a30: 42ea 0141 0134 fff7 93fe 04f0 0704 eae7  B..A.4..........
00009a40: af11 0020 ae11 0020 6e11 0020 064b 10b4  ... ... n.. .K..
00009a50: 1888 5c88 9a88 d988 40ea 0440 42ea 0141  ..\.....@..@B..A
00009a60: 10bc fff7 7dbe 00bf 6611 0020 1a4a f8b5  ....}...f.. .J..
00009a70: 9379 13f0 f00f 0ad1 5379 43b1 174b 1849  .y......SyC..K.I
00009a80: 1b78 0d78 1688 5788 164c ab42 00d1 f8bd  .x.x..W..L.B....
00009a90: 04eb c301 0879 d0b1 34f8 3300 b042 16d1  .....y..4.3..B..
00009aa0: 4879 a0b9 4888 c01b 80b2 c728 0fd8 0120  Hy..H......(... 
00009ab0: 9379 60f3 0713 9371 8b79 60f3 0713 8b71  .y`....q.y`....q
00009ac0: 0548 fff7 ddfd bde8 f840 fff7 9fbf 0133  .H.......@.....3
00009ad0: 03f0 0703 d9e7 00bf 6611 0020 af11 0020  ........f.. ... 
00009ae0: ae11 0020 6e11 0020 f0b5 0d4b 0d4c 1b78  ... n.. ...K.L.x
00009af0: 2678 0d4c b342 01d1 0020 f0bd 04eb c305  &x.L.B... ......
00009b00: 6f78 8f42 06d1 14f8 3370 8742 02d1 6d79  ox.B....3p.B..my
00009b10: 9542 03d1 0133 03f0 0703 ebe7 0120 ece7  .B...3....... ..
00009b20: af11 0020 ae11 0020 6e11 0020 2de9 f04f  ... ... n.. -..O
00009b30: 85b0 e846 0446 9e4d 0622 0146 4046 fdf7  ...F.F.M.".F@F..
00009b40: 2dfc 2a79 6779 2379 c2b9 abb1 8fb1 2046  -.*ygy#y...... F
00009b50: fff7 f4fd 0646 60b1 0822 2146 2846 fdf7  .....F`.."!F(F..
00009b60: 1dfc 2846 fff7 d6fa fff7 80ff fff7 6eff  ..(F..........n.
00009b70: 51e0 2046 fff7 84fd 0126 4ce0 b4f8 02b0  Q. F.....&L.....
00009b80: 6a88 6e79 abeb 0202 94f8 0090 6178 92b2  j.ny........ax..
00009b90: 002e 00f0 be80 c72a 00f2 8e80 002b 3ad0  .......*.....+:.
00009ba0: ab79 2888 13f0 f00f 2288 52d1 9042 0fd1  .y(.....".R..B..
00009bb0: 002f 40f0 f780 0122 62f3 0713 ab71 fff7  ./@...."b....q..
00009bc0: 45ff 2846 fff7 5cfd ab79 a371 0026 22e0  E.(F..\..y.q.&".
00009bd0: 002f 40f0 e780 3a46 4846 fff7 85ff 4846  ./@...:FHF....HF
00009be0: fff7 82ff 0546 0028 f0d1 8df8 0090 8df8  .....F.(........
00009bf0: 0110 0098 fff7 bafe c0f3 0332 032a c3b2  ...........2.*..
00009c00: 0dd8 012a 15d9 10f4 706f 17d0 a279 12f0  ...*....po...y..
00009c10: f00f 13d1 2e46 3046 05b0 bde8 f08f 0632  .....F0F.......2
00009c20: 02f0 0f02 012a 0ed9 2046 fff7 29fd 3546  .....*.. F..).5F
00009c30: f0e7 10f4 706f 01d0 002b ebd0 2033 dbb2  ....po...+.. 3..
00009c40: 072b e7d9 f0e7 ef2b e4d9 0f33 dbb2 022b  .+.....+...3...+
00009c50: f7e7 9042 0ad1 4fb9 2046 a371 fff7 10fd  ...B..O. F.q....
00009c60: 0822 2146 2846 fdf7 99fb 7fe7 2046 fff7  ."!F(F...... F..
00009c70: 65fd 0028 3ff4 7daf 002f 3ff4 7aaf ab79  e..(?.}../?.z..y
00009c80: 1f2b 0fd9 2a88 02a8 adf8 0820 2a79 adf8  .+..*...... *y..
00009c90: 0ab0 8df8 0c20 0022 8df8 0e30 8df8 0d20  ..... ."...0... 
00009ca0: fff7 eefc 0822 2146 4148 fdf7 77fb fff7  ....."!FAH..w...
00009cb0: ddfe fff7 cbfe 5fe7 aa79 12f0 f00a 16d1  ......_..y......
00009cc0: 8df8 0430 8df8 0090 8df8 0110 8df8 0570  ...0...........p
00009cd0: 98e8 0300 fff7 3efd 2846 fff7 d1fc 0822  ......>.(F....."
00009ce0: 5146 2846 fdf7 d0fb fff7 b0fe 6ee7 002b  QF(F........n..+
00009cf0: 91d0 2988 2388 9942 b8d1 002f b6d1 2046  ..).#..B.../.. F
00009d00: a271 fff7 bdfc 0822 3946 2846 fdf7 bcfb  .q....."9F(F....
00009d10: 81e7 c72a 34d8 002b 3ff4 2eaf 3e46 002f  ...*4..+?...>F./
00009d20: 3ff4 27af 2a88 2388 9a42 1cd1 ab79 da07  ?.'.*.#..B...y..
00009d30: 13d4 13f0 f002 10d0 f02a a371 06d0 dbb2  .........*.q....
00009d40: c3f3 0312 0132 62f3 0713 a371 2046 fff7  .....2b....q F..
00009d50: 97fc 0822 2146 1648 85e7 0822 2146 1448  ..."!F.H..."!F.H
00009d60: fdf7 1cfb 57e7 2046 fff7 e8fc 0028 99d1  ....W. F.....(..
00009d70: ab79 2046 43f0 0103 ab71 fff7 81fc 4ae7  .y FC....q....J.
00009d80: 8df8 0430 8df8 0090 8df8 0110 8df8 0570  ...0...........p
00009d90: 98e8 0300 fff7 defc 0822 3146 2846 fdf7  ........."1F(F..
00009da0: 73fb e3e6 ab79 43f0 0103 ab71 0ee7 00bf  s....yC....q....
00009db0: 6611 0020 f0b5 85b0 6c46 84e8 0300 2046  f.. ....lF.... F
00009dc0: fff7 b4fe 284f 0646 284d 68b1 9df8 0430  ....(O.F(Mh....0
00009dd0: 1bb1 94e8 0300 fff7 c3fc 254c 2878 3b78  ..........%L(x;x
00009de0: 8342 26d1 05b0 f0bd 9df8 0420 02ab 94e8  .B&........ ....
00009df0: 0300 83e8 0300 002a efd0 3878 2a78 441c  .......*..8x*xD.
00009e00: 04f0 0704 9442 0ad0 1946 194b 0822 03eb  .....B...F.K."..
00009e10: c000 fdf7 c3fa 3c70 fff7 f8fd dde7 fff7  ......<p........
00009e20: 65fc 0822 3146 1348 3e70 2e70 fdf7 2cfb  e.."1F.H>p.p..,.
00009e30: d3e7 04eb c000 fff7 79fe 0028 d2d0 2b78  ........y..(..+x
00009e40: 34f8 3300 04eb c303 5e88 9a88 d988 40ea  4.3.....^.....@.
00009e50: 0640 42ea 0141 fff7 83fc 2b78 0133 03f0  .@B..A....+x.3..
00009e60: 0703 2b70 bae7 00bf ae11 0020 af11 0020  ..+p....... ... 
00009e70: 6e11 0020 6611 0020 014b 1878 c008 7047  n.. f.. .K.x..pG
00009e80: 0012 0020 024b 1878 00f0 0700 7047 00bf  ... .K.x....pG..
00009e90: 0012 0020 034b 1878 10f0 0700 18bf 0120  ... .K.x....... 
00009ea0: 7047 00bf 0012 0020 014b 1878 7047 00bf  pG..... .K.xpG..
00009eb0: 0312 0020 024b 1a78 1043 1870 7047 00bf  ... .K.x.C.ppG..
00009ec0: 0312 0020 024a 1378 23ea 0003 1370 7047  ... .J.x#....ppG
00009ed0: 0312 0020 0022 014b 1a70 7047 0312 0020  ... .".K.ppG... 
00009ee0: 024b 1a78 1043 1870 7047 00bf 0412 0020  .K.x.C.ppG..... 
00009ef0: 024a 1378 23ea 0003 1370 7047 0412 0020  .J.x#....ppG... 
00009f00: 0022 014b 1a70 7047 0412 0020 7047 08b5  .".K.ppG... pG..
00009f10: fff7 fcff 08bd 0000 08b5 054a 1378 0342  ...........J.x.B
00009f20: 04d0 23ea 0000 1070 fff7 f1ff 08bd 00bf  ..#....p........
00009f30: 0112 0020 7047 08b5 fff7 fcff 08bd 0000  ... pG..........
00009f40: 08b5 0549 0b78 30ea 030c 03d0 0343 0b70  ...I.x0......C.p
00009f50: fff7 f1ff 08bd 00bf 0212 0020 08b5 054a  ........... ...J
00009f60: 1378 0342 04d0 23ea 0000 1070 fff7 e3ff  .x.B..#....p....
00009f70: 08bd 00bf 0212 0020 08b5 044b 1a78 1ab1  ....... ...K.x..
00009f80: 0020 1870 fff7 d7ff 08bd 00bf 0212 0020  . .p........... 
00009f90: 10b5 084b 1c78 084b 1b78 1c43 074b 1b78  ...K.x.K.x.C.K.x
00009fa0: 2bb1 1c43 03f0 4afb 08b1 fff7 e5ff 2046  +..C..J....... F
00009fb0: 10bd 00bf 0312 0020 0412 0020 0212 0020  ....... ... ... 
00009fc0: 38b5 0b4c 2568 fff7 e3ff 2870 2468 0822  8..L%h....(p$h."
00009fd0: 2046 0849 fdf7 b2f9 48b1 2146 0822 0548   F.I....H.!F.".H
00009fe0: fdf7 dcf9 2046 bde8 3840 03f0 d3ba 38bd  .... F..8@....8.
00009ff0: 640c 0020 f811 0020 38b5 0b4c 2568 fff7  d.. ... 8..L%h..
0000a000: c7ff 6870 2468 2022 2046 0849 fdf7 96f9  ..hp$h " F.I....
0000a010: 48b1 2146 2022 0548 fdf7 c0f9 2046 bde8  H.!F ".H.... F..
0000a020: 3840 03f0 bfba 38bd 680c 0020 d811 0020  8@....8.h.. ... 
0000a030: 054b 1b78 33b1 054b 93f9 0030 002b 01da  .K.x3..K...0.+..
0000a040: fff7 dabf fff7 bcbf 9a0c 0020 c426 0020  ........... .&. 
0000a050: 7047 08b5 fff7 fcff 08bd 0000 094a 10b5  pG...........J..
0000a060: 5278 5207 0ad5 084c 41ea c001 2170 fff7  RxR....LA...!p..
0000a070: bffb 2078 c008 fff7 ecff 10bd bde8 1040  .. x...........@
0000a080: fff7 b6bb c426 0020 0012 0020 0020 08b5  .....&. ... . ..
0000a090: 024b 1870 fff7 ddff 08bd 00bf 0012 0020  .K.p........... 
0000a0a0: 08b5 0a4a 1378 23ea 0000 1070 4207 0cd1  ...J.x#....pB...
0000a0b0: 9842 0ad0 064b 5b78 5b07 06d5 c008 fff7  .B...K[x[.......
0000a0c0: a3fb bde8 0840 fff7 e1bf 08bd 0012 0020  .....@......... 
0000a0d0: c426 0020 094a 08b5 5378 c3f3 8001 8142  .&. .J..Sx.....B
0000a0e0: 0ad0 60f3 8203 5370 1088 00f0 3cf8 bde8  ..`...Sp....<...
0000a0f0: 0840 0220 fff7 d4bf 08bd 00bf c426 0020  .@. .........&. 
0000a100: 044b 5878 c0f3 8000 80f0 0100 00f0 0100  .KXx............
0000a110: fff7 e0bf c426 0020 0120 fff7 dbbf 0020  .....&. . ..... 
0000a120: fff7 d8bf 08b5 00f0 35fd bde8 0840 4ff6  ........5....@O.
0000a130: ff71 0020 00f0 10bd 08b5 0020 00f0 a5fc  .q. ....... ....
0000a140: 4ff6 e563 9842 03d1 bde8 0840 03f0 72b8  O..c.B.....@..r.
0000a150: 0020 08bd 0220 00f0 89bc 0320 00f0 86bc  . ... ..... ....
0000a160: 0420 00f0 92bc 0146 0420 00f0 f5bc 0146  . .....F. .....F
0000a170: 0f20 00f0 ffbc 0146 1320 00f0 fbbc 0020  . .....F. ..... 
0000a180: fff7 f9bf 08b5 0020 fff7 f1ff fff7 f7ff  ....... ........
0000a190: 08bd 0000 07b5 00f0 fdfc 4ff6 e561 0020  ..........O..a. 
0000a1a0: 00f0 dafc 0021 0220 00f0 c8fc 0121 1c4b  .....!. .....!.K
0000a1b0: 0320 1970 00f0 c2fc 4ff4 a051 0420 00f0  . .p....O..Q. ..
0000a1c0: cbfc 0021 0620 00f0 b9fc 0021 0720 00f0  ...!. .....!. ..
0000a1d0: b5fc 0021 0820 00f0 cdfc 0021 2320 00f0  ...!. .....!# ..
0000a1e0: adfc 0021 0c20 00f0 a9fc 0021 0d20 00f0  ...!. .....!. ..
0000a1f0: a5fc 0023 0022 6846 cde9 0023 1721 0822  ...#."hF...#.!."
0000a200: 00f0 82fc 0021 1f20 00f0 b4fc 0020 03f0  .....!. ..... ..
0000a210: 26f8 03f0 4ef8 fff7 b5ff 03b0 5df8 04fb  &...N.......]...
0000a220: 4611 0020 fff7 b6bf 0146 0e20 00f0 86bc  F.. .....F. ....
0000a230: 73b5 03f0 cffb 0b4d 0446 2b88 8342 0ed0  s......M.F+..B..
0000a240: 0026 adf8 0060 03f0 c5fb adf8 0460 adf8  .&...`.......`..
0000a250: 0200 02ab 13e9 0300 fef7 3cff 2c80 02b0  ..........<.,...
0000a260: 70bd 00bf 1012 0020 08b5 03f0 7bfb 024b  p...... ....{..K
0000a270: 1860 024b 1860 08bd 0812 0020 0c12 0020  .`.K.`..... ... 
0000a280: 7047 7047 08b5 fff7 fcff 08bd 7047 08b5  pGpG........pG..
0000a290: fff7 fcff 08bd 0120 7047 0000 08b5 0548  ....... pG.....H
0000a2a0: 00f0 9afa 00f0 74fc fff7 eaff fff7 eaff  ......t.........
0000a2b0: 08bd 00bf d1a7 0008 0120 7047 08b5 fff7  ......... pG....
0000a2c0: fbff 08bd 7047 7047 08b5 fff7 fbff fff7  ....pGpG........
0000a2d0: faff 08bd 08b5 fff7 2fff 08b9 fff7 a2ff  ......../.......
0000a2e0: fff7 38ff 084b 1870 fff7 3aff 074b 1880  ..8..K.p..:..K..
0000a2f0: 01f0 a9ff fff7 31ff fff7 47fa 044b 1878  ......1...G..K.x
0000a300: bde8 0840 fff7 5dba 1c12 0020 c426 0020  ...@..].... .&. 
0000a310: 4711 0020 08b5 03f0 23fb 02f0 daff 00f0  G.. ....#.......
0000a320: 0ffb fff7 d7ff fef7 9dfe 01f0 53fd fff7  ............S...
0000a330: aeff 08bd 2de9 f04f 85b0 fff7 acff 50b9  ....-..O......P.
0000a340: fff7 76ff 01f0 2dfe 02f0 acfc 05b0 bde8  ..v...-.........
0000a350: f04f fef7 a9be 2d4f 00f0 0cfb 3e46 0024  .O....-O....>F.$
0000a360: e0b2 36f8 025b 00f0 47fa 042c 4ad0 8542  ..6..[..G..,J..B
0000a370: 04f1 0104 f4d0 264b 1b78 9b07 01d5 00f0  ......&K.x......
0000a380: 41fa fff7 9bff 4ff0 0008 4ff0 010a 0090  A.....O...O.....
0000a390: 5ffa 88f9 4846 00f0 2ffa 37f8 023b 0446  _...HF../.7..;.F
0000a3a0: 9842 27d0 0025 0126 4340 9bb2 0df1 080b  .B'..%.&C@......
0000a3b0: 3342 17d0 009a aab1 0193 8df8 0850 8df8  3B...........P..
0000a3c0: 0990 03f0 07fb 3442 14bf 0121 0021 adf8  ......4B...!.!..
0000a3d0: 0a00 8df8 0ca0 8df8 0d10 9be8 0300 fef7  ................
0000a3e0: 79fe 019b 0135 edb2 7600 0f2d b6b2 dfd1  y....5..v..-....
0000a3f0: 27f8 024c 08f1 0108 b8f1 050f c8d1 fff7  '..L............
0000a400: 33ff 9fe7 8542 b6d1 9ae7 00bf 1212 0020  3....B......... 
0000a410: 1c12 0020 38b5 00f0 f3f8 b0f5 a44f 0446  ... 8........O.F
0000a420: 43d2 b0f5 a04f 80f0 ac80 df28 16d8 cc28  C....O.....(...(
0000a430: 00f2 8a80 a728 0ad8 a428 78d8 0128 04d0  .....(...(x..(..
0000a440: 031f 9bb2 a12b 28bf 0024 2046 38bd a0f1  .....+(..$ F8...
0000a450: a803 9bb2 1a2b 6fd9 0024 f6e7 b0f5 804f  .....+o..$.....O
0000a460: 19d2 b0f5 005f 80f0 9c80 e728 edd9 a0f5  ....._.....(....
0000a470: 8073 9bb2 b3f5 f85f eed2 c0f3 0720 00f0  .s....._..... ..
0000a480: 45f9 0546 e0b2 00f0 bbf8 2d02 05f4 f855  E..F......-....U
0000a490: 0543 acb2 d9e7 c0b2 00f0 b2f8 04f4 7064  .C............pd
0000a4a0: 0443 44f4 2044 a4b2 cfe7 b0f5 a54f 21d2  .CD. D.......O!.
0000a4b0: 45f2 5f23 9842 51d8 45f2 3f23 9842 0ed8  E._#.BQ.E.?#.B..
0000a4c0: 45f2 1f23 9842 42d8 0124 c0f3 8503 00f0  E..#.BB..$......
0000a4d0: 0300 8440 44ea 4314 44f4 0d44 e3e7 0124  ...@D.C.D..D...$
0000a4e0: c0f3 8203 00f0 0300 8440 44ea 4314 44f4  .........@D.C.D.
0000a4f0: 0c44 d8e7 45f2 bf23 9842 0ad8 45f2 9f23  .D..E..#.B..E..#
0000a500: 9842 00f0 1f00 34d8 4af2 f404 44ea 0024  .B....4.J...D..$
0000a510: 9be7 a0f5 a543 403b 9bb2 1f2b 9cd8 0402  .....C@;...+....
0000a520: 04f4 f854 44f4 2044 44f0 f004 8de7 a0f1  ...TD. DD.......
0000a530: 2404 44f4 8044 b6e7 224b 5834 e4b2 33f8  $.D..D.."KX4..3.
0000a540: 1440 44f4 8844 80e7 40f4 a044 abe7 4af2  .@D..D..@..D..J.
0000a550: f103 00f0 1f04 43ea 0424 76e7 0124 c0f3  ......C..$v..$..
0000a560: 8203 00f0 0300 8440 44ea 4314 44f4 0a44  .......@D.C.D..D
0000a570: 99e7 00f0 cbf8 0402 04f4 f854 44f4 0054  ...........TD..T
0000a580: 63e7 00f0 1f00 00f0 c1f8 c306 c4f3 4314  c.............C.
0000a590: 48bf 0001 2402 00b2 2043 40f4 1040 84b2  H...$... C@..@..
0000a5a0: 53e7 c0f3 0420 00f0 b1f8 0546 e0b2 00f0  S.... .....F....
0000a5b0: 27f8 2d02 05f4 f855 45ea 0004 44f4 0054  '.-....UE...D..T
0000a5c0: 71e7 00bf 3e08 0108 82b0 adf8 0410 c1f3  q...>...........
0000a5d0: 0721 0429 06d8 9df8 0420 0e2a 02d8 02b0  .!.)..... .*....
0000a5e0: 02f0 0fb8 0020 02b0 7047 07b5 adf8 0410  ..... ..pG......
0000a5f0: 0199 fff7 e9ff 03b0 5df8 04eb fff7 0abf  ........].......
0000a600: e728 50d8 df28 07d8 3128 65d0 0ed8 2928  .(P..(..1(e...)(
0000a610: 58d0 2a28 67d0 7047 a0f1 e003 072b 42d8  X.*(g.pG.....+B.
0000a620: dfe8 03f0 1541 2429 3341 3d42 3928 04d0  .....A$)3A=B9(..
0000a630: 8228 02d0 3528 40d0 7047 334b 1a78 9207  .(..5(@.pG3K.x..
0000a640: 5cd1 5b78 13f0 080f 18bf 2920 7047 2e4a  \.[x......) pG.J
0000a650: 1378 d907 4ed4 5278 12f0 010f 23d0 13f0  .x..N.Rx....#...
0000a660: 100f 08bf e320 18bf 0020 7047 264b 1b78  ..... ... pG&K.x
0000a670: 13f0 040f f2e7 244a 1378 5907 3cd4 5278  ......$J.xY.<.Rx
0000a680: d207 3bd4 13f0 100f ede7 1f4b 5a78 9107  ..;........KZx..
0000a690: 09d5 1b78 13f0 100f 08bf e720 e3e7 1a4b  ...x....... ...K
0000a6a0: 1b78 1a07 f6d4 7047 174a 1378 1907 27d4  .x....pG.J.x..'.
0000a6b0: 5278 9107 e6d5 e420 7047 134b 1b78 13f0  Rx..... pG.K.x..
0000a6c0: 200f c1e7 104b 1a78 9206 1bd4 5b78 13f0   ....K.x....[x..
0000a6d0: 080f 18bf 3920 7047 0b4b 1b78 13f0 400f  ....9 pG.K.x..@.
0000a6e0: 18bf 2a20 7047 084b 1b78 13f0 400f 18bf  ..* pG.K.x..@...
0000a6f0: 3120 7047 3920 7047 e220 7047 e020 7047  1 pG9 pG. pG. pG
0000a700: e620 7047 3520 cee7 c426 0020 10b5 2f4c  . pG5 ...&. ../L
0000a710: 2178 4b07 13d5 00f0 1402 a2f1 040c 00f0  !xK.............
0000a720: 1803 dcf1 0002 42eb 0c02 a3f1 080c dcf1  ......B.........
0000a730: 0003 43eb 0c03 9a42 18bf 80f0 0c00 0b07  ..C....B........
0000a740: 13d5 00f0 1402 a2f1 140c 00f0 1803 dcf1  ................
0000a750: 0002 42eb 0c02 a3f1 180c dcf1 0003 43eb  ..B...........C.
0000a760: 0c03 9a42 18bf 80f0 0c00 6478 e307 13d5  ...B......dx....
0000a770: 00f0 1102 02f1 ff3c 00f0 1803 dcf1 0002  .......<........
0000a780: 42eb 0c02 a3f1 080c dcf1 0003 43eb 0c03  B...........C...
0000a790: 9a42 18bf 80f0 0900 a307 11d5 00f0 1102  .B..............
0000a7a0: 00f0 1803 a2f1 1104 6242 a3f1 180c 6241  ........bB....bA
0000a7b0: dcf1 0003 43eb 0c03 9a42 18bf 80f0 0900  ....C....B......
0000a7c0: cb06 48bf 00f0 e700 10bd 00bf c426 0020  ..H..........&. 
0000a7d0: 0020 7047 0020 7047 014b 1860 7047 00bf  . pG. pG.K.`pG..
0000a7e0: 6c0c 0020 7047 08b5 fff7 fcff 08bd 7047  l.. pG........pG
0000a7f0: 08b5 fff7 fcff 08bd 014b 33f8 1000 7047  .........K3...pG
0000a800: d026 0020 7047 4ff4 0760 03f0 b5bf 00bf  .&. pGO..`......
0000a810: 00bf 00bf 00bf 00bf 00bf 00bf 00bf 00bf  ................
0000a820: 00bf 00bf 00bf 00bf 00bf 00bf 00bf 00bf  ................
0000a830: 00bf 7047 08b5 fff7 e6ff 08bd 08b5 3023  ..pG..........0#
0000a840: 83f3 1188 0121 00f0 0f03 9940 0322 20f0  .....!.....@." .
0000a850: 0f00 05f0 3ff9 0023 83f3 1188 08bd 0000  ....?..#........
0000a860: 38b5 0524 0b4d 55f8 040b 421c 01d0 fff7  8..$.MU...B.....
0000a870: e5ff 013c 14f0 ff04 f5d1 0f24 064d 55f8  ...<.......$.MU.
0000a880: 040b 431c 01d0 fff7 d9ff 013c 14f0 ff04  ..C........<....
0000a890: f5d1 38bd b008 0108 7408 0108 2de9 f843  ..8.....t...-..C
0000a8a0: 254f 0646 57f8 2140 0d46 631c 40d0 3022  %O.FW.!@.Fc.@.0"
0000a8b0: 82f3 1188 4ff0 0108 24f0 0f09 04f0 0f04  ....O...$.......
0000a8c0: 08fa 04f4 2146 0622 4846 05f0 03f9 c9f8  ....!F."HF......
0000a8d0: 1440 0024 84f3 1188 fff7 99ff 0f22 4346  .@.$........."CF
0000a8e0: dff8 58c0 5cf8 041b 481c 23d0 21f0 0f00  ..X.\...H.#.!...
0000a8f0: 8068 01f0 0f01 20fa 01f1 11f0 010f 0cbf  .h.... .........
0000a900: 1946 0021 013a 0c43 5b00 12f0 ff02 a4b2  .F.!.:.C[.......
0000a910: 9bb2 e7d1 57f8 2500 431c 01d0 fff7 8eff  ....W.%.C.......
0000a920: 211e 18bf 0121 2846 fff7 84ff 26f8 1540  !....!(F....&..@
0000a930: bde8 f883 0021 e5e7 b008 0108 7408 0108  .....!......t...
0000a940: 10b5 0a24 fff7 8cff 2246 0021 0748 fcf7  ...$...."F.!.H..
0000a950: 9bfd 2246 0021 0648 fcf7 96fd 0520 00f0  .."F.!.H..... ..
0000a960: 35f8 bde8 1040 fff7 3ebf 00bf d026 0020  5....@..>....&. 
0000a970: c626 0020 1fb5 0024 0194 0294 adf8 0c40  .&. ...$.......@
0000a980: e1b2 01a8 0134 fff7 89ff 052c f8d1 0a22  .....4.....,..."
0000a990: 0c48 01a9 fcf7 d2fc 0028 14bf 0124 0024  .H.......(...$.$
0000a9a0: 04d0 0a22 0748 01a9 fcf7 f8fc 2346 0522  ...".H......#F."
0000a9b0: 0549 0448 00f0 0cf8 0446 fff7 19ff 2046  .I.H.....F.... F
0000a9c0: 04b0 10bd c626 0020 d026 0020 7047 0000  .....&. .&. pG..
0000a9d0: 2de9 f843 0746 0e46 1546 1c46 dff8 5080  -..C.F.F.F.F..P.
0000a9e0: 4bb1 0123 88f8 0030 02f0 bcff 114b 1860  K..#...0.....K.`
0000a9f0: 0020 bde8 f883 98f8 0090 b9f1 000f f7d0  . ..............
0000aa00: 0c4b 1868 02f0 f2ff 0428 f1d9 6d00 2a46  .K.h.....(..m.*F
0000aa10: 3946 3046 fcf7 92fc 28b1 2a46 3946 3046  9F0F....(.*F9F0F
0000aa20: fcf7 bcfc 4c46 0023 2046 88f8 0030 e0e7  ....LF.# F...0..
0000aa30: 1d12 0020 2012 0020 fff7 7cbc 08b5 02f0  ...  .. ..|.....
0000aa40: 53ff 03f0 1cfa fff7 29fc 03f0 1bfa fff7  S.......).......
0000aa50: 61fc 03f0 2dfa 03f0 31fa fff7 edff 03f0  a...-...1.......
0000aa60: 49fa 03f0 e7f9 fff7 2ffc f4e7 0023 07b5  I......./....#..
0000aa70: 0146 0122 0df1 0700 8df8 0730 00f0 8cf8  .F.".......0....
0000aa80: 9df8 0700 03b0 5df8 04fb 0023 07b5 0146  ......]....#...F
0000aa90: 0222 0df1 0600 adf8 0630 00f0 7df8 bdf8  .".......0..}...
0000aaa0: 0600 03b0 5df8 04fb 07b5 0422 0023 0146  ....]......".#.F
0000aab0: 0deb 0200 0193 00f0 6ff8 0198 03b0 5df8  ........o.....].
0000aac0: 04fb 07b5 0122 8df8 0710 0146 0df1 0700  .....".....F....
0000aad0: 00f0 67f8 03b0 5df8 04fb 07b5 0222 adf8  ..g...]......"..
0000aae0: 0610 0146 0df1 0600 00f0 5bf8 03b0 5df8  ...F......[...].
0000aaf0: 04fb 07b5 0422 0191 0146 0deb 0200 00f0  ....."...F......
0000ab00: 50f8 03b0 5df8 04fb f8b5 0546 1446 d31d  P...]......F.F..
0000ab10: 23f0 0703 00af adeb 030d 6846 0e46 00f0  #.........hF.F..
0000ab20: 3bf8 2246 6946 2846 fcf7 08fc 20b1 2246  ;."FiF(F.... ."F
0000ab30: 3146 2846 00f0 35f8 bd46 f8bd 38b5 0c46  1F(F..5..F..8..F
0000ab40: 0546 fff7 93ff a042 05d0 2146 2846 bde8  .F.....B..!F(F..
0000ab50: 3840 fff7 b6bf 38bd 38b5 0c46 0546 fff7  8@....8.8..F.F..
0000ab60: 94ff a042 05d0 2146 2846 bde8 3840 fff7  ...B..!F(F..8@..
0000ab70: b4bf 38bd 38b5 0c46 0546 fff7 95ff a042  ..8.8..F.F.....B
0000ab80: 05d0 2146 2846 bde8 3840 fff7 b2bf 38bd  ..!F(F..8@....8.
0000ab90: 00f0 9ab9 00f0 38b8 0b46 0146 1846 00f0  ......8..F.F.F..
0000aba0: 4db8 0b46 0146 1846 00f0 d8b8 08b5 064b  M..F.F.F.......K
0000abb0: 4ff4 8052 1846 0021 fcf7 66fc 41f2 0802  O..R.F.!..f.A...
0000abc0: 00f5 8053 1a60 08bd 2412 0020 10b5 054c  ...S.`..$.. ...L
0000abd0: 2379 2bb9 00f0 38fa 08b1 0120 2071 10bd  #y+...8....  q..
0000abe0: 0220 fce7 2422 0020 10b5 064c 2379 33b1  . ..$". ...L#y3.
0000abf0: 00f0 72fa 10b1 0023 0120 2371 10bd 0220  ..r....#. #q... 
0000ac00: fce7 00bf 2422 0020 38b5 fff7 dfff 0446  ....$". 8......F
0000ac10: 18b9 fff7 e9ff 2046 38bd 00f0 21fa 0546  ...... F8...!..F
0000ac20: fff7 c4ff 012c 06d1 fff7 deff 0028 0cbf  .....,.......(..
0000ac30: 0025 05f0 0105 2c46 ede7 0000 08b5 0346  .%....,F.......F
0000ac40: 0846 9918 b1f5 805f 05d8 0449 1944 fcf7  .F....._...I.D..
0000ac50: a5fb 0120 08bd 0020 fce7 00bf 2412 0020  ... ... ....$.. 
0000ac60: f8b5 0646 0f46 1546 0024 ac42 01d1 0120  ...F.F.F.$.B... 
0000ac70: f8bd 07eb 4401 06eb 4400 00f0 81fa 0028  ....D...D......(
0000ac80: f6d0 0134 f1e7 f8b5 0646 0f46 1546 0024  ...4.....F.F.F.$
0000ac90: ac42 01d1 0120 f8bd 37f8 1410 06eb 4400  .B... ..7.....D.
0000aca0: 00f0 00fa 0028 f6d0 0134 f1e7 0000 0000  .....(...4......
0000acb0: 37b5 00f0 d5f9 0446 30b3 fff7 87ff 4ff4  7......F0.....O.
0000acc0: 0062 0546 1449 0020 fff7 ddff 0446 98b1  .b.F.I. .....F..
0000acd0: 0fa3 d3e9 0023 4ff4 8051 0f48 01f0 eef9  .....#O..Q.H....
0000ace0: 0422 cde9 0001 6946 4ff4 8050 fff7 cbff  ."....iFO..P....
0000acf0: 0028 14bf 0224 0024 012d 01d1 fff7 74ff  .(...$.$.-....t.
0000ad00: 41f2 0802 054b 1a60 2046 03b0 30bd 00bf  A....K.` F..0...
0000ad10: 2523 2284 e49c f2cb 2412 0020 2422 0020  %#".....$.. $". 
0000ad20: 044b 1b68 b3f5 005f 01d3 fff7 c1bf 0120  .K.h..._....... 
0000ad30: 7047 00bf 2422 0020 10b5 074c 0146 2068  pG..$". ...L.F h
0000ad40: 00f0 b0f9 30b1 2368 0233 2360 bde8 1040  ....0.#h.3#`...@
0000ad50: fff7 e6bf 10bd 00bf 2422 0020 8318 b3f5  ........$". ....
0000ad60: 805f 2de9 f743 8146 0e46 1546 04d9 0024  ._-..C.F.F.F...$
0000ad70: 2046 03b0 bde8 f083 524c 0444 2146 3046   F......RL.D!F0F
0000ad80: fcf7 dcfa 0028 00f0 9b80 2a46 3146 2046  .....(....*F1F F
0000ad90: fcf7 04fb fff7 1aff 0746 48bb fff7 24ff  .........FH...$.
0000ada0: e5e7 012d 2ad0 19f0 010f 27d1 b9f5 804f  ...-*.....'....O
0000adb0: 24d2 3378 7278 43ea 0223 012b 1ed8 002b  $.3xrxC..#.+...+
0000adc0: 14bf 6ff0 5f03 6ff0 7f03 0020 43ea 5923  ..o._.o.... C.Y#
0000add0: 63f3 0700 4fea 5903 63f3 0f20 80b2 fff7  c...O.Y.c.. ....
0000ade0: abff 0128 0446 5ed1 023d 09f1 0209 0236  ...(.F^..=.....6
0000adf0: 002d d6d1 fff7 94ff 0446 58e0 b9f1 3f0f  .-.......FX...?.
0000ae00: 0fd8 3078 49f0 4003 dbb2 43ea 0020 fff7  ..0xI.@...C.. ..
0000ae10: 93ff 0128 0446 46d1 013d 09f1 0109 0136  ...(.FF..=.....6
0000ae20: e6e7 052d a846 28bf 4ff0 0508 0522 0021  ...-.F(.O....".!
0000ae30: 0df1 0300 fcf7 28fb c9f3 0243 43ea c803  ......(....CC...
0000ae40: 4246 3146 8df8 0030 0df1 0300 4fea 1923  BF1F...0....O..#
0000ae50: 8df8 0130 8df8 0290 fcf7 a0fa bdf8 0000  ...0............
0000ae60: fff7 6aff 0128 0446 1dd1 bdf8 0200 fff7  ..j..(.F........
0000ae70: 63ff 0128 0446 16d1 012d 0fd0 bdf8 0400  c..(.F...-......
0000ae80: fff7 5aff 0128 0446 0dd1 032d 06d9 bdf8  ..Z..(.F...-....
0000ae90: 0600 fff7 51ff 0128 0446 04d1 a5eb 0805  ....Q..(.F......
0000aea0: c144 4644 a4e7 14f0 fd0f 18bf 0024 012f  .DFD.........$./
0000aeb0: 7ff4 5eaf fff7 98fe 0028 3ff4 58af 57e7  ..^......(?.X.W.
0000aec0: 0124 55e7 2412 0020 2de9 ff47 fff7 6efe  .$U.$.. -..G..n.
0000aed0: 00f0 0af9 0446 10b9 fff7 68fe a2e0 4ff4  .....F....h...O.
0000aee0: 0062 0020 5649 fff7 bbfe 554d 0446 10b9  .b. VI....UM.F..
0000aef0: fff7 5cfe f0e7 50a3 d3e9 0023 4ff4 8051  ..\...P....#O..Q
0000af00: 2846 01f0 dbf8 0646 0c46 0422 4ff4 8050  (F.....F.F."O..P
0000af10: 02a9 fff7 a5fe dde9 0223 9c42 08bf 9642  .........#.B...B
0000af20: 01d0 fff7 43fe 41f2 0807 0026 3846 0df1  ....C.A....&8F..
0000af30: 0601 00f0 25f9 0028 6ad0 bdf8 0630 002b  ....%..(j....0.+
0000af40: 65d0 c3f3 8111 0129 07f1 0204 adf8 0830  e......).......0
0000af50: dab2 47d0 0229 4bd0 0029 6ad1 2046 0df1  ..G..)K..)j. F..
0000af60: 0a01 00f0 0df9 0028 63d0 9df8 0930 9df8  .......(c....0..
0000af70: 0a10 9df8 0820 43ea 0123 4fea 0248 5bba  ..... C..#O..H[.
0000af80: 9bb2 08f4 e028 48ea 0308 c2f3 c209 08eb  .....(H.........
0000af90: 0903 b3f5 805f 07f1 0404 4fea d20a 48d8  ....._....O...H.
0000afa0: 1af0 060f 06d0 2046 03a9 00f0 e9f8 0028  ...... F.......(
0000afb0: 3fd0 bc1d 1af0 040f 06d0 2046 0df1 0e01  ?......... F....
0000afc0: 00f0 def8 a8b3 0234 4a46 0df1 0b01 05eb  .......4JF......
0000afd0: 0800 fcf7 e3f9 b4f5 005f 01d3 0120 18e0  ........._... ..
0000afe0: 2746 a3e7 02f0 3f02 c3f3 0723 ab54 f2e7  'F....?....#.T..
0000aff0: 5102 01f4 7851 1b0a 41ea 4303 591c b1f5  Q...xQ..A.C.Y...
0000b000: 805f 16d2 c2f3 4012 ea54 6e54 e3e7 0120  ._....@..TnT... 
0000b010: 3c46 0c4b 1c60 48b9 fff7 4afe 0446 0028  <F.K.`H...J..F.(
0000b020: 3ff4 5aaf 2046 04b0 bde8 f087 fff7 78fe  ?.Z. F........x.
0000b030: f4e7 0020 ede7 00bf 2523 2284 e49c f2cb  ... ....%#".....
0000b040: 2412 0020 2422 0020 0021 08b5 0348 04f0  $.. $". .!...H..
0000b050: 2df8 b0fa 80f0 4009 08bd 00bf b827 0020  -.....@......'. 
0000b060: f8b5 0025 0124 0c4f 0c4e 3b68 ab42 01d8  ...%.$.O.N;h.B..
0000b070: 2046 f8bd 3068 0a4b 1968 0368 2944 5b69   F..0h.K.h.h)D[i
0000b080: 9847 0128 3068 88bf 0024 03f0 b5ff 0128  .G.(0h...$.....(
0000b090: 88bf 0024 0135 e8e7 780c 0020 3022 0020  ...$.5..x.. 0". 
0000b0a0: 740c 0020 0a4b 73b5 1d68 cb43 0646 adf8  t.. .Ks..h.C.F..
0000b0b0: 0630 084b 0222 1868 7119 0368 dc68 0df1  .0.K.".hq..h.h..
0000b0c0: 0603 a047 b0fa 80f0 4009 02b0 70bd 00bf  ...G....@...p...
0000b0d0: 700c 0020 3022 0020 08b5 0248 03f0 f4ff  p.. 0". ...H....
0000b0e0: 0120 08bd b827 0020 2de9 f047 1d4b 1e4d  . ...'. -..G.K.M
0000b0f0: 0024 2b60 fff7 f0ff 2868 a246 0368 dff8  .$+`....(h.F.h..
0000b100: 6c90 5b68 9847 0646 194b 8768 d3f8 e027  l.[h.G.F.K.h...'
0000b110: 184b 03ea 8228 b168 a142 1fd9 0139 091b  .K...(.h.B...9..
0000b120: 2868 c9f8 0010 03f0 85ff 4045 03d3 d9f8  (h........@E....
0000b130: 0070 0134 efe7 d9f8 0010 2868 03f0 87ff  .p.4......(h....
0000b140: 8244 baf5 005f f4d3 d9f8 0010 0a4b 7f1a  .D..._.......K..
0000b150: 2868 1f60 03f0 6eff 084b 1860 0120 bde8  (h.`..n..K.`. ..
0000b160: f087 00bf b827 0020 3022 0020 740c 0020  .....'. 0". t.. 
0000b170: 00f0 ff1f 00fc ff03 780c 0020 700c 0020  ........x.. p.. 
0000b180: 38b5 0c4b 0c46 1968 0b4b 0144 1868 03f0  8..K.F.h.K.D.h..
0000b190: 6bff 0023 0288 0120 084d 0949 2870 0b70  k..#... .M.I(p.p
0000b1a0: 2b70 0d78 1db1 1846 0b70 2380 38bd d343  +p.x...F.p#.8..C
0000b1b0: 2380 fbe7 700c 0020 3022 0020 3422 0020  #...p.. 0". 4". 
0000b1c0: 2c22 0020 30b5 10f4 7f4f 85b0 0190 c0f3  ,". 0....O......
0000b1d0: 0725 c0f3 0742 17d1 09b1 304b 9a5c 8df8  .%...B....0K.\..
0000b1e0: 0c20 8df8 0d20 8df8 0e20 0020 9df8 0c30  . ... ... . ...0
0000b1f0: 63f3 0700 9df8 0d30 63f3 0f20 9df8 0e30  c......0c.. ...0
0000b200: 63f3 1740 05b0 30bd 9df8 0440 61b3 234b  c..@..0....@a.#K
0000b210: 9a5c 0620 ff23 6043 591b b0fb f3f0 6ff0  .\. .#`CY.....o.
0000b220: 5403 4343 03eb 4403 03eb 4303 dbb2 03fb  T.CC..D...C.....
0000b230: 05f4 c3f1 ff03 6b43 2412 1b12 c4f1 ff04  ......kC$.......
0000b240: c3f1 ff03 5143 5443 5343 c1f3 0721 c4f3  ....QCTCSC...!..
0000b250: 0724 c3f3 0723 d2b2 0628 19d8 dfe8 00f0  .$...#...(......
0000b260: 0608 110f 1418 0600 92b2 d2e7 1446 1a46  .............F.F
0000b270: 8df8 0c20 8df8 0d40 8df8 0e10 b5e7 1346  ... ...@.......F
0000b280: 2246 0c46 1946 f3e7 1c46 1346 0a46 f9e7  "F.F.F...F.F.F..
0000b290: 1346 0a46 2146 1c46 eae7 00bf 140a 0108  .F.F!F.F........
0000b2a0: 0121 84b0 04b0 fff7 8dbf 7047 84b0 04b0  .!........pG....
0000b2b0: fff7 f6bf 13b5 8df8 0220 8df8 0000 8df8  ......... ......
0000b2c0: 0110 0098 1c46 fff7 f1ff c0f3 0743 c0f3  .....F.......C..
0000b2d0: 0722 6270 2070 a370 02b0 10bd 064a 1378  ."bp p.p.....J.x
0000b2e0: 13f0 fc0f 04d1 0121 61f3 8703 1370 7047  .......!a....ppG
0000b2f0: ab2b fcd9 2a21 f7e7 e026 0020 10b5 0820  .+..*!...&. ... 
0000b300: fff7 d2fb 0446 2320 fff7 b0fb 0146 2046  .....F# .....F F
0000b310: 10bd 10b5 0c46 fff7 e1ff 0146 0820 fff7  .....F.....F. ..
0000b320: 29fc e1b2 2320 bde8 1040 fff7 07bc 0000  )...# ...@......
0000b330: 024b d3e9 0001 fff7 ecbf 00bf e026 0020  .K...........&. 
0000b340: 024b d3e9 0001 fff7 e4bf 00bf e026 0020  .K...........&. 
0000b350: 044b 054a 1a60 0022 1a71 d3e9 0001 fff7  .K.J.`.".q......
0000b360: d8bf 00bf e026 0020 2500 ffff 034b 1b78  .....&. %....K.x
0000b370: 13f0 0100 18bf 9808 7047 00bf e026 0020  ........pG...&. 
0000b380: 024b 1878 00f0 0100 7047 00bf e026 0020  .K.x....pG...&. 
0000b390: 044a 1379 022b 9cbf 0133 1371 08b1 fff7  .J.y.+...3.q....
0000b3a0: c7bf 7047 e026 0020 0120 fff7 f1bf 0000  ..pG.&. . ......
0000b3b0: 044a 1379 0bb1 013b 1371 08b1 fff7 b8bf  .J.y...;.q......
0000b3c0: 7047 00bf e026 0020 0120 fff7 f1bf 0000  pG...&. . ......
0000b3d0: 014b 1879 7047 00bf e026 0020 014b 1871  .K.ypG...&. .K.q
0000b3e0: 7047 00bf e026 0020 014b 5878 7047 00bf  pG...&. .KXxpG..
0000b3f0: e026 0020 014b 9878 7047 00bf e026 0020  .&. .K.xpG...&. 
0000b400: 014b d878 7047 00bf e026 0020 0123 044a  .K.xpG...&. .#.J
0000b410: 8340 9278 1a42 14bf 0120 0020 7047 00bf  .@.x.B... . pG..
0000b420: c822 0020 2de9 f04f 314b dff8 c880 1978  .". -..O1K.....x
0000b430: 98f8 01b0 11f0 0101 85b0 13d0 2e4b d3f8  .............K..
0000b440: 0090 b9f1 000f 22d1 5946 98f8 0000 2b4b  ......".YF....+K
0000b450: 2b4a 5b68 00eb 4000 1044 0193 05b0 bde8  +J[h..@..D......
0000b460: f04f 1847 98f8 0230 254c 03eb 4302 98f8  .O.G...0%L..C...
0000b470: 0300 2244 9842 02f1 0302 dfd9 0133 02f8  .."D.B.......3..
0000b480: 021c 02f8 031c 02f8 011c dbb2 f2e7 0027  ...............'
0000b490: dff8 6ca0 f8b2 fff7 b9ff 28b3 59f8 2750  ..l.......(.Y.'P
0000b4a0: 002d d1d0 2c78 0535 ff2c 15f8 046c 15f8  .-..,x.5.,...l..
0000b4b0: 030c 15f8 021c 15f8 012c 15d0 2644 1a2e  .........,..&D..
0000b4c0: a8bf 1a26 04eb 4404 06eb 4606 5644 5444  ...&..D...F.VDTD
0000b4d0: a642 e7d9 2346 0392 0291 0190 fff7 eafe  .B..#F..........
0000b4e0: 01a8 0334 07c8 f3e7 0137 082f d2d1 abe7  ...4.....7./....
0000b4f0: e026 0020 7f0c 0020 c422 0020 0c0a 0108  .&. ... .". ....
0000b500: e826 0020 0e4b 70b4 1b78 db07 16d5 0d4c  .&. .Kp..x.....L
0000b510: 0d4e a378 e578 03eb 4304 3444 ab42 04f1  .N.x.x..C.4D.B..
0000b520: 0304 02d3 70bc fff7 7dbf 0133 04f8 020c  ....p...}..3....
0000b530: 04f8 031c 04f8 012c dbb2 efe7 70bc 7047  .......,....p.pG
0000b540: e026 0020 7f0c 0020 e826 0020 094b 07b5  .&. ... .&. .K..
0000b550: 1b78 db07 0ad5 01ab fff7 acfe 9df8 0620  .x............. 
0000b560: 9df8 0410 9df8 0500 fff7 ccff 03b0 5df8  ..............].
0000b570: 04fb 00bf e026 0020 10b5 0446 054b 0279  .....&. ...F.K.y
0000b580: 0549 5878 8a5c 9978 fff7 e0ff 2379 0133  .IXx.\.x....#y.3
0000b590: 2371 10bd e026 0020 0909 0108 10b5 0446  #q...&. .......F
0000b5a0: 044b 0079 da78 9978 fff7 d0ff 2379 0133  .K.y.x.x....#y.3
0000b5b0: 2371 10bd e026 0020 37b5 164d 0446 2878  #q...&. 7..M.F(x
0000b5c0: 38b9 ff22 01ab 1146 fff7 74fe 9df8 0530  8.."...F..t....0
0000b5d0: 2b70 2179 0129 11d0 0229 13d0 b1b9 0a46  +p!y.)...).....F
0000b5e0: 2878 fff7 8fff 0322 2379 0133 b3fb f2f2  (x....."#y.3....
0000b5f0: 02eb 4202 9b1a 2371 03b0 30bd 0022 2978  ..B...#q..0..")x
0000b600: 1046 eee7 0020 2a78 0146 eae7 0022 1046  .F... *x.F...".F
0000b610: 1146 e6e7 c122 0020 2de9 f04f 3a4c 85b0  .F...". -..O:L..
0000b620: 94f8 00e0 0546 1ef0 010f 0f46 1646 0193  .....F.....F.F..
0000b630: 66d0 dff8 d8c0 4fea 9e03 1cf8 03c0 dff8  f.....O.........
0000b640: d080 0ef0 fc0e bef1 040f 88f8 00c0 17d1  ................
0000b650: 03ab fff7 2ffe 9df8 0e20 9df8 0c10 9df8  ..../.... ......
0000b660: 0d00 fff7 4fff 019b 6570 a770 e670 002b  ....O...ep.p.p.+
0000b670: 46d0 d4e9 0001 05b0 bde8 f04f fff7 49be  F..........O..I.
0000b680: bcf1 020f 01d1 e678 ede7 bcf1 060f 01d1  .......x........
0000b690: 6578 e8e7 bcf1 090f fad0 bcf1 190f e2d1  ex..............
0000b6a0: 4ff0 0008 193b 03f0 0102 0092 194a c3f3  O....;.......J..
0000b6b0: 4603 12f8 03a0 dff8 6090 dff8 60b0 99f8  F.......`...`...
0000b6c0: 0420 5ffa 88f3 9a42 02d8 fff7 abfe cae7  . _....B........
0000b6d0: 03fb 0af0 b0fb f2f0 009a c0b2 72b9 2844  ............r.(D
0000b6e0: 99f8 0220 3946 1344 03eb 4303 3246 c0b2  ... 9F.D..C.2F..
0000b6f0: 5b44 fff7 dffd 08f1 0108 e0e7 281a efe7  [D..........(...
0000b700: 05b0 bde8 f08f 00bf e026 0020 de08 0108  .........&. ....
0000b710: c822 0020 c808 0108 7f0c 0020 e826 0020  .". ....... .&. 
0000b720: 0549 10b4 4c78 0346 0834 ca78 e0b2 8978  .I..Lx.F.4.x...x
0000b730: 10bc fff7 71bf 00bf e026 0020 0120 fff7  ....q....&. . ..
0000b740: efbf 0000 0549 10b4 4c78 0346 083c ca78  .....I..Lx.F.<.x
0000b750: e0b2 8978 10bc fff7 5fbf 00bf e026 0020  ...x...._....&. 
0000b760: 0120 fff7 efbf 0000 10b4 064c 0346 a178  . .........L.F.x
0000b770: e278 1131 ff29 28bf ff21 6078 c9b2 10bc  .x.1.)(..!`x....
0000b780: fff7 4abf e026 0020 0120 fff7 edbf 0000  ..J..&. . ......
0000b790: 10b4 064c 0346 a178 e278 1139 21ea e171  ...L.F.x.x.9!..q
0000b7a0: 6078 c9b2 10bc fff7 37bf 00bf e026 0020  `x......7....&. 
0000b7b0: 0120 fff7 edbf 0000 10b4 064c 0346 e278  . .........L.F.x
0000b7c0: a178 1132 ff2a 28bf ff22 6078 d2b2 10bc  .x.2.*(.."`x....
0000b7d0: fff7 22bf e026 0020 0120 fff7 edbf 0000  .."..&. . ......
0000b7e0: 10b4 064c 0346 e278 a178 113a 22ea e272  ...L.F.x.x.:"..r
0000b7f0: 6078 d2b2 10bc fff7 0fbf 00bf e026 0020  `x...........&. 
0000b800: 0120 fff7 edbf 0023 fff7 06bf 2de9 f041  . .....#....-..A
0000b810: 0446 0025 134e dff8 5080 144f 3279 e8b2  .F.%.N..P..O2y..
0000b820: 8242 0dd8 fff7 fefd a378 13f0 010f 2379  .B.......x....#y
0000b830: 14bf 0133 03f1 ff33 5bb2 2371 bde8 f081  ...3...3[.#q....
0000b840: ff21 b1fb f2f1 b378 2279 0344 01fb 0020  .!.....x"y.D... 
0000b850: 03eb 4303 fa78 b978 4344 c0b2 fff7 2afd  ..C..x.xCD....*.
0000b860: 0135 dbe7 7f0c 0020 e826 0020 e026 0020  .5..... .&. .&. 
0000b870: 2de9 f04f 8378 4ff0 0009 13f0 010f 0cbf  -..O.xO.........
0000b880: 0123 4ff0 ff33 85b0 2a4e 2b4d 0193 3379  .#O..3..*N+M..3y
0000b890: 5ffa 89f8 4345 0cd8 fff7 c4fd 019b 012b  _...CE.........+
0000b8a0: 2b78 3fd1 03b9 3379 013b 2b70 05b0 bde8  +x?...3y.;+p....
0000b8b0: f08f 0024 0427 4ff0 1a0b b278 1f49 4244  ...$.'O....x.IBD
0000b8c0: 02eb 4202 5318 5c70 5454 9df8 0420 dff8  ..B.S.\pTT... ..
0000b8d0: 70a0 9c70 0292 2a78 2244 d1b2 52b2 1a2a  p..p..*x"D..R..*
0000b8e0: 1bdd 92fb fbf1 0bfb 1122 52b2 4245 0cd1  ........."R.BE..
0000b8f0: 9af8 0320 9af8 0210 7a43 9af8 0100 c2f3  ... ....zC......
0000b900: 8702 0393 fff7 d6fc 039b 029a 013f 1444  .............?.D
0000b910: e4b2 e0d1 09f1 0109 b9e7 002a e6da 3279  ...........*..2y
0000b920: 0a44 e2e7 3279 0133 b3fb f2f1 02fb 1133  .D..2y.3.......3
0000b930: bbe7 00bf 7f0c 0020 c222 0020 e826 0020  ....... .". .&. 
0000b940: e026 0020 0021 2de9 f843 2c4c 2c4d a378  .&. .!-..C,L,M.x
0000b950: e078 03eb 4302 2a44 9842 02f1 0302 20d8  .x..C.*D.B.... .
0000b960: 0027 284e dff8 a090 dff8 a080 2279 f9b2  .'(N........"y..
0000b970: 8a42 1fd8 fff7 56fd 234d 2548 2a78 0178  .B....V.#M%H*x.x
0000b980: 3378 0a44 52b2 0b44 5bb2 002a 3370 2a70  3x.DR..D[..*3p*p
0000b990: 03dd 2279 013a 9342 01db 4942 0170 bde8  .."y.:.B..IB.p..
0000b9a0: f883 0133 02f8 021c 02f8 031c 02f8 011c  ...3............
0000b9b0: dbb2 d1e7 b1fb f2f3 02fb 1313 a278 1344  .............x.D
0000b9c0: 96f9 0020 dbb2 9142 4fea 4302 1344 0edb  ... ...BO.C..D..
0000b9d0: 99f9 0000 8142 0adc 98f8 0320 98f8 0210  .....B..... ....
0000b9e0: 98f8 0100 2b44 fff7 65fc 0137 bee7 0022  ....+D..e..7..."
0000b9f0: e918 4a70 ea54 8a70 f7e7 00bf 7f0c 0020  ..Jp.T.p....... 
0000ba00: e826 0020 c022 0020 7c0c 0020 e026 0020  .&. .". |.. .&. 
0000ba10: 7e0c 0020 2de9 f843 5525 0379 0646 03fb  ~.. -..CU%.y.F..
0000ba20: 03f2 5a43 c3f1 2003 03fb 03f1 5543 03fb  ..ZC.. .....UC..
0000ba30: 0123 b5fb f3f3 ddb2 292d 85bf c5f1 5504  .#......)-....U.
0000ba40: 04eb 4404 05eb 4504 04eb d474 94bf 6fea  ..D...E....t..o.
0000ba50: 5404 6fea 6404 0027 dff8 5c80 dff8 5c90  T.o.d..'..\...\.
0000ba60: e4b2 98f8 0420 fbb2 9a42 0bd8 fff7 dafc  ..... ...B......
0000ba70: 3379 134a dbb9 0121 1170 1278 1344 3371  3y.J...!.p.x.D3q
0000ba80: bde8 f883 9a07 98f8 0220 0e49 1344 58bf  ......... .I.DX.
0000ba90: c5f1 5500 03eb 4303 48bf 2846 2246 8978  ..U...C.H.(F"F.x
0000baa0: 58bf c0b2 4b44 fff7 05fc 0137 d9e7 202b  X...KD.....7.. +
0000bab0: e3d1 ff21 e0e7 00bf 7f0c 0020 e826 0020  ...!....... .&. 
0000bac0: 7d0c 0020 e026 0020 2de9 f041 0446 0025  }.. .&. -..A.F.%
0000bad0: 144f dff8 5480 154e 3a79 aa42 08dc fff7  .O..T..N:y.B....
0000bae0: a1fc 2379 0133 03f0 0103 2371 bde8 f081  ..#y.3....#q....
0000baf0: bb78 b5eb 520f 2b44 03eb 4303 94f8 04c0  .x..R.+D..C.....
0000bb00: 7078 b178 4344 07da bcf1 000f 07d0 f278  px.xCD.........x
0000bb10: fff7 d0fb 0135 dfe7 bcf1 000f f7d0 0022  .....5........."
0000bb20: f6e7 00bf 7f0c 0020 e826 0020 e026 0020  ....... .&. .&. 
0000bb30: 2de9 f74f 8378 0027 0093 0123 464e 90f8  -..O.x.'...#FN..
0000bb40: 0480 0371 f378 454d 03f0 fe03 fe33 1b12  ...q.xEM.....3..
0000bb50: 0193 434b 5ffa 87f9 1b79 4b45 04d8 03b0  ..CK_....yKE....
0000bb60: bde8 f04f fff7 5ebc 009b 4fea 8904 022b  ...O..^...O....+
0000bb70: 06d8 7078 04eb 0903 e918 e854 b378 4b70  ..px.......T.xKp
0000bb80: b8f1 000f 16d1 4c44 2c44 84f8 0380 84f8  ......LD,D......
0000bb90: 0280 334b 334a 9b78 09eb 8900 4b44 2918  ..3K3J.x....KD).
0000bba0: 03eb 4303 1344 285c 8a78 4978 fff7 82fb  ..C..D(\.xIx....
0000bbb0: 0137 cee7 04eb 090b 05eb 0b0a 9af8 0330  .7.............0
0000bbc0: d3b1 013b 9af8 0400 dbb2 8af8 0330 c3eb  ...;.........0..
0000bbd0: 0323 b3fb f0f3 2448 dbb2 c35c bb20 223b  .#....$H...\. ";
0000bbe0: dbb2 c3eb 0323 b3fb f0f3 f078 dbb2 4343  .....#.....x..CC
0000bbf0: 1b12 8af8 0230 cce7 fbf7 c8fc ff23 90fb  .....0.......#..
0000bc00: f3fc 019a cceb 0c2c a0eb 0c00 9042 c0da  .......,.....B..
0000bc10: 009a 022a 12d9 fbf7 b9fc ff23 90fb f3f3  ...*.......#....
0000bc20: 0344 05f8 0b30 fbf7 b1fc b378 5b08 90fb  .D...0.....x[...
0000bc30: f3fc 0cfb 1300 0344 8af8 0130 0023 4c44  .......D...0.#LD
0000bc40: 2c44 a370 f378 c82b 28bf c823 142b 38bf  ,D.p.x.+(..#.+8.
0000bc50: 1423 2371 e370 9ce7 e026 0020 3e22 0020  .##q.p...&. >". 
0000bc60: 7f0c 0020 e826 0020 0909 0108 08b5 084b  ... .&. .......K
0000bc70: 1a78 6ff3 0002 1a70 d3e9 0001 fff7 49fb  .xo....p......I.
0000bc80: 0022 044b 5a70 bde8 0840 fff7 cbbb 00bf  .".KZp...@......
0000bc90: e026 0020 c822 0020 044b 1a78 6ff3 0002  .&. .". .K.xo...
0000bca0: 1a70 0022 024b 5a70 fff7 bcbb e026 0020  .p.".KZp.....&. 
0000bcb0: c822 0020 08b5 084b 0b22 1978 0748 8908  .". ...K.".x.H..
0000bcc0: fbf7 f6fa 10b9 0122 054b 5a70 01f0 82fe  .......".KZp....
0000bcd0: 044b 1880 08bd 00bf e026 0020 840c 0020  .K.......&. ... 
0000bce0: c822 0020 3622 0020 10b5 164c 2378 da07  .". 6". ...L#x..
0000bcf0: 27d5 e0b9 0122 62f3 8703 2370 19b1 d4e9  '...."b...#p....
0000bd00: 0001 fff7 06fb 2178 0b22 0f48 8908 fbf7  ......!x.".H....
0000bd10: cffa 98b1 0022 0d4b 5a70 0122 0c4b a178  .....".KZp.".K.x
0000bd20: 6078 da70 e278 bde8 1040 fff7 6cbd 2a28  `x.p.x...@..l.*(
0000bd30: 01d9 2a22 dfe7 60f3 8703 dee7 fff7 baff  ..*"..`.........
0000bd40: ebe7 10bd e026 0020 840c 0020 c822 0020  .....&. ... .". 
0000bd50: 3622 0020 054b 0146 1b78 9b08 0133 2b2b  6". .K.F.x...3++
0000bd60: 34bf 1846 0120 fff7 bfbf 00bf e026 0020  4..F. .......&. 
0000bd70: 0120 fff7 efbf 0000 064b 0146 1b78 c3f3  . .......K.F.x..
0000bd80: 8503 013b 13f0 ff03 14bf 1846 2a20 fff7  ...;.......F* ..
0000bd90: abbf 00bf e026 0020 0120 fff7 edbf 0121  .....&. . .....!
0000bda0: fff7 a2bf 034b 1878 40f0 0100 1870 8008  .....K.x@....p..
0000bdb0: fff7 f5bf e026 0020 034b 1b78 db07 01d5  .....&. .K.x....
0000bdc0: fff7 54bf fff7 eebf e026 0020 0021 fff7  ..T......&. .!..
0000bdd0: 8bbf 0000 38b5 114d 2b78 ebb9 fff7 8efa  ....8..M+x......
0000bde0: 0f4c 10f0 fc0f c4e9 0001 05d1 fff7 b0fa  .L..............
0000bdf0: fff7 84fa c4e9 0001 fff7 70fa 0022 094b  ..........p..".K
0000be00: 5a70 094b 1b68 9847 2078 c307 02d5 8008  Zp.K.h.G x......
0000be10: fff7 dcff 0123 2b70 38bd 00bf 3d22 0020  .....#+p8...=". 
0000be20: e026 0020 c822 0020 0c0a 0108 034b 1878  .&. .". .....K.x
0000be30: 40f0 0100 1870 8008 fff7 c8bf e026 0020  @....p.......&. 
0000be40: 034b 1b78 db07 01d5 fff7 26bf fff7 eebf  .K.x......&.....
0000be50: e026 0020 2de9 f041 3c4c 6378 23b3 3c4b  .&. -..A<Lcx#.<K
0000be60: 2278 1b78 3b4f c2eb 9303 dbb2 022a bb70  "x.x;O.......*.p
0000be70: 2ed1 394a 394d d65c fb78 43b1 4ff0 0008  ..9J9M.\.xC.O...
0000be80: 87f8 0380 01f0 a6fd a7f8 0480 3880 01f0  ............8...
0000be90: a1fd 47f6 fe72 3b88 c01a 80b2 9042 03d8  ..G..r;......B..
0000bea0: 3344 2c48 3b80 a847 2d4b 1a78 002a 4bd0  3D,H;..G-K.x.*K.
0000beb0: 0022 1a70 6378 264c 1bb9 2078 8008 fff7  .".pcx&L.. x....
0000bec0: 85ff 2378 db07 3fd4 bde8 f041 fff7 aaba  ..#x..?....A....
0000bed0: 062a 03d1 234a 244d d65c cde7 092a 04d1  .*..#J$M.\...*..
0000bee0: 224a 5b08 d65c 224d c6e7 0f2a 04d1 214a  "J[..\"M...*..!J
0000bef0: 5b08 d65c 204d bfe7 152a 03d1 1f4a 204d  [..\ M...*...J M
0000bf00: d65c b9e7 182a 14d0 232a 03d1 1d4b 1e4d  .\...*..#*...K.M
0000bf10: 1e88 b1e7 242a 0fd0 252a 11d1 0322 b3fb  ....$*..%*..."..
0000bf20: f2f2 02eb 4202 9b1a 184a dbb2 d65c 184d  ....B....J...\.M
0000bf30: a2e7 2826 174d 9fe7 4ff4 fa76 164d 9be7  ..(&.M..O..v.M..
0000bf40: 4ff4 fa66 154d 97e7 bde8 f081 c822 0020  O..f.M.......". 
0000bf50: e026 0020 3622 0020 c408 0108 79b5 0008  .&. 6". ....y...
0000bf60: 3c22 0020 d008 0108 9db5 0008 d308 0108  <". ............
0000bf70: 0db8 0008 d808 0108 71b8 0008 cd08 0108  ........q.......
0000bf80: 45b9 0008 d608 0108 b9b5 0008 db08 0108  E...............
0000bf90: 31bb 0008 15ba 0008 c9ba 0008 abb2 0008  1...............
0000bfa0: 7047 fff7 57bf 00b1 1047 0847 38b5 0446  pG..W....G.G8..F
0000bfb0: 0d46 fff7 dbf9 a042 07d3 fff7 d7f9 a842  .F.....B.......B
0000bfc0: 03d2 bde8 3840 fff7 d3be 2046 bde8 3840  ....8@.... F..8@
0000bfd0: fff7 e5be 38b5 4d79 0446 bdb9 fdf7 64ff  ....8.My.F....d.
0000bfe0: a4f5 f043 203b 00f0 2200 142b 4fd8 dfe8  ...C ;.."..+O...
0000bff0: 03f0 0b0f 1417 1a1d 2023 2629 2c2f 3338  ........ #&),/38
0000c000: 3b3e 4144 4649 4b00 fff7 d6fe 2846 38bd  ;>ADFIK.....(F8.
0000c010: 204a 2149 fff7 c7ff f8e7 1f4a 1d49 f9e7   J!I.......J.I..
0000c020: 1e4a 1f49 f6e7 1e4a 1c49 f3e7 1d4a 1e49  .J.I...J.I...J.I
0000c030: f0e7 1d4a 1b49 ede7 1c4a 1d49 eae7 1c4a  ...J.I...J.I...J
0000c040: 1a49 e7e7 1b4a 1c49 e4e7 1b4a 1949 e1e7  .I...J.I...J.I..
0000c050: 0120 fff7 a4fe d9e7 0521 0220 fff7 a6ff  . .......!. ....
0000c060: d4e7 0821 0620 f9e7 0e21 0920 f6e7 1421  ...!. ...!. ...!
0000c070: 0f20 f3e7 1721 1520 f0e7 1820 e9e7 2221  . ...!. ... .."!
0000c080: 1920 ebe7 2320 e4e7 2a21 2520 e6e7 0125  . ..# ..*!% ...%
0000c090: bce7 00bf 99bd 0008 71bd 0008 61b7 0008  ........q...a...
0000c0a0: 3db7 0008 b1b7 0008 89b7 0008 01b8 0008  =...............
0000c0b0: d9b7 0008 c9b3 0008 a9b3 0008 f0b5 4518  ..............E.
0000c0c0: 0446 1946 1046 0026 ac42 00d3 f0bd 14f8  .F.F.F.&.B......
0000c0d0: 012b 4fea 011c 4240 9318 4fea 021e 41eb  .+O...B@..O...A.
0000c0e0: 0100 4cea 127c 13eb 0e03 40eb 0c00 4fea  ..L..|....@...O.
0000c0f0: 421e 9b18 4fea 411c 41eb 0000 4cea d26c  B...O.A.A...L..l
0000c100: 13eb 0e03 40eb 0c00 4fea c21e 4fea c11c  ....@...O...O...
0000c110: 1702 4cea 526c 13eb 0e03 4fea 0121 40eb  ..L.Rl....O..!@.
0000c120: 0c00 41ea 1261 da19 40eb 0101 3944 b018  ..A..a..@...9D..
0000c130: cae7 0000 30b5 0723 0125 4ff4 8071 1b4a  ....0..#.%O..q.J
0000c140: 05fa 03f4 0442 1161 18d0 0524 00bf 00bf  .....B.a...$....
0000c150: 00bf 00bf 00bf 00bf 013c f7d1 5161 00bf  .........<..Qa..
0000c160: 00bf 00bf 00bf 00bf 00bf 00bf 00bf 00bf  ................
0000c170: 00bf 00bf 00bf 013b e2d2 30bd 00bf 00bf  .......;..0.....
0000c180: 00bf 00bf 00bf 00bf 00bf 00bf 00bf 00bf  ................
0000c190: 00bf 00bf 0524 5161 00bf 00bf 00bf 00bf  .....$Qa........
0000c1a0: 00bf 00bf 013c f7d1 e5e7 00bf 0008 0140  .....<.........@
0000c1b0: 0622 4ff4 8071 0148 03f0 8cbc 0008 0140  ."O..q.H.......@
0000c1c0: f8b5 0446 0d46 3023 83f3 1188 0023 dab2  ...F.F0#.....#..
0000c1d0: aa42 03f1 0107 0cd3 4ff4 a863 00bf 00bf  .B......O..c....
0000c1e0: 00bf 00bf 00bf 00bf 013b f7d1 83f3 1188  .........;......
0000c1f0: f8bd 02eb 4202 a618 a05c fff7 9bff 7078  ....B....\....px
0000c200: fff7 98ff b078 fff7 95ff 3b46 dfe7 fdf7  .....x....;F....
0000c210: 89bf 08b5 0020 fef7 effa 00f0 0100 08bd  ..... ..........
0000c220: 08b5 fef7 a7fb 40f6 b830 02f0 2cfc fef7  ......@..0..,...
0000c230: a1fb fff7 eeff 28b1 fff7 e9ff bde8 0840  ......(........@
0000c240: fcf7 e4bd 08bd 08b5 fff7 eaff 08bd 0000  ................
0000c250: 431f 10b5 3e2b 00f2 8680 dfe8 03f0 2d24  C...>+........-$
0000c260: 3022 8484 2284 8451 845d 6984 8484 8422  0".."..Q.]i...."
0000c270: 8484 2284 4084 8482 8282 8282 8282 8282  ..".@...........
0000c280: 7584 2d20 8484 8484 8484 8484 8484 7584  u.- ..........u.
0000c290: 8422 847b 7b7b 7b7b 7b7b 7b7b 7500 fdf7  .".{{{{{{{{{u...
0000c2a0: c1ff 0120 07e0 0120 304a 1378 23f0 0f03  ... ... 0J.x#...
0000c2b0: 1370 2f4b 1870 10bd fcf7 36fe f1e7 2b4a  .p/K.p....6...+J
0000c2c0: 1378 c3f3 0001 81f0 0101 61f3 0003 1370  .x........a....p
0000c2d0: d9b2 db07 e5d4 21f0 0e03 1370 e1e7 2349  ......!....p..#I
0000c2e0: 0b78 c3f3 4002 82f0 0102 62f3 4103 0b70  .x..@.....b.A..p
0000c2f0: 13f0 020f d5d0 1d4a 1378 43f0 0103 ece7  .......J.xC.....
0000c300: 1a49 0b78 c3f3 8002 82f0 0102 62f3 8203  .I.x........b...
0000c310: 0b70 13f0 040f ede7 1449 0b78 c3f3 c002  .p.......I.x....
0000c320: 82f0 0102 62f3 c303 0b70 13f0 080f e1e7  ....b....p......
0000c330: fdf7 dcf9 0f49 0b78 c3f3 c012 82f0 0102  .....I.x........
0000c340: 62f3 c713 0b70 ace7 0120 fdf7 1efa fdf7  b....p... ......
0000c350: cdf9 a6e7 3938 0124 c0b2 04fa 00f0 c0b2  ....98.$........
0000c360: f3e7 1d38 f7e7 0020 a5e7 00bf 1c12 0020  ...8... ....... 
0000c370: cb22 0020 c426 0020 0020 7047 0020 7047  .". .&. . pG. pG
0000c380: 70b5 554e 0546 3478 012c 15d0 022c 33d0  p.UN.F4x.,...,3.
0000c390: 002c 40f0 9b80 fdf7 87fd 2228 40f0 9980  .,@......."(@...
0000c3a0: 2846 fff7 e9ff 18b9 2846 fff7 51ff 00e0  (F......(F..Q...
0000c3b0: 0120 00f0 0100 70bd fdf7 76fd 2228 2846  . ....p...v."((F
0000c3c0: 05d1 fff7 d9ff 0028 eed0 2046 f1e7 fff7  .......(.. F....
0000c3d0: d5ff 40b9 142d 79d0 07d8 0b2d 03d0 102d  ..@..-y....-...-
0000c3e0: e9d1 0223 3370 0120 e5e7 292d 6ed0 a5f1  ...#3p. ..)-n...
0000c3f0: 3803 5842 5841 dee7 5228 f4d8 4e28 12d8  8.XBXA..R(..N(..
0000c400: 2728 23d8 1d28 24d8 0728 4ff0 0100 42d0  '(#..($..(O...B.
0000c410: 142d d0d1 314a 1378 002b e4d0 0023 1370  .-..1J.x.+...#.p
0000c420: 2f4a 1360 dfe7 5038 0228 46d8 dfe8 00f0  /J.`..P8.(F.....
0000c430: 3047 0200 0121 2a4b 1b68 002b d3d0 1a78  0G...!*K.h.+...x
0000c440: 0a44 ff2a 3edd ff22 1a70 cce7 2928 e1d0  .D.*>..".p..)(..
0000c450: c9e7 224b 1d38 c0b2 1870 0138 0528 33d8  .."K.8...p.8.(3.
0000c460: dfe8 00f0 0307 0a0d 1013 1d4b 1d4a 1a60  ...........K.J.`
0000c470: b9e7 1b4b 1c4a fae7 194b 1c4a f7e7 184b  ...K.J...K.J...K
0000c480: 1b4a f4e7 164b 1b4a f1e7 154b 1a4a eee7  .J...K.J...K.J..
0000c490: 6ff0 0901 cfe7 1422 124b 1870 124b 1a70  o......".K.p.K.p
0000c4a0: 0a22 124b 1a70 1e22 114b 1a70 0822 114b  .".K.p.".K.p.".K
0000c4b0: 1a70 2822 104b 1a70 7de7 0a21 bbe7 4ff0  .p(".K.p}..!..O.
0000c4c0: ff31 b8e7 002a bfda 0022 bde7 0020 3070  .1...*..."... 0p
0000c4d0: 71e7 2046 6fe7 00bf cb22 0020 cc22 0020  q. Fo....". .". 
0000c4e0: d022 0020 8f0c 0020 900c 0020 910c 0020  .". ... ... ... 
0000c4f0: 920c 0020 950c 0020 960c 0020 0420 7047  ... ... ... . pG
0000c500: 1e23 5200 03fb 0122 9621 01fb 0020 2830  .#R....".!... (0
0000c510: 7047 0328 38b5 10d8 0429 0ed8 0e2a 0cd8  pG.(8....)...*..
0000c520: fff7 eeff 0546 fef7 a1fa 0402 681c fef7  .....F......h...
0000c530: 9dfa a4b2 2043 80b2 38bd 0020 fce7 0328  .... C..8.. ...(
0000c540: 70b5 1c46 0fd8 0429 0dd8 0e2a 0bd8 fff7  p..F...)...*....
0000c550: d7ff 0546 210a fef7 f1fa e1b2 681c bde8  ...F!.......h...
0000c560: 7040 fef7 ebba 70bd 2de9 f843 0024 0025  p@....p.-..C.$.%
0000c570: e7b2 12e0 5ffa 86f9 4a46 4146 3846 fcf7  ...._...JFAF8F..
0000c580: 55fc 0136 0346 4a46 4146 3846 fff7 d7ff  U..6.FJFAF8F....
0000c590: 0f2e efd1 0135 052d 03d0 0026 5ffa 85f8  .....5.-...&_...
0000c5a0: e8e7 0134 042c e2d1 bde8 f883 f8b5 1446  ...4.,.........F
0000c5b0: 0027 00f1 2805 5618 b442 00d1 f8bd a5f1  .'..(.V..B......
0000c5c0: 2803 b3f5 167f 06da 2846 fef7 4ffa 2070  (.......(F..O. p
0000c5d0: 0135 0134 f0e7 2770 fae7 70b5 1446 00f1  .5.4..'p..p..F..
0000c5e0: 2805 5618 b442 00d1 70bd a5f1 2803 b3f5  (.V..B..p...(...
0000c5f0: 167f 03da 2846 2178 fef7 a0fa 0134 0135  ....(F!x.....4.5
0000c600: f0e7 0328 10b4 06d8 0429 04d8 0e2a 02d8  ...(.....)...*..
0000c610: 10bc fff7 7ebf 0020 10bc 7047 1020 7047  ....~.. ..pG. pG
0000c620: 4ff4 5860 7047 f8b5 1446 0027 00f5 2075  O.X`pG...F.'.. u
0000c630: 5618 b442 00d1 f8bd a5f5 2073 b3f5 586f  V..B...... s..Xo
0000c640: 06da 2846 fef7 12fa 2070 0135 0134 f0e7  ..(F.... p.5.4..
0000c650: 2770 fae7 70b5 1446 00f5 2075 5618 b442  'p..p..F.. uV..B
0000c660: 00d1 70bd a5f5 2073 b3f5 586f 03da 2846  ..p... s..Xo..(F
0000c670: 2178 fef7 63fa 0134 0135 f0e7 10b5 4ff4  !x..c..4.5....O.
0000c680: 2074 2046 0021 0134 fef7 58fa b4f5 805f   t F.!.4..X...._
0000c690: f7d1 10bd 0f28 f7b5 0446 52d8 40f6 ff70  .....(...FR.@..p
0000c6a0: fef7 e4f9 0028 4cd1 4ff4 2075 34bb cde9  .....(L.O. u4...
0000c6b0: 0044 2846 fef7 daf9 6f1c 8df8 0000 8df8  .D(F....o.......
0000c6c0: 0140 0028 3dd0 0128 12d1 3846 fef7 cef9  .@.(=..(..8F....
0000c6d0: ae1c 8df8 0100 a0b3 431e 022b 19d8 3046  ........C..+..0F
0000c6e0: fef7 c4f9 ef1c 8df8 0200 50b3 8df8 0340  ..........P....@
0000c6f0: 0021 6846 00f0 3efc 3d46 dae7 b5f5 805f  .!hF..>.=F....._
0000c700: 1fd0 2846 fef7 b2f9 08b9 013c e4b2 0135  ..(F.......<...5
0000c710: cce7 0428 10d1 0227 3046 fef7 a7f9 fdb2  ...(...'0F......
0000c720: 0136 0df8 0700 60b1 7c28 07d1 0135 edb2  .6....`.|(...5..
0000c730: 02ab 1d44 05f8 084c 3746 d9e7 0137 072f  ...D...L7F...7./
0000c740: ead1 03b0 f0bd 0000 47f6 1643 9842 10b5  ........G..C.B..
0000c750: 0c46 1bd1 fdf7 a8fb 6279 0d4b 72b1 00f0  .F......by.Kr...
0000c760: aa00 0028 15bf 0122 0022 3520 2920 1a70  ...(..."."5 ) .p
0000c770: 00f0 feff fdf7 5cfc 0020 10bd 1b78 002b  ......\.. ...x.+
0000c780: 14bf 3520 2920 01f0 0df8 f3e7 0120 f4e7  ..5 ) ....... ..
0000c790: d422 0020 38b5 0546 4879 0028 00f0 dc80  .". 8..FHy.(....
0000c7a0: a5f5 e045 abb2 222b 00f2 bb80 fdf7 d8fc  ...E.."+........
0000c7b0: 6a4c 013d 2080 212d 12d8 dfe8 05f0 4dbd  jL.= .!-......M.
0000c7c0: 551b 1f59 235d 692f b533 6d37 7197 3b75  U..Y#]i/.3m7q.;u
0000c7d0: 9f41 7b83 2761 2b65 477f 8ea9 b316 51c5  .A{.'a+eG.....Q.
0000c7e0: 2378 43f0 0103 2370 95e0 6378 43f0 0803  #xC...#p..cxC...
0000c7f0: 6370 90e0 2378 43f0 0203 f4e7 2378 43f0  cp..#xC.....#xC.
0000c800: 0403 f0e7 2378 43f0 0803 ece7 6378 43f0  ....#xC.....cxC.
0000c810: 0103 ede7 6378 43f0 0203 e9e7 2378 43f0  ....cxC.....#xC.
0000c820: 1003 e0e7 2378 43f0 2003 dce7 2378 43f0  ....#xC. ...#xC.
0000c830: 4003 d8e7 fcf7 5aff 2378 43f0 8003 d2e7  @.....Z.#xC.....
0000c840: 2378 23f0 0c03 43f0 0c03 cce7 6378 23f0  #x#...C.....cx#.
0000c850: 0303 43f0 0303 cbe7 2378 6ff3 0003 c2e7  ..C.....#xo.....
0000c860: 6378 6ff3 c303 c3e7 2378 6ff3 4103 bae7  cxo.....#xo.A...
0000c870: 2378 6ff3 8203 b6e7 2378 6ff3 c303 b2e7  #xo.....#xo.....
0000c880: 6378 6ff3 0003 b3e7 6378 6ff3 4103 afe7  cxo.....cxo.A...
0000c890: 2378 6ff3 0413 a6e7 2378 6ff3 4513 a2e7  #xo.....#xo.E...
0000c8a0: 2378 6ff3 8613 9ee7 fcf7 20ff 2378 6ff3  #xo....... .#xo.
0000c8b0: c713 98e7 2378 23f0 0c03 94e7 6378 23f0  ....#x#.....cx#.
0000c8c0: 0303 95e7 2378 c3f3 8002 82f0 0102 d2b2  ....#x..........
0000c8d0: 62f3 8203 62f3 c303 85e7 6378 da43 02f0  b...b.....cx.C..
0000c8e0: 0102 62f3 0003 62f3 4103 81e7 2378 c3f3  ..b...b.A...#x..
0000c8f0: 8012 82f0 0102 62f3 8613 74e7 fcf7 f6fe  ......b...t.....
0000c900: 2378 c3f3 c012 82f0 0102 62f3 c713 6ae7  #x........b...j.
0000c910: 0120 fdf7 89fc 2088 fdf7 25fc fcf7 e6fe  . .... ...%.....
0000c920: 0020 38bd 0020 f4e7 2378 c3f3 0012 82f0  . 8.. ..#x......
0000c930: 0102 62f3 0413 56e7 2378 c3f3 0002 82f0  ..b...V.#x......
0000c940: 0102 62f3 0003 4ee7 6378 c3f3 c002 82f0  ..b...N.cx......
0000c950: 0102 62f3 c303 4be7 0120 e2e7 c426 0020  ..b...K.. ...&. 
0000c960: 00eb 4003 c3eb 0313 00eb 8300 03b2 002b  ..@............+
0000c970: 07da b3f1 8000 01d5 03f1 7f00 40f3 0720  ............@.. 
0000c980: 7047 03f1 8000 f9e7 164b 1b78 d907 07d5  pG.......K.x....
0000c990: 154b 1878 4000 7f28 1fd8 00b3 c0b2 7047  .K.x@..(......pG
0000c9a0: 9a07 03d5 104b 1878 8000 f4e7 5b07 03d5  .....K.x....[...
0000c9b0: 0d4b 1878 c000 eee7 0c4b 1b78 5bb1 0c4a  .K.x.....K.x[..J
0000c9c0: 0949 1278 0878 9342 f4d2 5843 c000 b0fb  .I.x.x.B..XC....
0000c9d0: f2f0 80b2 dfe7 0820 e0e7 7f20 7047 0120  ....... ... pG. 
0000c9e0: 7047 00bf e022 0020 910c 0020 e122 0020  pG...". ... .". 
0000c9f0: 920c 0020 144b 1b78 d907 05d5 134b 1878  ... .K.x.....K.x
0000ca00: 8008 f8b1 c0b2 7047 9a07 03d5 0f4b 1878  ......pG.....K.x
0000ca10: 4008 f6e7 5b07 05d5 0c4b 1878 7f28 f0d9  @...[....K.x.(..
0000ca20: 7f20 7047 0a4b 1b78 53b1 0a4a 0749 1278  . pG.K.xS..J.I.x
0000ca30: 0878 9342 36bf 5843 80b2 b0fb f2f0 ede7  .x.B6.XC........
0000ca40: 0120 dfe7 0120 7047 e022 0020 950c 0020  . ... pG.". ... 
0000ca50: e222 0020 960c 0020 10b5 314c e278 a378  .". ... ..1L.x.x
0000ca60: 1343 6279 1343 2279 1343 05d0 0822 2d4b  .Cby.C"y.C..."-K
0000ca70: 1a70 0122 2c4b 1a70 cd28 04d1 fff7 84ff  .p.",K.p.(......
0000ca80: 4042 e070 10bd ce28 02d1 fff7 7dff f8e7  @B.p...(....}...
0000ca90: cf28 04d1 fff7 78ff 4042 a070 f2e7 d028  .(....x.@B.p...(
0000caa0: 02d1 fff7 71ff f8e7 d928 03d1 fff7 a2ff  ....q....(......
0000cab0: 2071 e7e7 da28 03d1 fff7 9cff 4042 f7e7   q...(......@B..
0000cac0: db28 04d1 fff7 96ff 4042 6071 dae7 dc28  .(......@B`q...(
0000cad0: 02d1 fff7 8fff f8e7 00f1 2f03 dbb2 072b  ........../....+
0000cae0: 07d8 0123 d138 03fa 00f0 6378 1843 6070  ...#.8....cx.C`p
0000caf0: c8e7 dd28 05d1 0d4a 1378 43f0 0103 1370  ...(...J.xC....p
0000cb00: c0e7 de28 04d1 094a 1378 43f0 0203 f6e7  ...(...J.xC.....
0000cb10: df28 b7d1 054a 1378 43f0 0403 efe7 00bf  .(...J.xC.......
0000cb20: da22 0020 e122 0020 e222 0020 e022 0020  .". .". .". .". 
0000cb30: 364b cd28 93f9 0220 0ad1 93f9 0310 0029  6K.(... .......)
0000cb40: 0cda 0021 d970 52b9 0021 314a 1170 06e0  ...!.pR..!1J.p..
0000cb50: ce28 0dd1 93f9 0310 0029 f2dc 72b1 1a79  .(.......)..r..y
0000cb60: 5b79 1343 5ab2 002b 4fd1 2a4b 1a70 7047  [y.CZ..+O.*K.ppG
0000cb70: cf28 06d1 002a f1da 0022 9a70 93f9 0320  .(...*...".p... 
0000cb80: e1e7 d028 02d1 002a f6dc e7e7 d928 93f9  ...(...*.....(..
0000cb90: 0410 04d1 0029 e1dd 0021 1971 dee7 da28  .....)...!.q...(
0000cba0: 02d1 0029 dada f7e7 db28 93f9 0510 04d1  ...).....(......
0000cbb0: 0029 d3da 0021 5971 d0e7 dc28 02d1 0029  .)...!Yq...(...)
0000cbc0: f8dc cbe7 00f1 2f01 c9b2 0729 07d8 0121  ....../....)...!
0000cbd0: d138 8140 5878 20ea 0100 5870 bee7 dd28  .8.@Xx ...Xp...(
0000cbe0: 05d1 0d48 0178 21f0 0101 0170 b6e7 de28  ...H.x!....p...(
0000cbf0: 04d1 0948 0178 21f0 0201 f6e7 df28 add1  ...H.x!......(..
0000cc00: 0548 0178 21f0 0401 efe7 7047 da22 0020  .H.x!.....pG.". 
0000cc10: e122 0020 e222 0020 e022 0020 08b5 00f0  .". .". .". ....
0000cc20: d9fe 094b da78 9978 0a43 1cbf 074a 1080  ...K.x.x.C...J..
0000cc30: 1a79 5b79 1343 1cbf 054b 1880 0248 bde8  .y[y.C...K...H..
0000cc40: 0840 00f0 b9bc 00bf da22 0020 d622 0020  .@.......". .". 
0000cc50: d822 0020 0622 08b5 0021 0548 faf7 14fc  .". ."...!.H....
0000cc60: 0023 044a 1370 044a 1370 044a 1370 08bd  .#.J.p.J.p.J.p..
0000cc70: da22 0020 e122 0020 e222 0020 e022 0020  .". .". .". .". 
0000cc80: 90f9 0230 5bb9 90f9 0330 43b9 90f9 0430  ...0[....0C....0
0000cc90: 2bb9 90f9 0500 0038 18bf 0120 7047 0120  +......8... pG. 
0000cca0: 7047 0000 37b5 594c 0622 2146 6846 faf7  pG..7.YL."!FhF..
0000ccb0: 75fb 0023 9df8 0220 a370 e370 2371 6371  u..#... .p.p#qcq
0000ccc0: 9df8 0330 1343 0ad0 514b 1888 00f0 87fe  ...0.C..QK......
0000ccd0: 5049 0b78 3bb3 504a 1278 9042 2cdc 9df8  PI.x;.PJ.x.B,...
0000cce0: 0420 9df8 0530 1343 0bd0 4c4b 1888 00f0  . ...0.C..LK....
0000ccf0: 76fe 4b49 0b78 002b 4ed0 4a4a 1278 9042  v.KI.x.+N.JJ.x.B
0000cd00: 53dc 6946 4148 00f0 83fd 18b9 3f48 fff7  S.iFAH......?H..
0000cd10: b7ff 08b1 fff7 82ff 0622 6946 3b48 faf7  ........."iF;H..
0000cd20: 3dfb 03b0 30bd 0a25 3f4a 1278 6a43 9042  =...0..%?J.xjC.B
0000cd30: d5dd 0133 0b70 01e0 ff2b fad1 9df9 0250  ...3.p...+.....P
0000cd40: 3db1 fff7 21fe 002d ccbf 0123 ff23 5843  =...!..-...#.#XC
0000cd50: a070 9df9 0350 3db1 fff7 16fe 002d ccbf  .p...P=......-..
0000cd60: 0123 ff23 5843 e070 94f9 0200 0028 b6d0  .#.#XC.p.....(..
0000cd70: 94f9 0320 002a b2d0 fff7 f2fd 30b1 a070  ... .*......0..p
0000cd80: 1046 fff7 edfd 20b1 e070 a8e7 0123 a370  .F.... ..p...#.p
0000cd90: f6e7 0123 e370 a2e7 0a25 244a 1278 6a43  ...#.p...%$J.xjC
0000cda0: 9042 aedd 0133 0b70 01e0 ff2b fad1 9df9  .B...3.p...+....
0000cdb0: 0450 3db1 fff7 1efe 002d ccbf 0123 ff23  .P=......-...#.#
0000cdc0: 5843 2071 9df9 0550 3db1 fff7 13fe 002d  XC q...P=......-
0000cdd0: ccbf 0123 ff23 5843 6071 94f9 0400 0028  ...#.#XC`q.....(
0000cde0: 8fd0 94f9 0520 002a 8bd0 fff7 b9fd 30b1  ..... .*......0.
0000cdf0: 2071 1046 fff7 b4fd 20b1 6071 81e7 0123   q.F.... .`q...#
0000ce00: 2371 f6e7 0123 6371 7be7 00bf da22 0020  #q...#cq{....". 
0000ce10: d622 0020 e122 0020 900c 0020 d822 0020  .". .". ... .". 
0000ce20: e222 0020 940c 0020 8f0c 0020 930c 0020  .". ... ... ... 
0000ce30: 4b4b 4c4a 2de9 f041 13f8 0080 c308 d55c  KKLJ-..A.......\
0000ce40: 494a 00f0 0700 d65c 484a 0541 d75c 0641  IJ.....\HJ.A.\.A
0000ce50: 15f0 0105 47fa 00f0 0c46 06f0 0106 00f0  ....G....F......
0000ce60: 0107 11d0 e120 fcf7 67f9 002c 6ad0 4048  ..... ..g..,j.@H
0000ce70: 4ff4 7a72 a4fb 0003 0021 0023 00f2 e730  O.zr.....!.#...0
0000ce80: faf7 f4f9 01f0 fffd 8eb1 e620 fcf7 54f9  ........... ..T.
0000ce90: 002c 59d0 3648 4ff4 7a72 a4fb 0003 0021  .,Y.6HO.zr.....!
0000cea0: 0023 00f2 e730 faf7 e1f9 01f0 ecfd 2146  .#...0........!F
0000ceb0: 4046 fcf7 c9f9 002c 48d0 2d48 4ff4 7a72  @F.....,H.-HO.zr
0000cec0: a4fb 0003 0021 0023 00f2 e730 faf7 cef9  .....!.#...0....
0000ced0: 01f0 d9fd 86b1 e620 fcf7 7cf9 c4b3 2448  ....... ..|...$H
0000cee0: 4ff4 7a72 a4fb 0003 0021 0023 00f2 e730  O.zr.....!.#...0
0000cef0: faf7 bcf9 01f0 c7fd 85b1 e120 fcf7 6af9  ........... ..j.
0000cf00: 44b3 1b48 4ff4 7a72 a4fb 0003 0021 0023  D..HO.zr.....!.#
0000cf10: 00f2 e730 faf7 aaf9 01f0 b5fd f7b1 2c20  ...0.........., 
0000cf20: fcf7 b0f9 c4b1 1248 4ff4 7a72 a4fb 0004  .......HO.zr....
0000cf30: 0023 0021 00f2 e730 faf7 98f9 bde8 f041  .#.!...0.......A
0000cf40: 01f0 a1bd 0120 9de7 0120 aee7 0120 bfe7  ..... ... ... ..
0000cf50: 0120 cfe7 0120 dfe7 0120 efe7 bde8 f081  . ... ... ......
0000cf60: 340b 0108 b40b 0108 140b 0108 240b 0108  4...........$...
0000cf70: a086 0100 2de9 f843 304e 0446 a1fb 0603  ....-..C0N.F....
0000cf80: 0d46 4ff4 7a72 0023 0021 00f2 e730 faf7  .FO.zr.#.!...0..
0000cf90: 6df9 0746 dff8 a880 2078 0028 4cd0 0128  m..F.... x.(L..(
0000cfa0: 46d1 6378 012b 0bd1 a078 04f1 0209 fcf7  F.cx.+...x......
0000cfb0: 69f9 4c46 d5b3 3846 01f0 65fd 0134 ebe7  i.LF..8F..e..4..
0000cfc0: 022b 05d1 a078 04f1 0209 fcf7 b5f8 f0e7  .+...x..........
0000cfd0: 032b 05d1 a078 04f1 0209 fcf7 fbf8 e8e7  .+...x..........
0000cfe0: 042b 01d0 0134 e5e7 2246 0020 4ff0 0a0c  .+...4.."F. O...
0000cff0: 12f8 023f 13f8 0810 1446 11f0 0401 0dd1  ...?.....F......
0000d000: 90b1 40f2 e73c c0fb 06c1 4ff4 7a72 0023  ..@..<....O.zr.#
0000d010: 6046 faf7 2bf9 01f0 36fd cbe7 303b 0cfb  `F..+...6...0;..
0000d020: 0030 12f8 013f e5e7 0120 f4e7 0120 c3e7  .0...?... ... ..
0000d030: 2946 fff7 fdfe c1e7 bde8 f883 a086 0100  )F..............
0000d040: 4904 0108 f8b5 1446 4279 1d46 9df8 1870  I......FBy.F...p
0000d050: 284b 92b1 1c70 00f0 bdfc 274b 1880 04f1  (K...p....'K....
0000d060: 2003 dbb2 072b 44d8 0120 04f0 0704 a040   ....+D.. .....@
0000d070: c0b2 bde8 f840 fcf7 0db9 1e78 a642 2ed1  .....@.....x.B..
0000d080: 1d4b 1888 00f0 abfc c728 28d8 ae42 05f1  .K.......((..B..
0000d090: 2004 15d0 06f1 2003 dbb2 072b 06d8 0120   ..... ....+... 
0000d0a0: 06f0 0706 b040 c0b2 fcf7 fdf8 e3b2 072b  .....@.........+
0000d0b0: 06d8 0120 05f0 0703 9840 c0b2 fcf7 eaf8  ... .....@......
0000d0c0: 3846 e4b2 fcf7 def8 072c 12d8 0120 05f0  8F.......,... ..
0000d0d0: 0705 a840 c0b2 bde8 f840 fcf7 e4b8 04f1  ...@.....@......
0000d0e0: 2003 dbb2 072b 04d8 0120 04f0 0704 a040   ....+... .....@
0000d0f0: f0e7 f8bd e322 0020 e422 0020 0346 a3f5  .....". .". .F..
0000d100: f843 183b 07b5 0846 062b 3bd8 dfe8 03f0  .C.;...F.+;.....
0000d110: 171e 0410 252c 3300 2623 0093 e123 47f6  ....%,3.&#...#G.
0000d120: 1a41 1a46 fff7 8eff 0020 03b0 5df8 04fb  .A.F..... ..]...
0000d130: 2723 0093 e523 47f6 1b41 1a46 f2e7 2623  '#...#G..A.F..&#
0000d140: e022 0093 47f6 1841 e123 ebe7 2723 e422  ."..G..A.#..'#."
0000d150: 0093 47f6 1941 e523 e4e7 2623 e222 0093  ..G..A.#..&#."..
0000d160: 47f6 1c41 e123 dde7 2723 e622 0093 47f6  G..A.#..'#."..G.
0000d170: 1d41 e523 d6e7 2823 e522 0093 47f6 1e41  .A.#..(#."..G..A
0000d180: 0123 cfe7 4879 18b1 0022 024b 1a70 cce7  .#..Hy...".K.p..
0000d190: 0120 cae7 e322 0020 47f6 7743 9842 70b5  . ...". G.wC.Bp.
0000d1a0: 06d0 47f6 7843 9842 29d0 0124 2046 70bd  ..G.xC.B)..$ Fp.
0000d1b0: 4c79 94b1 00f0 2cf8 fcf7 1afb 00f0 28f8  Ly....,.......(.
0000d1c0: 0446 00f0 2bf8 0546 00f0 2ef8 2946 0246  .F..+..F....)F.F
0000d1d0: 2046 fcf7 0dfc 0024 e8e7 00f0 19f8 fcf7   F.....$........
0000d1e0: 13fb 00f0 15f8 0546 00f0 18f8 0646 00f0  .......F.....F..
0000d1f0: 1bf8 3146 0246 2846 fcf7 fafb d6e7 4c79  ..1F.F(F......Ly
0000d200: 14b1 00f0 0bf8 d7e7 00f0 08f8 e7e7 0000  ................
0000d210: 014b 1878 7047 00bf 980c 0020 014b 1878  .K.xpG..... .K.x
0000d220: 7047 00bf 990c 0020 014b 1878 7047 00bf  pG..... .K.xpG..
0000d230: 970c 0020 2420 08b5 fdf7 18fc 2428 01d0  ... $ ......$(..
0000d240: 0020 08bd 2520 fdf7 11fc 0828 f8d1 2620  . ..% .....(..& 
0000d250: fdf7 0cfc a0f1 1603 5842 5841 f1e7 10b5  ........XBXA....
0000d260: 041e 14bf 2421 ff21 2420 fdf7 67fc 002c  ....$!.!$ ..g..,
0000d270: 14bf 0821 ff21 2520 fdf7 60fc 002c 18bf  ...!.!% ..`..,..
0000d280: 1621 bde8 1040 08bf ff21 2620 fdf7 56bc  .!...@...!& ..V.
0000d290: 7047 08b5 2720 fdf7 e9fb 08bd 7047 10b5  pG..' ......pG..
0000d2a0: 0446 fff7 fbff e1b2 2720 bde8 1040 fdf7  .F......' ...@..
0000d2b0: 45bc 08b5 0020 fff7 d2ff 0020 fff7 efff  E.... ..... ....
0000d2c0: fff7 52f9 fff7 daf9 bde8 0840 0120 fff7  ..R........@. ..
0000d2d0: c6bf 08b5 fff7 dcff fff7 dbff fff7 deff  ................
0000d2e0: fff7 a8ff 18b9 bde8 0840 fff7 e2bf 08bd  .........@......
0000d2f0: fef7 a6bd 08b5 0346 4879 40b1 a3f5 ee42  .......FHy@....B
0000d300: 7f2a 03d8 d8b2 fff7 c5f9 0020 08bd 0120  .*......... ... 
0000d310: fce7 ff23 0370 7047 0020 7047 10b5 0378  ...#.ppG. pG...x
0000d320: 0446 013b 032b 06d8 dfe8 03f0 0206 0d10  .F.;.+..........
0000d330: fef7 66f8 6070 10bd fef7 22f8 0028 f9d0  ..f.`p...."..(..
0000d340: fef7 14f8 f6e7 fef7 43f8 f3e7 fef7 4cf8  ........C.....L.
0000d350: 6070 fef7 4ff8 a070 ede7 38b5 0378 0446  `p..O..p..8..x.F
0000d360: 013b 032b 28d8 dfe8 03f0 020e 1b20 fef7  .;.+(........ ..
0000d370: 3bf8 0546 fef7 3ef8 0146 6278 2846 bde8  ;..F..>..Fbx(F..
0000d380: 3840 fef7 40ba 4378 1bb9 bde8 3840 fef7  8@..@.Cx....8@..
0000d390: 83bc fef7 4bfd 6078 bde8 3840 fef7 16bd  ....K.`x..8@....
0000d3a0: 4078 bde8 3840 fef7 19b8 8478 4578 fef7  @x..8@.....xEx..
0000d3b0: 27f8 2146 0246 e1e7 38bd 0346 10f8 022b  '.!F.F..8..F...+
0000d3c0: 082a 05d0 092a 05d0 072a 05d1 fff7 c5bf  .*...*...*......
0000d3d0: fff7 a4bf fdf7 b4bf ff22 1a70 7047 08b5  .........".ppG..
0000d3e0: 4378 022b 03d1 bde8 0840 fff7 e6bf fff7  Cx.+.....@......
0000d3f0: 90ff 08bd 2de9 f041 0446 0d46 fff7 8cff  ....-..A.F.F....
0000d400: 0028 40f0 b780 2378 013b 122b 47d8 dfe8  .(@...#x.;.+G...
0000d410: 03f0 0a14 415b 616d 7070 7046 4675 797f  ....A[ampppFFuy.
0000d420: 8a95 989b a600 0023 6370 0c23 a370 2946  .......#cp.#.p)F
0000d430: 2046 bde8 f041 00f0 f5bc 6378 013b 032b   F...A....cx.;.+
0000d440: 2dd8 dfe8 03f0 020c 0f21 00f0 8bfa 030e  -........!......
0000d450: a370 030c e370 030a 2371 6071 e7e7 fff7  .p...p..#q`q....
0000d460: 18ff f4e7 2646 a778 04f1 1c08 042f ded8  ....&F.x...../..
0000d470: f8b2 fdf7 c1f9 030a f370 3071 0236 b045  .........p0q.6.E
0000d480: 07f1 0107 f2d1 d2e7 0023 a370 e370 2371  .........#.p.p#q
0000d490: 6371 cce7 6378 022b 04d0 052b 10d0 ff23  cq..cx.+...+...#
0000d4a0: 2370 c4e7 e378 a078 40ea 0320 2379 40ea  #p...x.x@.. #y@.
0000d4b0: 0340 6379 40ea 0360 00ba fff7 f0fe b6e7  .@cy@..`........
0000d4c0: a078 fff7 15ff b2e7 e278 a178 6078 fff7  .x.......x.x`x..
0000d4d0: 20f8 c0e7 6279 2379 a178 43ea 0223 5bba   ...by#y.xC..#[.
0000d4e0: e278 6078 9bb2 fff7 2af8 a0e7 fff7 3cf8  .x`x....*.....<.
0000d4f0: 9de7 2946 2046 fff7 72ff 98e7 fff7 8ef8  ..)F F..r.......
0000d500: 6070 94e7 fff7 8cf8 030a 6370 a070 8ee7  `p........cp.p..
0000d510: 6078 a378 e178 40ea 0320 40ba 221d 80b2  `x.x.x@.. @."...
0000d520: fff7 81f8 83e7 6078 a378 e178 40ea 0320  ......`x.x.x@.. 
0000d530: 40ba 221d 80b2 fff7 8df8 78e7 fff7 9ef8  @.".......x.....
0000d540: 75e7 fef7 dbff dbe7 6078 a378 e178 40ea  u.......`x.x.x@.
0000d550: 0320 40ba 221d 80b2 fff7 28f8 67e7 6078  . @.".....(.g.`x
0000d560: a378 e178 40ea 0320 40ba 221d 80b2 fff7  .x.x@.. @.".....
0000d570: 34f8 5ce7 bde8 f081 014b 1860 7047 00bf  4.\......K.`pG..
0000d580: e822 0020 024b 1868 08b1 0368 1847 7047  .". .K.h...h.GpG
0000d590: e822 0020 024b 1b68 0bb1 5b68 1847 7047  .". .K.h..[h.GpG
0000d5a0: e822 0020 034a 1268 1ab1 0621 0170 9368  .". .J.h...!.p.h
0000d5b0: 1847 7047 e822 0020 034a 1268 1ab1 0221  .GpG.". .J.h...!
0000d5c0: 0170 d368 1847 7047 e822 0020 0b4b 07b5  .p.h.GpG.". .K..
0000d5d0: 1a88 8242 0ed0 1880 094b 1b68 53b1 0322  ...B.....K.hS.."
0000d5e0: 8df8 0500 000a 8df8 0600 1b69 8df8 0420  ...........i... 
0000d5f0: 01a8 9847 03b0 5df8 04fb 00bf ee22 0020  ...G..]......". 
0000d600: e822 0020 0b4b 07b5 1a88 8242 0fd0 1880  .". .K.....B....
0000d610: 094b 1b68 5bb1 0422 8df8 0500 000a 8df8  .K.h[.."........
0000d620: 0600 1b69 8df8 0420 0deb 0200 9847 03b0  ...i... .....G..
0000d630: 5df8 04fb ec22 0020 e822 0020 0e4b 0f4a  ]....". .". .K.J
0000d640: 1b68 1278 0233 6ab1 0d4a 92f9 0020 002a  .h.x.3j..J... .*
0000d650: 08da 1e22 0b4b 1b68 0233 0020 1a44 9342  ...".K.h.3. .D.B
0000d660: 02d1 7047 0622 f8e7 13f8 011b 0029 f6d0  ..pG.".......)..
0000d670: 0130 c0b2 f3e7 00bf 640c 0020 9a0c 0020  .0......d.. ... 
0000d680: c426 0020 680c 0020 30b3 144b 1b78 b3b1  .&. h.. 0..K.x..
0000d690: 134b 93f9 0030 002b 11da ef28 4fea d002  .K...0.+...(O...
0000d6a0: 17d8 104b 00f0 0700 1b68 1344 9a78 0123  ...K.....h.D.x.#
0000d6b0: 03fa 00f0 0242 14bf 1846 0020 7047 0a4b  .....B...F. pG.K
0000d6c0: 1b68 9a1c 0833 12f8 011b 8142 03d0 9a42  .h...3.....B...B
0000d6d0: f9d1 0020 7047 0120 7047 00bf 9a0c 0020  ... pG. pG..... 
0000d6e0: c426 0020 680c 0020 640c 0020 4ff0 ff32  .&. h.. d.. O..2
0000d6f0: 0023 30b5 841c 14f8 015b 8d42 0ed0 b2f1  .#0......[.B....
0000d700: ff3f 02d1 002d 08bf 1a46 0133 ddb2 062d  .?...-...F.3...-
0000d710: 5bb2 f0d1 531c 01d0 1044 8170 30bd 0022  [...S....D.p0.."
0000d720: 10b5 831c 0830 13f8 014b 8c42 08bf 03f8  .....0...K.B....
0000d730: 012c 8342 f7d1 10bd ef29 4fea d103 08d8  .,.B.....)O.....
0000d740: 1844 0123 01f0 0701 03fa 01f1 8378 1943  .D.#.........x.C
0000d750: 8170 7047 ef29 4fea d103 08d8 1844 0123  .ppG.)O......D.#
0000d760: 01f0 0701 8b40 8178 21ea 0301 8170 7047  .....@.x!....ppG
0000d770: 084b 0146 1b78 43b1 074b 93f9 0030 002b  .K.F.xC..K...0.+
0000d780: 03da 064b 1868 fff7 d7bf 054b 1868 fff7  ...K.h.....K.h..
0000d790: adbf 00bf 9a0c 0020 c426 0020 680c 0020  ....... .&. h.. 
0000d7a0: 640c 0020 084b 0146 1b78 43b1 074b 93f9  d.. .K.F.xC..K..
0000d7b0: 0030 002b 03da 064b 1868 fff7 cbbf 054b  .0.+...K.h.....K
0000d7c0: 1868 fff7 acbf 00bf 9a0c 0020 c426 0020  .h......... .&. 
0000d7d0: 680c 0020 640c 0020 094b 1b78 5bb1 094b  h.. d.. .K.x[..K
0000d7e0: 93f9 0030 002b 06da 1e22 074b 1868 0021  ...0.+...".K.h.!
0000d7f0: 0230 f9f7 49be 054b 0622 1868 f7e7 00bf  .0..I..K.".h....
0000d800: 9a0c 0020 c426 0020 680c 0020 640c 0020  ... .&. h.. d.. 
0000d810: 4278 4b78 9a42 1dd1 90f9 0230 1bb1 91f9  BxKx.B.....0....
0000d820: 0220 9a42 16d1 90f9 0330 1bb1 91f9 0320  . .B.....0..... 
0000d830: 9a42 0fd1 90f9 0530 1bb1 91f9 0520 9a42  .B.....0..... .B
0000d840: 08d1 90f9 0400 30b1 91f9 0430 181a 18bf  ......0....0....
0000d850: 0120 7047 0120 7047 7047 08b5 fff7 fcff  . pG. pGpG......
0000d860: 08bd 0000 0028 14bf 0220 0120 08b5 024b  .....(... . ...K
0000d870: 1870 fff7 f2ff 08bd f022 0020 0320 08b5  .p.......". . ..
0000d880: 024b 1870 fff7 e9ff 08bd 00bf f022 0020  .K.p.........". 
0000d890: fff7 e8bf 0120 08b5 024b 1870 fff7 ddff  ..... ...K.p....
0000d8a0: 08bd 00bf f022 0020 fff7 f4bf 7047 7047  .....". ....pGpG
0000d8b0: 7047 08b5 fff7 fcff 08bd 7047 08b5 fff7  pG........pG....
0000d8c0: fcff 08bd 10b5 fff7 f1ff 0024 fdf7 52f8  ...........$..R.
0000d8d0: fff7 edff e0b2 fcf7 8fff 18b9 0134 052c  .............4.,
0000d8e0: f8d1 10bd 0120 fce7 08b5 01f0 05fa bde8  ..... ..........
0000d8f0: 0840 00f0 1bbf 08b5 fbf7 8afb bde8 0840  .@.............@
0000d900: 40f2 a460 01f0 bfb8 08b5 fcf7 e3fa fcf7  @..`............
0000d910: f7fa fff7 61ff fff7 9df9 0020 fff7 56fe  ....a...... ..V.
0000d920: 0020 fff7 6ffe bde8 0840 fbf7 78bb 0000  . ..o....@..x...
0000d930: 3023 83f3 1188 064b da69 064b 1a60 0023  0#.....K.i.K.`.#
0000d940: 054a 1360 054a 1360 83f3 1188 7047 00bf  .J.`.J.`....pG..
0000d950: 5027 0020 fc22 0020 f422 0020 f822 0020  P'. .". .". .". 
0000d960: fff7 e6bf 3023 70b5 83f3 1188 124b 1348  ....0#p......K.H
0000d970: 1349 dc69 0368 0a68 e41a a242 114a 0ad9  .I.i.h.h...B.J..
0000d980: a3f5 8333 e03b 0360 1068 0f4b 04f5 8334  ...3.;.`.h.K...4
0000d990: 0344 e034 1360 0c60 1668 0021 81f3 1188  .D.4.`.`.h.!....
0000d9a0: 4ff4 7a75 0948 0023 e4fb 0501 084a f9f7  O.zu.H.#.....J..
0000d9b0: 5dfc 3044 70bd 00bf 5027 0020 fc22 0020  ].0Dp...P'. .". 
0000d9c0: f422 0020 f822 0020 8859 8f02 9f86 0100  .". .". .Y......
0000d9d0: a086 0100 08b5 fff7 c5ff 80b2 08bd 10b5  ................
0000d9e0: 0446 fff7 bfff 001b 80b2 10bd 10b5 0446  .F.............F
0000d9f0: fff7 b8ff 001b 10bd 7047 0000 70b5 90f8  ........pG..p...
0000da00: 7420 0446 02f0 7f03 212b 4ed1 12f0 800f  t .F....!+N.....
0000da10: 90f8 7530 1ad0 022b 14d0 032b 05d0 012b  ..u0...+...+...+
0000da20: 14d1 bde8 7040 00f0 c9bc 90f8 7830 90f8  ....p@......x0..
0000da30: 7910 53ea 0123 38d1 324a 8266 0120 2367  y.S..#8.2J.f. #g
0000da40: e066 70bd bde8 7040 00f0 f2bd 0a2b 23d0  .fp...p@.....+#.
0000da50: 0b2b 12d0 092b 28d1 94f8 7830 94f8 7910  .+...+(...x0..y.
0000da60: 43ea 0123 23f0 0203 fbb9 274b a366 0223  C..##.....'K.f.#
0000da70: e366 264b 0120 2367 e3e7 94f8 7830 94f8  .f&K. #g....x0..
0000da80: 7920 53ea 0223 02bf 1e4b 94f8 7620 1a70  y S..#...K..v .p
0000da90: 0023 a366 e366 ede7 94f8 7720 1c4b 2046  .#.f.f....w .K F
0000daa0: 1a70 bde8 7040 00f0 ebbd 02f0 9f02 812a  .p..p@.........*
0000dab0: 18d1 94f8 7530 062b 14d1 94f8 7920 6168  ....u0.+....y ah
0000dac0: 94f8 7830 4d68 43ea 0223 2046 94f8 7720  ..x0MhC..# F..w 
0000dad0: 94f8 7610 a847 70b1 4368 a366 0368 e366  ..v..Gp.Ch.f.h.f
0000dae0: 0023 c7e7 0326 0b4d d5f8 8430 2bb9 013e  .#...&.M...0+..>
0000daf0: 05f1 9005 f8d1 0020 a3e7 2046 9847 0028  ....... .. F.G.(
0000db00: f5d0 9ee7 9a0c 0020 0c23 0020 5ddb 0008  ....... .#. ]...
0000db10: 0823 0020 fc0e 0020 f8b5 0f4c 0022 2346  .#. ... ...L."#F
0000db20: 43f8 042f 90f8 7b70 90f8 7960 90f8 7650  C../..{p..y`..vP
0000db30: 90f8 7a20 90f8 7810 90f8 7700 42ea 0722  ..z ..x...w.B.."
0000db40: 41ea 0621 45ea 0020 00f0 d6f9 2060 6068  A..!E.. .... ``h
0000db50: 0028 18bf 2046 f8bd 0023 0020 90f8 7a20  .(.. F...#. ..z 
0000db60: 90f8 7b00 0849 42ea 0022 022a 0b78 07d1  ..{..IB..".*.x..
0000db70: 012b 01d0 062b 05d1 4a78 044b 1a70 7047  .+...+..Jx.K.ppG
0000db80: 024a 1370 7047 00bf 0c23 0020 0923 0020  .J.ppG...#. .#. 
0000db90: 10b5 064a 064c 1178 2478 4b1c 03f0 0f03  ...J.L.x$xK.....
0000dba0: 9c42 1ebf 034c 1370 6054 10bd 4627 0020  .B...L.p`T..F'. 
0000dbb0: 4727 0020 3627 0020 0846 08b5 0529 35d8  G'. 6'. .F...)5.
0000dbc0: dfe8 01f0 2034 0320 2035 3023 83f3 1188  .... 4.  50#....
0000dbd0: 2148 00f0 74fa 2148 00f0 71fa 2048 00f0  !H..t.!H..q. H..
0000dbe0: 6efa 2048 00f0 7afa 0023 83f3 1188 1e4b  n. H..z..#.....K
0000dbf0: 1b78 13b1 0520 fff7 cbff 0220 bde8 0840  .x... ..... ...@
0000dc00: fff7 c6bf fff7 c4ff 3023 83f3 1188 1248  ........0#.....H
0000dc10: 00f0 2efa 1148 00f0 2bfa 1148 00f0 28fa  .....H..+..H..(.
0000dc20: 1048 00f0 39fa 0023 83f3 1188 08bd 3023  .H..9..#......0#
0000dc30: 83f3 1188 0848 00f0 3cfa 0848 00f0 39fa  .....H..<..H..9.
0000dc40: 0748 00f0 36fa 0748 00f0 36fa 0023 83f3  .H..6..H..6..#..
0000dc50: 1188 0520 d2e7 00bf fc0e 0020 8c0f 0020  ... ....... ... 
0000dc60: 1c10 0020 ac10 0020 0a23 0020 1022 08b5  ... ... .#. ."..
0000dc70: 0021 0448 f9f7 08fc 0023 034a 1370 034a  .!.H.....#.J.p.J
0000dc80: 1370 08bd 3627 0020 4627 0020 4727 0020  .p..6'. F'. G'. 
0000dc90: 70b5 284d 284c 0021 2878 2378 274e 9842  p.(M(L.!(x#x'N.B
0000dca0: 30d1 01b1 2070 70bd 0122 2370 244b 1a70  0... pp.."#p$K.p
0000dcb0: 244b 93f8 7f10 081e 18bf 0120 fff7 defd  $K......... ....
0000dcc0: e9e7 0022 2370 1e4b 1a70 fff7 1dfe 1d4b  ..."#p.K.p.....K
0000dcd0: 93f8 7f10 081e 18bf 0120 fff7 d9fd dae7  ......... ......
0000dce0: 2370 184b 93f8 7f10 081e 18bf 0120 fff7  #p.K......... ..
0000dcf0: b9fd d0e7 0021 2370 0846 f8e7 2370 fff7  .....!#p.F..#p..
0000dd00: c9fd c8e7 1a46 b25c 0133 0121 03f0 0f03  .....F.\.3.!....
0000dd10: 052a c4d8 0ff2 040c 5cf8 22f0 fddc 0008  .*......\.".....
0000dd20: 9fdc 0008 e1dc 0008 f5dc 0008 a9dc 0008  ................
0000dd30: c3dc 0008 4627 0020 4727 0020 3627 0020  ....F'. G'. 6'. 
0000dd40: 0a23 0020 d827 0020 70b5 1d4c 0546 2046  .#. .'. p..L.F F
0000dd50: 00f0 48f9 04f1 9006 2046 00f0 6bf9 3046  ..H..... F..k.0F
0000dd60: 00f0 40f9 3046 4ff4 8056 04f5 9074 00f0  ..@.0FO..V...t..
0000dd70: 61f9 2046 00f0 36f9 2046 124c 00f0 5af9  a. F..6. F.L..Z.
0000dd80: 2046 00f0 43f9 2046 0f4c 00f0 62f9 0622   F..C. F.L..b.."
0000dd90: 4ff4 8051 2046 01f0 9dfe 2846 6661 01f0  O..Q F....(Ffa..
0000dda0: d4f9 41f2 8830 00f0 6efe 2846 0749 01f0  ..A..0..n.(F.I..
0000ddb0: b8f9 3146 2046 bde8 7040 0222 01f0 8abe  ..1F F..p@."....
0000ddc0: fc0e 0020 ac10 0020 0008 0140 c40b 0108  ... ... ...@....
0000ddd0: 014b 1878 7047 00bf 0923 0020 37b5 0023  .K.xpG...#. 7..#
0000dde0: 9025 054c 0093 05fb 0040 42f2 1073 00f0  .%.L.....@B..s..
0000ddf0: f4f9 03b0 30bd 00bf fc0e 0020 0146 0822  ....0...... .F."
0000de00: 0120 fff7 ebbf 0146 2022 0020 fff7 e6bf  . .....F ". ....
0000de10: 0146 0622 0020 fff7 e1bf 0146 0322 0020  .F.". .....F.". 
0000de20: fff7 dcbf 2029 0a46 03d1 0146 0220 fff7  .... ).F...F. ..
0000de30: d5bf 7047 10b5 084c 88b0 0023 2022 6946  ..pG...L...# "iF
0000de40: 2046 00f0 35fa 08b9 08b0 10bd 2021 6846   F..5....... !hF
0000de50: fff7 d0fa f1e7 00bf ac10 0020 7047 7047  ........... pGpG
0000de60: 7047 08b5 fff7 faff 02f0 53f9 fff7 f7ff  pG........S.....
0000de70: 08bd 08b5 02f0 54f9 fff7 f2ff 08bd fff7  ......T.........
0000de80: 13bd 0000 08b5 fff7 f1fe 0648 fff7 5cff  ...........H..\.
0000de90: 054b 064a 41f2 8830 1a60 bde8 0840 00f0  .K.JA..0.`...@..
0000dea0: f2bd 00bf d827 0020 1023 0020 9c0c 0020  .....'. .#. ... 
0000deb0: 014b 1868 fff7 60bb 1023 0020 10b5 0c4c  .K.h..`..#. ...L
0000dec0: fff7 e6fe 2378 052b 02d1 2378 052b 00d0  ....#x.+..#x.+..
0000ded0: 10bd fff7 10fd b4f8 7c30 9b07 f5d5 fff7  ........|0......
0000dee0: f1fc 0028 f1d0 2046 01f0 bef9 ede7 00bf  ...(.. F........
0000def0: d827 0020 00f0 14bb 10b5 040a 032c 0fd0  .'. .........,..
0000df00: 07d8 012c 23d0 022c 07d1 5b20 114a 1a60  ...,#..,..[ .J.`
0000df10: 10bd 212c 0dd0 222c 12d0 0020 0246 f6e7  ..!,..",... .F..
0000df20: c0b2 0228 f9d8 0c4a 0c49 52f8 2020 405c  ...(...J.IR.  @\
0000df30: ede7 0229 f1d8 0a4a 0920 52f8 2120 e6e7  ...)...J. R.! ..
0000df40: 0229 ead8 074a 0848 52f8 2120 efe7 1220  .)...J.HR.! ... 
0000df50: 064a dce7 ff0b 0108 d40b 0108 e00b 0108  .J..............
0000df60: e40b 0108 f00b 0108 fc0b 0108 5a0c 0108  ............Z...
0000df70: 13b5 446b 226f 1378 042b 12d1 0123 94f8  ..Dk"o.x.+...#..
0000df80: 7410 1289 8b40 1342 0bd1 2046 01a9 00f0  t....@.B.. F....
0000df90: 94ff 0246 28b1 019b 94f8 7410 206f 01f0  ...F(.....t. o..
0000dfa0: 50f9 02b0 10bd 10b5 026f 0446 1378 042b  P........o.F.x.+
0000dfb0: 13d1 0123 90f8 7410 5289 8b40 1342 0cd1  ...#..t.R..@.B..
0000dfc0: 00f0 d0fe 0246 40b1 e369 94f8 7410 206f  .....F@..i..t. o
0000dfd0: 043b bde8 1040 01f0 22b9 10bd 406b fff7  .;...@.."...@k..
0000dfe0: e2bf 0000 1fb5 00f1 5c03 c364 064b 0121  ........\..d.K.!
0000dff0: 0193 836f d0f8 8020 0093 0290 c36f 00f0  ...o... .....o..
0000e000: 39ff 05b0 5df8 04fb 71df 0008 1fb5 00f1  9...]...q.......
0000e010: 5c03 0365 064b 0121 0193 836f d0f8 8020  \..e.K.!...o... 
0000e020: 0093 0290 c36f 00f0 7bfe 05b0 5df8 04fb  .....o..{...]...
0000e030: dddf 0008 3023 83f3 1188 036f 90f8 7420  ....0#.....o..t 
0000e040: 03eb 8203 9862 0023 80f8 8830 83f3 1188  .....b.#...0....
0000e050: 7047 3023 83f3 1188 90f8 7430 026f 1133  pG0#......t0.o.3
0000e060: 42f8 2300 0023 80f8 8430 83f3 1188 7047  B.#..#...0....pG
0000e070: 0123 10b5 0446 0372 6ff0 0101 00f0 33fd  .#...F.ro.....3.
0000e080: 2046 00f0 0eff d4f8 8c30 23b1 bde8 1040   F.......0#....@
0000e090: da68 1868 1047 10bd 0123 10b5 0446 0372  .h.h.G...#...F.r
0000e0a0: 6ff0 0101 00f0 1ffd 2046 bde8 1040 00f0  o....... F...@..
0000e0b0: 4ebe 0023 0372 7047 0023 0372 7047 10b5  N..#.rpG.#.rpG..
0000e0c0: 0446 90f8 7410 00f1 3802 006f 01f0 67f8  .F..t...8..o..g.
0000e0d0: 2046 00f0 e6fe 0023 2372 10bd 10b5 0446   F.....##r.....F
0000e0e0: 90f8 7410 00f1 3802 006f 01f0 58f8 2046  ..t...8..o..X. F
0000e0f0: 00f0 2dfe 0023 2046 2372 bde8 1040 fff7  ..-..# F#r...@..
0000e100: 52bf 00eb 8103 f7b5 9c6a 0546 0e46 84b3  R........j.F.F..
0000e110: 3023 83f3 1188 0023 2269 84f8 8830 6369  0#.....#"i...0ci
0000e120: 9a42 01d1 e368 b3b9 05eb 8603 db68 5b69  .B...h.......h[i
0000e130: 1b68 83b1 d4f8 8c30 53b1 01a9 2046 00f0  .h.....0S... F..
0000e140: bcfe d4f8 8c30 0146 9f68 019a 1868 b847  .....0.F.h...h.G
0000e150: 2046 00f0 c0fe 2046 01a9 00f0 aefe 0246   F.... F.......F
0000e160: 48b1 019b 3146 2846 01f0 6bf8 0023 83f3  H...1F(F..k..#..
0000e170: 1188 03b0 f0bd 05eb 8603 db68 1a68 022a  ...........h.h.*
0000e180: f4d1 5a69 1268 002a f0d0 1b8a 013b 1340  ..Zi.h.*.....;.@
0000e190: ecd1 05f1 7402 e5e7 01f1 1102 10b5 50f8  ....t.........P.
0000e1a0: 2240 ccb1 3022 82f3 1188 00eb 8103 db68  "@..0".........h
0000e1b0: 9b69 5b68 53b1 236f 94f8 7420 2046 03eb  .i[hS.#o..t  F..
0000e1c0: 8203 db68 9b69 5968 00f0 d6fd 2046 fff7  ...h.iYh.... F..
0000e1d0: eafe 0023 83f3 1188 10bd 2de9 f84f 1e46  ...#......-..O.F
0000e1e0: 0446 0f46 9246 3023 9df8 2850 83f3 1188  .F.F.F0#..(P....
0000e1f0: 036f 1b78 042b 05d0 0025 85f3 1188 2846  .o.x.+...%....(F
0000e200: bde8 f88f 90f8 8830 23b1 0136 4ff0 ff36  .......0#..6O..6
0000e210: 18bf 0026 0023 83f3 1188 4ff0 3009 4ff0  ...&.#....O.0.O.
0000e220: 0108 3346 5246 3946 2046 00f0 8ffe 8245  ..3FRF9F F.....E
0000e230: 1cd9 89f3 1188 94f8 8830 4ff0 000b 0028  .........0O....(
0000e240: 08bf 43f0 0103 6ff0 0101 84f8 8830 2046  ..C...o......0 F
0000e250: 84f8 0880 00f0 47fc 2046 00f0 22fe 84f8  ......G. F.."...
0000e260: 08b0 00f0 79fb 8bf3 1188 dae7 002d c6d1  ....y........-..
0000e270: 2046 00f0 b0fe 0125 c1e7 3023 83f3 1188   F.....%..0#....
0000e280: 0269 4369 9a42 0fd1 c368 7bb1 0123 026f  .iCi.B...h{..#.o
0000e290: 90f8 7410 1289 8b40 1342 0cbf 0120 0020  ..t....@.B... . 
0000e2a0: 0023 83f3 1188 7047 0020 f9e7 1846 f7e7  .#....pG. ...F..
0000e2b0: 38b5 1446 0546 3022 82f3 1188 026f 1278  8..F.F0".....o.x
0000e2c0: 042a 03d0 0020 80f3 1188 38bd 90f8 8420  .*... ....8.... 
0000e2d0: 22b1 0133 4ff0 ff33 18bf 0023 0022 82f3  "..3O..3...#."..
0000e2e0: 1188 2246 2846 00f0 82fd b0fa 80f3 5b09  .."F(F........[.
0000e2f0: 85f8 8430 231a 5842 5841 e6e7 0068 10b4  ...0#.XBXA...h..
0000e300: 40b1 054c 8264 e469 0830 40f8 044c 10bc  @..L.d.i.0@..L..
0000e310: f9f7 44b8 10bc 7047 5027 0020 0168 1346  ..D...pGP'. .h.F
0000e320: 31b1 8a6c 03f1 0800 9a64 0831 f9f7 36b8  1..l.....d.1..6.
0000e330: 7047 10b5 0446 0068 40b1 826c 0021 0830  pG...F.h@..l.!.0
0000e340: f9f7 a2f8 0022 2368 1a60 5a60 10bd 0000  ....."#h.`Z`....
0000e350: 10b4 0c78 082c 0bd8 50f8 2400 40b1 054c  ...x.,..P.$.@..L
0000e360: 8264 e469 0830 40f8 044c 10bc f9f7 16b8  .d.i.0@..L......
0000e370: 10bc 7047 5027 0020 0829 1346 09d8 50f8  ..pGP'. .).F..P.
0000e380: 2110 31b1 8a6c 03f1 0800 9a64 0831 f9f7  !.1..l.....d.1..
0000e390: 05b8 7047 70b5 0026 051f 00f1 2004 55f8  ..pGp..&.... .U.
0000e3a0: 040f 38b1 826c 0021 0830 f9f7 6df8 2b68  ..8..l.!.0..m.+h
0000e3b0: 1e60 5e60 a542 f2d1 70bd 0000 38b5 90f8  .`^`.B..p...8...
0000e3c0: 7830 0446 022b 1cd8 90f8 7610 0829 18d8  x0.F.+....v..)..
0000e3d0: 0d4a d25c 022a 14d8 9020 0c4b 00fb 0233  .J.\.*... .K...3
0000e3e0: d3f8 8c00 60b1 0a4d 4368 2a46 0068 9847  ....`..MCh*F.h.G
0000e3f0: 05f1 0803 a366 ab6c 0120 e366 0023 2367  .....f.l. .f.##g
0000e400: 38bd 0020 fce7 00bf f80e 0020 fc0e 0020  8.. ....... ... 
0000e410: 4425 0020 0368 43b1 9100 1960 0349 0b78  D%. .hC....`.I.x
0000e420: 002a 18bf 43f0 0103 0b70 7047 9025 0020  .*..C....ppG.%. 
0000e430: 0068 10b1 0068 c0f3 8700 7047 0368 70b5  .h...h....pG.hp.
0000e440: 0bb9 0020 70bd 3023 83f3 1188 0368 0021  ... p.0#.....h.!
0000e450: 1c68 5b68 81f3 1188 002c f2d0 4ff4 7a76  .h[h.....,..O.zv
0000e460: 074a 0848 d569 084a ed1a e5fb 0601 0023  .J.H.i.J.......#
0000e470: f8f7 fcfe 8442 8cbf 0020 0120 e2e7 00bf  .....B... . ....
0000e480: 5027 0020 9f86 0100 a086 0100 4b1e 072b  P'. ........K..+
0000e490: 0bd8 50f8 2130 43b1 9100 1960 0349 0b78  ..P.!0C....`.I.x
0000e4a0: 002a 18bf 43f0 0103 0b70 7047 9025 0020  .*..C....ppG.%. 
0000e4b0: 0829 06d8 50f8 2100 20b1 0068 c0f3 8700  .)..P.!. ..h....
0000e4c0: 7047 0020 7047 0000 0829 70b5 01d9 0020  pG. pG...)p.... 
0000e4d0: 70bd 50f8 2130 002b f9d0 3023 83f3 1188  p.P.!0.+..0#....
0000e4e0: 50f8 2130 0021 1c68 5b68 81f3 1188 002c  P.!0.!.h[h.....,
0000e4f0: edd0 4ff4 7a76 074a 0748 d569 074a ed1a  ..O.zv.J.H.i.J..
0000e500: e5fb 0601 0023 f8f7 b1fe 8442 8cbf 0020  .....#.....B... 
0000e510: 0120 dde7 5027 0020 9f86 0100 a086 0100  . ..P'. ........
0000e520: 404b 2de9 f74f 1b78 002b 47d0 0024 2546  @K-..O.x.+G..$%F
0000e530: dff8 f480 3d4e 08f1 080a d6f8 8cb0 bbf1  ....=N..........
0000e540: 000f 34d0 002c 3cd1 0127 3023 83f3 1188  ..4..,<..'0#....
0000e550: f9b2 dbf8 1430 dbf8 0000 0191 9847 4ff0  .....0.......GO.
0000e560: 0009 0028 18bf 45f0 0105 89f3 1188 2f48  ...(..E......./H
0000e570: fff7 83fe c0b1 dbf8 1830 0199 dbf8 0000  .........0......
0000e580: 9847 88b1 3023 83f3 1188 274a dbf8 0430  .G..0#....'J...0
0000e590: 0199 dbf8 0000 9847 89f3 1188 5146 4846  .......G....QFHF
0000e5a0: d8f8 4820 fff7 1afc 0137 092f cdd1 0134  ..H .....7./...4
0000e5b0: 032c 06f1 9006 c0d1 1a4b 1d70 03b0 bde8  .,.......K.p....
0000e5c0: f08f 3027 87f3 1188 0021 dbf8 1430 dbf8  ..0'.....!...0..
0000e5d0: 0000 9847 4ff0 0009 0028 18bf 45f0 0105  ...GO....(..E...
0000e5e0: 89f3 1188 3046 fff7 48fe 0028 dfd0 4946  ....0F..H..(..IF
0000e5f0: dbf8 1830 dbf8 0000 9847 0028 d7d0 87f3  ...0.....G.(....
0000e600: 1188 094a 4946 dbf8 0430 dbf8 0000 9847  ...JIF...0.....G
0000e610: 89f3 1188 5146 d8f8 4820 e0b2 fff7 defb  ....QF..H ......
0000e620: c5e7 00bf 9025 0020 f824 0020 fc0e 0020  .....%. .$. ... 
0000e630: 10b5 90f8 7830 0446 022b 19d8 90f8 7610  ....x0.F.+....v.
0000e640: 0829 15d8 0b4a d25c 022a 11d8 9020 0a4b  .)...J.\.*... .K
0000e650: 00fb 0233 d3f8 8c00 48b1 4369 0068 9847  ...3....H.Ci.h.G
0000e660: 064b 1870 a366 0120 0023 e066 2367 10bd  .K.p.f. .#.f#g..
0000e670: 0020 fce7 f80e 0020 fc0e 0020 f424 0020  . ..... ... .$. 
0000e680: 10b5 90f8 7830 0446 022b 19d8 90f8 7610  ....x0.F.+....v.
0000e690: 0829 15d8 0b4a d25c 022a 11d8 9020 0a4b  .)...J.\.*... .K
0000e6a0: 00fb 0233 d3f8 8c00 48b1 0369 94f8 7720  ...3....H..i..w 
0000e6b0: 0068 9847 0023 0120 a366 e366 2367 10bd  .h.G.#. .f.f#g..
0000e6c0: 0020 fce7 f80e 0020 fc0e 0020 7047 7047  . ..... ... pGpG
0000e6d0: fee7 0000 70b5 0825 134c 6068 2368 0146  ....p..%.L`h#h.F
0000e6e0: a268 043b 8a42 19d8 d31c 1b1a c11e 23f0  .h.;.B........#.
0000e6f0: 0303 8a42 38bf 0023 1844 e368 c11e da1c  ...B8..#.D.h....
0000e700: 121a 22f0 0302 9942 88bf 0022 0021 f8f7  .."....B...".!..
0000e710: bbfe 013d 04f1 1004 dfd1 70bd 53f8 046f  ...=......p.S..o
0000e720: 41f8 046b dee7 00bf bc0d 0108 38b5 0123  A..k........8..#
0000e730: 0025 074c 2370 6560 00f0 b2fa 0549 0648  .%.L#pe`.....I.H
0000e740: 00f0 18f9 0223 2370 85f3 1188 38bd 00bf  .....##p....8...
0000e750: 4827 0020 400e 0108 5027 0020 72b6 0322  H'. @...P'. r.."
0000e760: 024b d865 024b 1a70 fee7 00bf 5027 0020  .K.e.K.p....P'. 
0000e770: 4827 0020 00f0 3cb8 034a 5168 5368 5b1a  H'. ..<..JQhSh[.
0000e780: 9842 fbd8 7047 00bf 0010 00e0 10b5 0a4c  .B..pG.........L
0000e790: 2369 9a68 9142 0cd8 5a68 8160 0360 4260  #i.h.B..Zh.`.`B`
0000e7a0: 1060 9a68 5860 511a 9960 4ff0 ff33 a361  .`.hX`Q..`O..3.a
0000e7b0: 10bd 1b68 891a ece7 5027 0020 0361 0023  ...h....P'. .a.#
0000e7c0: 10b4 10bc c260 4361 fff7 e0bf 0368 8168  .....`Ca.....h.h
0000e7d0: 9a68 0a44 9a60 4268 1360 5a60 0023 4ff0  .h.D.`Bh.`Z`.#O.
0000e7e0: ff32 0360 014b 9a61 7047 00bf 5027 0020  .2.`.K.apG..P'. 
0000e7f0: 70b5 124d 2a46 eb69 0133 eb61 52f8 103f  p..M*F.i.3.aR..?
0000e800: 9342 06d0 3026 9a68 013a 9a60 2c69 a368  .B..0&.h.:.`,i.h
0000e810: 03b1 70bd 2268 6168 0a60 5160 2360 83f3  ..p."hah.`Q`#`..
0000e820: 1188 2046 e368 2169 9847 86f3 1188 6169  .. F.h!i.G....ai
0000e830: 0029 ebd0 2046 fff7 a9ff e7e7 5027 0020  .).. F......P'. 
0000e840: 0023 8268 0375 0369 1b68 9968 9142 fbd2  .#.h.u.i.h.h.B..
0000e850: 5a68 0360 4260 1060 5860 7047 0023 8268  Zh.`B`.`X`pG.#.h
0000e860: 0375 0369 1b68 9968 9142 fbd8 5a68 0360  .u.i.h.h.B..Zh.`
0000e870: 4260 1060 5860 7047 08b5 0846 3023 83f3  B`.`X`pG...F0#..
0000e880: 1188 0a7d 0023 052a 06d8 dfe8 02f0 0b05  ...}.#.*........
0000e890: 0503 120e 8269 1360 4ff0 ff33 8361 fff7  .....i.`O..3.a..
0000e8a0: cfff 0023 83f3 1188 08bd 8269 9368 0133  ...#.......i.h.3
0000e8b0: 9360 4268 0368 1360 5a60 ede7 fff7 c0bf  .`Bh.h.`Z`......
0000e8c0: 054b d968 0875 1868 0268 5360 1a60 0122  .K.h.u.h.hS`.`."
0000e8d0: 0275 d860 f8f7 b4bc 5027 0020 30b5 0c4b  .u.`....P'. 0..K
0000e8e0: 0446 dd68 4b1c 87b0 0fd0 2b46 6846 094a  .F.hK.....+FhF.J
0000e8f0: fff7 64ff 2046 fff7 e3ff 009b 13b1 6846  ..d. F........hF
0000e900: fff7 64ff a869 07b0 30bd fff7 d9ff f9e7  ..d..i..0.......
0000e910: 5027 0020 79e8 0008 044b 1a68 db68 9068  P'. y....K.h.h.h
0000e920: 9b68 9842 94bf 0020 0120 7047 5027 0020  .h.B... . pGP'. 
0000e930: 084b 10b5 1c68 d868 2268 5360 1a60 0122  .K...h.h"hS`.`."
0000e940: 2275 dc60 fff7 8aff 0146 2046 bde8 1040  "u.`.....F F...@
0000e950: f8f7 76bc 5027 0020 044b 1a68 db68 9268  ..v.P'. .K.h.h.h
0000e960: 9b68 9a42 01d9 fff7 e3bf 7047 5027 0020  .h.B......pGP'. 
0000e970: 30bf fde7 70b5 0025 0446 1a4b 86b0 8562  0...p..%.F.K...b
0000e980: 0163 0e46 5860 00f0 45f9 04f1 1003 2361  .c.FX`..E.....#a
0000e990: 6361 4ff0 ff33 a361 134b e561 d969 2b46  caO..3.a.K.a.i+F
0000e9a0: 0a46 2046 c4e9 0823 04f1 3401 8023 0f4a  .F F...#..4..#.J
0000e9b0: 2460 6460 a560 e562 e565 00f0 1df8 0123  $`d`.`.b.e.....#
0000e9c0: 0b4a e060 0375 0092 7268 6846 0192 b268  .J.`.u..rhhF...h
0000e9d0: cde9 0223 074b cde9 0435 00f0 3ff8 06b0  ...#.K...5..?...
0000e9e0: 70bd 00bf 4827 0020 5027 0020 4c0e 0108  p...H'. P'. L...
0000e9f0: 510e 0108 71e9 0008 0222 8b60 4b62 0023  Q...q....".`Kb.#
0000ea00: 0861 8a82 0846 0b62 cb61 7047 8368 c168  .a...F.b.apG.h.h
0000ea10: a3f1 4c02 43f8 1c2c 0269 43f8 4c2c 4269  ..L.C..,.iC.L,Bi
0000ea20: 0c48 43f8 482c 0c4a 43f8 180c 43f8 2c2c  .HC.H,.JC...C.,,
0000ea30: 0222 03f8 142c 0022 43f8 201c 03f8 132c  ."...,."C. ....,
0000ea40: 43f8 041c 43f8 082c 43f8 0c2c a3f1 2800  C...C..,C..,..(.
0000ea50: 7047 00bf 5027 0020 5172 0008 08b5 fff7  pG..P'. Qr......
0000ea60: d5ff bde8 0840 fff7 29bf 0000 024b db68  .....@..)....K.h
0000ea70: 9861 0f20 fff7 24bf 5027 0020 3023 83f3  .a. ..$.P'. 0#..
0000ea80: 1188 fff7 f3bf 08b5 0146 3023 83f3 1188  .........F0#....
0000ea90: 0820 fff7 23ff 0023 83f3 1188 08bd 0346  . ..#..#.......F
0000eaa0: 0068 20b1 0022 1a60 8161 fff7 07bf 7047  .h ..".`.a....pG
0000eab0: 064b db68 39b1 4268 1860 5a60 1360 4360  .K.h9.Bh.`Z`.`C`
0000eac0: 0420 fff7 0bbf 4ff0 ff30 7047 5027 0020  . ....O..0pGP'. 
0000ead0: 0346 0068 8342 05d0 0268 1a60 5360 8161  .F.h.B...h.`S`.a
0000eae0: fff7 ecbe 7047 38b5 0446 0d46 2068 8442  ....pG8..F.F h.B
0000eaf0: 00d1 38bd 0368 2360 5c60 8561 fff7 defe  ..8..h#`\`.a....
0000eb00: f4e7 0346 10b5 1b68 9842 03d0 9c68 8a68  ...F...h.B...h.h
0000eb10: 9442 f8d2 5a68 0b60 4a60 1160 5960 10bd  .B..Zh.`J`.`Y`..
0000eb20: 0023 0060 4060 8360 7047 0000 38b5 8168  .#.`@`.`pG..8..h
0000eb30: 164b 0446 dd68 91b9 2b6a 8560 c360 2862  .K.F.h..+j.`.`(b
0000eb40: 38bd 8b60 0b7d 7bb1 062b 14d1 0b68 4a68  8..`.}{..+...hJh
0000eb50: 8869 1360 5a60 fff7 d4ff 8b69 9968 ab68  .i.`Z`.....i.h.h
0000eb60: 8a68 9a42 edd3 06e0 4a68 0b68 0846 1360  .h.B....Jh.h.F.`
0000eb70: 5a60 fff7 a3fe 2046 2946 fff7 c2ff ac61  Z`.... F)F.....a
0000eb80: 0620 bde8 3840 fff7 9bbe 00bf 5027 0020  . ..8@......P'. 
0000eb90: 08b5 3023 83f3 1188 fff7 c8ff 0023 83f3  ..0#.........#..
0000eba0: 1188 08bd 154a 0346 d168 10b5 3022 82f3  .....J.F.h..0"..
0000ebb0: 1188 c268 0068 0a62 9842 1bd0 486a 82b9  ...h.h.b.B..Hj..
0000ebc0: 8860 1868 0268 1a60 5360 026a 9860 da60  .`.h.h.`S`.j.`.`
0000ebd0: 0362 fff7 73fe fff7 bffe 0023 83f3 1188  .b..s......#....
0000ebe0: 10bd 1468 a242 03d0 a468 a042 38bf 2046  ...h.B...h.B8. F
0000ebf0: d268 e4e7 0023 8360 efe7 00bf 5027 0020  .h...#.`....P'. 
0000ec00: eff3 0983 2033 83f3 0988 0023 83f3 1188  .... 3.....#....
0000ec10: 7047 0000 3020 80f3 1188 62b6 0c4b 0d4a  pG..0 ....b..K.J
0000ec20: d968 21f4 e061 0904 090c 0a43 da60 d3f8  .h!..a.....C.`..
0000ec30: fc20 0949 42f0 8072 c3f8 fc20 0a68 42f0  . .IB..r... .hB.
0000ec40: 0102 0a60 2022 da77 83f8 2200 7047 00bf  ...` ".w..".pG..
0000ec50: 00ed 00e0 0003 fa05 0010 00e0 3023 10b5  ............0#..
0000ec60: 83f3 1188 0b4b 5b68 13f4 0063 0fd0 eff3  .....K[h...c....
0000ec70: 0984 4ff0 8073 203c e361 84f3 0988 fff7  ..O..s <.a......
0000ec80: 4bfe 10b1 044b a361 10bd 044b fbe7 83f3  K....K.a...K....
0000ec90: 1188 f9e7 00ed 00e0 6372 0008 6672 0008  ........cr..fr..
0000eca0: 024b 034a 1a60 034a 5a60 7047 b027 0020  .K.J.`.JZ`pG.'. 
0000ecb0: 8828 0020 0050 0020 094b 30b5 1c68 4d1e  .(. .P. .K0..hM.
0000ecc0: 2244 4942 2a44 0a40 5968 1044 8842 04d8  "DIB*D.@Yh.D.B..
0000ecd0: a042 02d3 1860 1046 30bd 0022 fbe7 00bf  .B...`.F0.."....
0000ece0: b027 0020 08b5 3023 83f3 1188 fff7 e4ff  .'. ..0#........
0000ecf0: 0023 83f3 1188 08bd 08b5 00f0 7bfd 0648  .#..........{..H
0000ed00: 00f0 b2fe 00f0 c4f9 00f0 fcf9 fff7 b1f8  ................
0000ed10: bde8 0840 00f0 02b8 dc0e 0108 00f0 0cbf  ...@............
0000ed20: 0172 0021 30b5 039c 0433 04fb 0325 c361  .r.!0....3...%.a
0000ed30: 049b 0060 0363 059b 4060 c160 4261 0261  ...`.c..@`.`Ba.a
0000ed40: 8561 0462 4262 8162 c162 4363 30bd 0022  .a.bBb.b.bCc0.."
0000ed50: 416a c260 4161 0161 8262 6ff0 0101 c262  Aj.`Aa.a.bo....b
0000ed60: fff7 c1be 0369 4269 9342 01d1 c268 0ab9  .....iBi.B...h..
0000ed70: 181d 7047 0020 7047 0369 1960 c268 0021  ..pG. pG.i.`.h.!
0000ed80: 0132 c260 c269 1344 8269 0361 9342 24bf  .2.`.i.D.i.a.B$.
0000ed90: 436a 0361 fff7 9cbe 38b5 0446 0d46 e368  Cj.a....8..F.F.h
0000eda0: 3bb1 6269 0020 131d 1268 a362 1344 e362  ;.bi. ...h.b.D.b
0000edb0: 07e0 237a 33b9 2946 2046 fff7 79fe 0028  ..#z3.)F F..y..(
0000edc0: edda 38bd 6ff0 0100 fbe7 c368 c269 013b  ..8.o......h.i.;
0000edd0: c360 4369 1344 8269 4361 9342 24bf 436a  .`Ci.D.iCa.B$.Cj
0000ede0: 4361 0023 8362 036b 03b1 1847 7047 2de9  Ca.#.b.k...GpG-.
0000edf0: f84f 0446 0e46 9046 9946 4ff0 300a 8af3  .O.F.F.F.FO.0...
0000ee00: 1188 0025 ab46 a76a 4fb9 4946 2046 fff7  ...%.F.jO.IF F..
0000ee10: c3ff 20b1 87f3 1188 2846 bde8 f88f e76a  .. .....(F.....j
0000ee20: a16a 7a1a a8eb 0507 9742 28bf 1746 402f  .jz......B(..F@/
0000ee30: 16d9 3046 4022 f8f7 b1fa a36a 4036 4033  ..0F@".....j@6@3
0000ee40: a362 4035 a26a e36a 9a42 02d3 2046 fff7  .b@5.j.j.B.. F..
0000ee50: bcff 8bf3 1188 4545 ded2 8af3 1188 d2e7  ......EE........
0000ee60: 3046 3a46 f8f7 9afa a36a 3e44 3b44 a362  0F:F.....j>D;D.b
0000ee70: 3d44 e7e7 10b5 029c 0433 0172 c361 03fb  =D.......3.r.a..
0000ee80: 0421 0023 8362 c362 039b 0060 0363 049b  .!.#.b.b...`.c..
0000ee90: 4060 c460 4261 0261 8161 0462 4262 4363  @`.`Ba.a.a.bBbCc
0000eea0: 10bd 026a 6ff0 0101 c260 426a 4261 0261  ...jo....`BjBa.a
0000eeb0: 0022 8262 c262 fff7 16be 0346 4069 1a69  .".b.b.....F@i.i
0000eec0: 8242 01d1 db68 1bb9 50f8 043b 0b60 7047  .B...h..P..;.`pG
0000eed0: 0023 1846 fae7 c368 c269 0133 c360 4369  .#.F...h.i.3.`Ci
0000eee0: 0021 1344 8269 4361 9342 24bf 436a 4361  .!.D.iCa.B$.CjCa
0000eef0: fff7 eebd 38b5 0446 0d46 e368 3bb1 2369  ....8..F.F.h;.#i
0000ef00: 0020 1a1d a262 e269 1344 e362 07e0 237a  . ...b.i.D.b..#z
0000ef10: 33b9 2946 2046 fff7 cbfd 0028 edda 38bd  3.)F F.....(..8.
0000ef20: 6ff0 0100 fbe7 0369 1960 c268 013a c260  o......i.`.h.:.`
0000ef30: c269 1344 8269 0361 9342 24bf 436a 0361  .i.D.i.a.B$.Cj.a
0000ef40: 0023 8362 036b 03b1 1847 7047 2de9 f84f  .#.b.k...GpG-..O
0000ef50: 0446 0e46 9046 9946 4ff0 300a 8af3 1188  .F.F.F.FO.0.....
0000ef60: 0025 ab46 a76a 4fb9 4946 2046 fff7 c2ff  .%.F.jO.IF F....
0000ef70: 20b1 87f3 1188 2846 bde8 f88f e76a a06a   .....(F.....j.j
0000ef80: 3a1a a8eb 0507 9742 28bf 1746 402f 18d9  :......B(..F@/..
0000ef90: 3146 4022 f8f7 02fa a36a 4036 4033 a362  1F@".....j@6@3.b
0000efa0: 4035 a26a e36a 9a42 04d3 e169 2046 0439  @5.j.j.B...i F.9
0000efb0: fff7 b9ff 8bf3 1188 4545 dcd2 8af3 1188  ........EE......
0000efc0: d0e7 3146 3a46 f8f7 e9f9 a36a 3e44 3b44  ..1F:F.....j>D;D
0000efd0: a362 3d44 e5e7 3022 08b5 82f3 1188 816a  .b=D..0".......j
0000efe0: 29b1 0369 0439 c91a 01d0 fff7 9cff 0023  )..i.9.........#
0000eff0: 83f3 1188 08bd 0000 73b5 0446 40f2 e735  ........s..F@..5
0000f000: 0b4e 2368 2046 9b69 01a9 9847 0128 0dd1  .N#h F.i...G.(..
0000f010: ac46 0021 0198 4ff4 7a72 e0fb 06c1 0023  .F.!..O.zr.....#
0000f020: 6046 f8f7 23f9 fff7 2efd eae7 02b0 70bd  `F..#.........p.
0000f030: a086 0100 0368 10b5 5b68 0c46 9847 c368  .....h..[h.F.G.h
0000f040: 13b1 53f8 3400 10bd 0069 6043 fbe7 0368  ..S.4....i`C...h
0000f050: 10b5 5b68 0c46 9847 c368 1bb1 03eb c403  ..[h.F.G.h......
0000f060: 5868 10bd 0069 fce7 0368 10b5 5b68 0c46  Xh...i...h..[h.F
0000f070: 9847 4069 2044 10bd 08b5 0c30 fff7 92fd  .G@i D.....0....
0000f080: 0020 08bd 08b5 0c30 fff7 82fd 0020 08bd  . .....0..... ..
0000f090: 00f0 0ebc 044b 0c30 40f8 0c3c 0123 00f8  .....K.0@..<.#..
0000f0a0: 083c fff7 3dbd 00bf 580e 0108 10b5 3023  .<..=...X.....0#
0000f0b0: 0446 83f3 1188 8160 00f0 06fc 0223 0020  .F.....`.....#. 
0000f0c0: 2371 80f3 1188 10bd 10b5 3023 0446 83f3  #q........0#.F..
0000f0d0: 1188 00f0 0dfc 0123 2371 0023 83f3 1188  .......##q.#....
0000f0e0: 10bd 10b5 0446 90f8 7630 80f8 7e30 00f0  .....F..v0..~0..
0000f0f0: 85fe 6368 1b68 13b1 0121 2046 9847 0323  ..ch.h...! F.G.#
0000f100: 2370 10bd 00f0 58be 0123 10b5 3822 0446  #p....X..#..8".F
0000f110: 0021 00f8 2c3b f8f7 b7f9 0023 6360 a360  .!..,;.....#c`.`
0000f120: 10bd 10b5 3023 0446 83f3 1188 2022 4160  ....0#.F.... "A`
0000f130: 0021 0c30 f8f7 a8f9 2046 00f0 ddfe 0223  .!.0.... F.....#
0000f140: 0020 2370 80f3 1188 10bd 70b5 3023 0446  . #p......p.0#.F
0000f150: 83f3 1188 00f0 36fe 2546 0026 0123 6660  ......6.%F.&.#f`
0000f160: 05f8 0c3b 2c34 55f8 043b 7bb1 5869 20b1  ...;,4U..;{.Xi .
0000f170: 6ff0 0101 0c30 fff7 92fc 55f8 043c 9869  o....0....U..<.i
0000f180: 20b1 6ff0 0101 0c30 fff7 89fc a542 45f8   .o....0.....BE.
0000f190: 046c e8d1 fff7 e0fb 86f3 1188 70bd 70b5  .l..........p.p.
0000f1a0: 00eb 8103 0546 5069 0e46 1446 da60 18b1  .....FPi.F.F.`..
0000f1b0: 1422 0021 f8f7 68f9 a069 18b1 1422 0021  .".!..h..i...".!
0000f1c0: f8f7 62f9 3146 2846 bde8 7040 00f0 20be  ..b.1F(F..p@.. .
0000f1d0: f8b5 0446 0027 8368 00f1 1005 03f0 0113  ...F.'.h........
0000f1e0: 8360 00f1 2c06 55f8 043b 7bb1 5869 20b1  .`..,.U..;{.Xi .
0000f1f0: 6ff0 0101 0c30 fff7 52fc 55f8 043c 9869  o....0..R.U..<.i
0000f200: 20b1 6ff0 0101 0c30 fff7 49fc b542 45f8   .o....0..I..BE.
0000f210: 047c e8d1 2046 bde8 f840 00f0 9dbe f0b4  .|.. F...@......
0000f220: 0125 00eb 8104 e468 4789 a469 8d40 3d43  .%.....hG..i.@=C
0000f230: 4581 2360 0023 a260 6360 e360 f0bc 00f0  E.#`.#.`c`.`....
0000f240: d3be f0b4 0125 00eb 8104 e468 0789 6469  .....%.....h..di
0000f250: 8d40 3d43 0581 2360 0023 a260 6360 e360  .@=C..#`.#.`c`.`
0000f260: f0bc 00f0 e3be 0000 10b5 0378 052b 0bd1  ...........x.+..
0000f270: 064c c820 236c 43f0 1003 2364 fff7 03fc  .L. #lC...#d....
0000f280: 236c 23f0 1003 2364 10bd 00bf 005c 0040  #l#...#d.....\.@
0000f290: 2de9 f041 0223 0026 0446 4ff0 3008 0370  -..A.#.&.FO.0..p
0000f2a0: c667 8660 00f1 0c05 00f1 2c07 55f8 043b  .g.`......,.U..;
0000f2b0: abb1 88f3 1188 55f8 043c 5869 20b1 6ff0  ......U..<Xi .o.
0000f2c0: 0101 0c30 fff7 ebfb 55f8 043c 9869 20b1  ...0....U..<.i .
0000f2d0: 6ff0 0101 0c30 fff7 e2fb 86f3 1188 bd42  o....0.........B
0000f2e0: 45f8 046c e2d1 2046 84f8 6460 00f0 e8fd  E..l.. F..d`....
0000f2f0: 6368 1b68 23b1 2046 bde8 f041 0021 1847  ch.h#. F...A.!.G
0000f300: bde8 f081 f8b5 0378 0446 052b 29d0 80f8  .......x.F.+)...
0000f310: 8030 0523 0370 4368 1b68 0bb1 0421 9847  .0.#.pCh.h...!.G
0000f320: 0026 3027 a660 04f1 0c05 2c34 55f8 043b  .&0'.`....,4U..;
0000f330: abb1 87f3 1188 55f8 043c 5869 20b1 6ff0  ......U..<Xi .o.
0000f340: 0101 0c30 fff7 abfb 55f8 043c 9869 20b1  ...0....U..<.i .
0000f350: 6ff0 0101 0c30 fff7 a2fb 86f3 1188 a542  o....0.........B
0000f360: e4d1 f8bd 0178 0529 06d1 90f8 8020 4368  .....x.)..... Ch
0000f370: 0270 1b68 03b1 1847 7047 0000 70b5 90f8  .p.h...GpG..p...
0000f380: 6430 0446 13b1 0023 80f8 6430 2046 04f1  d0.F...#..d0 F..
0000f390: 7402 00f0 0ffe 6368 9b68 b3b9 94f8 7430  t.....ch.h....t0
0000f3a0: 13f0 6005 39d0 0021 2046 00f0 73fe 0021  ..`.9..! F..s..!
0000f3b0: 2046 00f0 5dfe 6368 1b68 13b1 0621 2046   F..].ch.h...! F
0000f3c0: 9847 0623 84f8 6430 70bd 2046 9847 0028  .G.#..d0p. F.G.(
0000f3d0: e4d0 94f8 7b20 94f8 7a30 43ea 0223 e26e  ....{ ..z0C..#.n
0000f3e0: 9a42 88bf e366 94f9 7430 e56e 002b 4ff0  .B...f..t0.n.+O.
0000f3f0: 3003 80f2 f580 002d 00f0 e480 0922 84f8  0......-....."..
0000f400: 6420 83f3 1188 0021 2046 e36e a26e fff7  d .....! F.n.n..
0000f410: 18ff 0023 83f3 1188 d6e7 94f8 7520 03f0  ...#........u ..
0000f420: 7f03 43ea 0223 40f2 0232 9342 00f0 b780  ..C..#@..2.B....
0000f430: 21d8 b3f5 807f 4dd0 0dd8 012b 44d0 022b  !.....M....+D..+
0000f440: 00f0 8580 002b aed1 04f1 7c02 a266 0222  .....+....|..f."
0000f450: e266 2367 bde7 b3f5 817f 00f0 8d80 b3f5  .f#g............
0000f460: 407f a0d1 94f8 7630 012b 9cd1 b4f8 7c30  @.....v0.+....|0
0000f470: 43f0 0203 37e0 b3f5 006f 3ed0 1cd8 b3f5  C...7....o>.....
0000f480: a06f 36d0 a3f5 c063 012b 8cd8 94f8 7920  .o6....c.+....y 
0000f490: 6168 94f8 7830 4e68 43ea 0223 2046 94f8  ah..x0NhC..# F..
0000f4a0: 7620 94f8 7710 b047 0028 3ff4 7caf 4368  v ..w..G.(?.|.Ch
0000f4b0: a366 0368 e366 1ae0 b3f5 106f 22d0 40f6  .f.h.f.....o".@.
0000f4c0: 0242 9342 7ff4 6faf 524b a366 0223 e366  .B.B..o.RK.f.#.f
0000f4d0: 0023 bee7 94f8 7630 012b 7ff4 64af b4f8  .#....v0.+..d...
0000f4e0: 7c30 23f0 0203 a4f8 7c30 a566 e566 2567  |0#.....|0.f.f%g
0000f4f0: 6fe7 494b a566 e566 abe7 04f1 7f03 a366  o.IK.f.f.......f
0000f500: 0123 d7e7 2378 042b 10d1 3023 83f3 1188  .#..#x.+..0#....
0000f510: 2046 fff7 5dfe 85f3 1188 0321 6368 84f8   F..]......!ch..
0000f520: 7f50 2170 1b68 0bb1 2046 9847 94f8 7630  .P!p.h.. F.G..v0
0000f530: 4bb1 84f8 7f30 0423 2370 6368 1b68 13b1  K....0.##pch.h..
0000f540: 0221 2046 9847 0023 a366 e366 81e7 94f8  .! F.G.#.f.f....
0000f550: 7830 2046 1d06 03f0 0f01 0ad5 00f0 1cfd  x0 F............
0000f560: 0128 04d0 0228 7ff4 1eaf 2c4b ade7 2c4b  .(...(....,K..,K
0000f570: abe7 00f0 03fd f3e7 94f8 7630 002b 7ff4  ..........v0.+..
0000f580: 12af 94f8 7830 13f0 0f01 dcd0 1a06 2046  ....x0........ F
0000f590: 02d5 00f0 a7fd d6e7 00f0 8efd d3e7 94f8  ................
0000f5a0: 7630 002b 7ff4 ffae 94f8 7830 13f0 0f01  v0.+......x0....
0000f5b0: c9d0 1b06 2046 02d5 00f0 6cfd c3e7 00f0  .... F....l.....
0000f5c0: 57fd c0e7 1422 84f8 6420 83f3 1188 2b46  W...."..d ....+F
0000f5d0: 2a46 2946 2046 fff7 22fe 85f3 1188 f3e6  *F)F F..".......
0000f5e0: 5db1 1522 84f8 6420 83f3 1188 0021 2046  ].."..d .....! F
0000f5f0: e36e a26e fff7 13fe 0be7 0b22 84f8 6420  .n.n......."..d 
0000f600: 83f3 1188 2b46 2a46 2946 2046 fff7 19fe  ....+F*F)F F....
0000f610: e3e7 00bf 840e 0108 e3f0 0008 800e 0108  ................
0000f620: 820e 0108 38b5 90f8 6430 0446 002b 42d0  ....8...d0.F.+B.
0000f630: 063b dab2 0f2a 38d8 0f2b 36d8 dfe8 03f0  .;...*8..+6.....
0000f640: 3b35 3508 2636 3535 3535 3535 3535 3b3b  ;55.&655555555;;
0000f650: 90f8 7a30 90f8 7b20 c56e 43ea 0223 9d42  ..z0..{ .nC..#.B
0000f660: 14d2 c368 1b8a b5fb f3f2 03fb 1255 6db9  ...h.........Um.
0000f670: 3023 83f3 1188 2b46 2a46 2946 fff7 e1fd  0#....+F*F)F....
0000f680: 85f3 1188 0a23 84f8 6430 0ee0 1423 84f8  .....#..d0...#..
0000f690: 6430 3023 83f3 1188 0023 2046 1a46 1946  d00#.....# F.F.F
0000f6a0: fff7 bdfd 0023 83f3 1188 38bd 036f 03b1  .....#....8..o..
0000f6b0: 9847 0023 e7e7 0021 2046 00f0 ebfc 0021  .G.#...! F.....!
0000f6c0: 2046 00f0 d5fc 6368 1b68 13b1 0621 2046   F....ch.h...! F
0000f6d0: 9847 0623 d7e7 10b5 90f8 6430 0446 142b  .G.#......d0.F.+
0000f6e0: 29d0 17d8 062b 05d0 01d8 1bb1 10bd 093b  )....+.........;
0000f6f0: 022b fbd8 0021 2046 00f0 ccfc 0021 2046  .+...! F.....! F
0000f700: 00f0 b6fc 6368 1b68 13b1 0621 2046 9847  ....ch.h...! F.G
0000f710: 0623 19e0 152b e9d1 0b23 80f8 6430 3023  .#...+...#..d00#
0000f720: 83f3 1188 0023 1a46 1946 fff7 8afd 0023  .....#.F.F.....#
0000f730: 83f3 1188 dae7 c368 9b69 5b68 002b d5d1  .......h.i[h.+..
0000f740: 036f 03b1 9847 0023 84f8 6430 cee7 0122  .o...G.#..d0..."
0000f750: 0901 00f1 6043 03f5 6143 c9b2 83f8 0013  ....`C..aC......
0000f760: 00f0 1f03 9a40 4309 9b00 03f1 6043 03f5  .....@C.....`C..
0000f770: 6143 c3f8 8021 1a60 7047 0122 00f0 1f03  aC...!.`pG."....
0000f780: 9a40 4309 9b00 03f1 6043 03f5 6143 c3f8  .@C.....`C..aC..
0000f790: 8020 c3f8 8021 0023 00f1 6040 00f5 6140  . ...!.#..`@..a@
0000f7a0: 80f8 0033 7047 0901 00f1 6040 c9b2 00f5  ...3pG....`@....
0000f7b0: 6d40 0176 7047 0621 08b5 0846 fff7 c7ff  m@.vpG.!...F....
0000f7c0: 0621 0720 fff7 c3ff 0621 0820 fff7 bfff  .!. .....!. ....
0000f7d0: 0621 0920 fff7 bbff 0621 0a20 fff7 b7ff  .!. .....!. ....
0000f7e0: 0621 1720 fff7 b3ff bde8 0840 0621 2820  .!. .......@.!( 
0000f7f0: fff7 adbf 4ff0 ff31 0e4b 1a69 1961 1a69  ....O..1.K.i.a.i
0000f800: 0022 1a61 1869 d868 d960 d968 da60 da68  .".a.i.h.`.h.`.h
0000f810: da69 42f0 8052 da61 da69 da69 42f0 0062  .iB..R.a.i.iB..b
0000f820: da61 054a db69 1368 43f4 8073 1360 fff7  .a.J.i.hC..s.`..
0000f830: c2bf 00bf 0010 0240 0070 0040 194b 1a68  .......@.p.@.K.h
0000f840: 42f0 0102 1a60 1a68 9007 fcd5 1a68 02f0  B....`.h.....h..
0000f850: f902 1a60 0022 5a60 5a68 12f0 0c0f fbd1  ...`."Z`Zh......
0000f860: 1a68 42f4 8032 1a60 1a68 9103 fcd5 5a68  .hB..2.`.h....Zh
0000f870: 42f4 f812 5a60 1a68 42f0 8072 1a60 1a68  B...Z`.hB..r.`.h
0000f880: 9201 fcd5 1221 084a 5a60 084a 1160 5a68  .....!.JZ`.J.`Zh
0000f890: 42f0 0202 5a60 5a68 02f0 0c02 082a fad1  B...Z`Zh.....*..
0000f8a0: 7047 00bf 0010 0240 0064 1f00 0020 0240  pG.....@.d... .@
0000f8b0: 10b5 034c 2046 fff7 edfb 024b e361 10bd  ...L F.....K.a..
0000f8c0: b827 0020 0020 0240 c369 064a 5968 0a43  .'. . .@.i.JYh.C
0000f8d0: 5a60 5968 044a 0a43 5a60 0022 034b 1a61  Z`Yh.J.CZ`.".K.a
0000f8e0: 7047 00bf 2301 6745 ab89 efcd 0020 0240  pG..#.gE..... .@
0000f8f0: c269 1369 43f0 8003 1361 7047 0048 7047  .i.iC....apG.HpG
0000f900: 880e 0108 38b5 0446 1846 2379 052b 0cd0  ....8..F.F#y.+..
0000f910: 0323 1f25 2371 e369 01f1 0061 dd60 f7f7  .#.%#q.i...a.`..
0000f920: 3dfd 0223 0020 2371 38bd 0120 fce7 f7b5  =..#. #q8.. ....
0000f930: 0546 0079 0528 44d0 0420 2871 1f20 4ff6  .F.y.(D.. (q. O.
0000f940: ff7c ec69 e060 2069 40f0 0100 2061 0ab9  .|.i.` i@... a..
0000f950: 1046 2ee0 1e46 21f0 0100 adf8 04c0 00f1  .F...F!.........
0000f960: 0060 16f8 017b 01f0 0103 0df1 080e 7344  .`...{........sD
0000f970: 0131 03f8 047c cf07 3346 02f1 ff32 01d5  .1...|..3F...2..
0000f980: 002a eed1 bdf8 0470 0780 e668 f607 fcd4  .*.....p...h....
0000f990: e668 06f0 1f0e 16f0 100f c4f8 0ce0 07d1  .h..............
0000f9a0: 7607 03d4 0088 80b2 8742 d0d0 0320 00e0  v........B... ..
0000f9b0: 0620 2369 23f0 0103 2361 0223 2b71 03b0  . #i#...#a.#+q..
0000f9c0: f0bd 0120 fbe7 0720 7047 10b5 0379 0446  ... ... pG...y.F
0000f9d0: 052b 14d0 0523 1f22 0371 c369 da60 1a69  .+...#.".q.i.`.i
0000f9e0: 42f0 0202 1a61 fff7 25fb e369 00f1 0060  B....a..%..i...`
0000f9f0: 5861 0020 1a69 42f0 4002 1a61 10bd 0120  Xa. .iB.@..a... 
0000fa00: fce7 10b5 0379 0246 052b 10d1 c469 e068  .....y.F.+...i.h
0000fa10: 10f0 0100 06d1 2369 23f0 3603 2361 0223  ......#i#.6.#a.#
0000fa20: 1371 10bd 0120 0029 fbd0 0860 f9e7 0020  .q... .)...`... 
0000fa30: f7e7 10b5 0379 0446 052b 12d0 fff7 fafa  .....y.F.+......
0000fa40: 00f1 0063 1a1f 03f5 7f73 52f8 041f 0131  ...c.....sR....1
0000fa50: 05d1 9a42 f9d1 0020 0223 2371 10bd 0520  ...B... .##q... 
0000fa60: fae7 0120 fae7 0000 184b 9a69 42f0 7d02  ... .....K.iB.}.
0000fa70: 9a61 9b69 0268 164b da60 8268 5a60 4268  .a.i.h.K.`.hZ`Bh
0000fa80: 1a60 c268 03f5 8063 da60 4269 5a60 0269  .`.h...c.`BiZ`.i
0000fa90: 1a60 8269 c3f8 0c24 026a c3f8 0424 c269  .`.i...$.j...$.i
0000faa0: c3f8 0024 426a c3f8 0c28 c26a c3f8 0428  ...$Bj...(.j...(
0000fab0: 826a c3f8 0028 026b c3f8 0c2c 826b c3f8  .j...(.k...,.k..
0000fac0: 042c 426b c3f8 002c 7047 00bf 0010 0240  .,Bk...,pG.....@
0000fad0: 0008 0140 032a f0b5 28d1 0161 154b 9f5c  ...@.*..(..a.K.\
0000fae0: 0023 0822 1d46 1c46 1e46 11f0 800f 4fea  .#.".F.F.F....O.
0000faf0: 0414 4fea 0313 4fea 0616 4fea 0515 0cbf  ..O...O...O.....
0000fb00: 44f0 0f04 3b43 11f4 004f 0cbf 46f0 0f06  D...;C...O..F...
0000fb10: 3d43 013a 4fea 4101 e7d1 4268 3240 2a43  =C.:O.A...Bh2@*C
0000fb20: 4260 0268 2240 1343 0360 f0bd 042a 08bf  B`.h"@.C.`...*..
0000fb30: 4161 d3e7 a40e 0108 4ff0 e023 40f2 cf22  Aa......O..#@.."
0000fb40: 5a61 0022 9a61 0722 0821 0b20 1a61 fff7  Za.".a.".!. .a..
0000fb50: 2abe 08b5 3023 83f3 1188 fef7 0bfe 0023  *...0#.........#
0000fb60: 83f3 1188 08bd 08b5 fff7 f3ff bde8 0840  ...............@
0000fb70: fff7 74b8 0f4b 10b5 1b6d 0401 03f1 8043  ..t..K...m.....C
0000fb80: 03f5 c043 03eb 0010 e358 1144 03f1 0053  ...C.....X.D...S
0000fb90: 03f5 4053 5b00 4260 002a a1eb 0204 00dc  ..@S[.B`.*......
0000fba0: 10bd 2078 6478 023a 40ea 0420 43f8 040b  .. xdx.:@.. C...
0000fbb0: f2e7 00bf 005c 0040 2de9 f84f 7b4c 676c  .....\.@-..O{Lgl
0000fbc0: fb43 6364 7b05 02d5 7948 fff7 61fb 3e05  .Ccd{...yH..a.>.
0000fbd0: 06d5 236c 7648 43f0 0803 2364 fff7 92fb  ..#lvHC...#d....
0000fbe0: fd04 0ad5 714b 9a6c 1404 06d4 1a6c 7048  ....qK.l.....lpH
0000fbf0: 22f0 0802 1a64 fff7 b5fb b805 04d5 6c48  "....d........lH
0000fc00: 4368 db68 03b1 9847 694e 6a4d 3b04 03d4  Ch.h...GiNjM;...
0000fc10: bde8 f84f fff7 22b8 07f0 0f00 8400 04f1  ...O..".........
0000fc20: 8044 00f1 0208 04f5 b844 06eb 8803 f906  .D.......D......
0000fc30: 2268 d3f8 04c0 42d4 2268 dcf8 1430 2a40  "h....B."h...0*@
0000fc40: 42f4 0042 2260 1969 5a68 1f68 0a44 bf1a  B..B"`.iZh.h.D..
0000fc50: 5a60 17d0 bcf8 1020 ba42 28bf 3a46 9f68  Z`..... .B(.:F.h
0000fc60: 1a61 3944 9960 fff7 85ff 2368 23f4 f043  .a9D.`....#h#..C
0000fc70: 23f0 4003 83f0 3003 43f4 0043 43f0 8003  #.@...0.C..CC...
0000fc80: 2360 29e0 0123 03fa 00f2 3389 23ea 0203  #`)..#....3.#...
0000fc90: 3381 dcf8 0830 13b1 0146 3046 9847 3023  3....0...F0F.G0#
0000fca0: 83f3 1188 0021 06eb 8808 d8f8 0430 5869  .....!.......0Xi
0000fcb0: 0c30 fef7 f4fe 0023 83f3 1188 0ce0 2368  .0.....#......#h
0000fcc0: 1205 03ea 0503 43f0 8003 2360 c1b2 06d5  ......C...#`....
0000fcd0: 3046 dcf8 0430 9847 344b 5f6c 96e7 dcf8  0F...0.G4K_l....
0000fce0: 1820 324b d2f8 08e0 1b6d f146 03f1 8043  . 2K.....m.F...C
0000fcf0: 03f5 c043 03eb 0017 bb68 d7f8 0c80 03f1  ...C.....h......
0000fd00: 0053 c8f3 0907 c8f3 4808 03f5 4053 4fea  .S......H...@SO.
0000fd10: 880a 0aeb 430a 5b00 5345 09f1 0209 33d1  ....C.[.SE....3.
0000fd20: 6ff0 0109 09fb 0879 b9f1 000f 02d0 1b68  o......y.......h
0000fd30: 0ef8 1830 9368 3b44 9360 5368 3b44 5360  ...0.h;D.`Sh;DS`
0000fd40: 1368 db1b 1360 138a 013b 9bb2 1382 bcf8  .h...`...;......
0000fd50: 1220 ba42 00d8 03bb 0123 03fa 00f2 7389  . .B.....#....s.
0000fd60: 841c 23ea 0203 7381 06eb 8403 5b68 db68  ..#...s.....[h.h
0000fd70: 0bb1 3046 9847 3023 83f3 1188 06eb 8404  ..0F.G0#........
0000fd80: 6368 9869 4168 93e7 53f8 04bb 09f8 02bc  ch.iAh..S.......
0000fd90: 4fea 1b2b 09f8 01bc bee7 2368 23f4 9043  O..+......#h#..C
0000fda0: 23f0 7003 83f4 4053 66e7 00bf 005c 0040  #.p...@Sf....\.@
0000fdb0: d827 0020 0f07 ffff 0148 fff7 a5b9 00bf  .'. .....H......
0000fdc0: d827 0020 08b5 0378 012b 12d0 094b 9842  .'. ...x.+...K.B
0000fdd0: 0fd1 1320 fff7 d1fc 1420 fff7 cefc 0322  ... ..... ....."
0000fde0: 054b 1a64 03f5 da33 da69 22f4 0002 da61  .K.d...3.i"....a
0000fdf0: db69 08bd d827 0020 005c 0040 90f8 7e30  .i...'. .\.@..~0
0000fe00: 024a 43f0 8003 d364 7047 00bf 005c 0040  .JC....dpG...\.@
0000fe10: 00eb 8103 f0b5 de68 3368 03f0 0303 032b  .......h3h.....+
0000fe20: 47d0 002b 0cbf 4ff4 0074 0024 224b 4fea  G..+..O..t.$"KO.
0000fe30: 011c 1a6d 7369 02f1 8042 02f5 c042 02eb  ...msi...B...B..
0000fe40: 0115 73b1 0023 6b60 338a d0f8 8470 0133  ..s..#k`3....p.3
0000fe50: 23f0 0103 3b44 c0f8 8430 44f0 2004 4cf8  #...;D...0D. .L.
0000fe60: 0270 b369 dbb1 728a 44f4 0054 531e 3e2a  .p.i..r.D..TS.>*
0000fe70: 93bf 43f0 0103 114e 5b09 0133 8bbf 46ea  ..C....N[..3..F.
0000fe80: 8323 5b02 9bb2 03f4 7c43 eb60 0132 d0f8  .#[.....|C.`.2..
0000fe90: 8430 22f0 0102 1a44 c0f8 8420 ab60 8b00  .0"....D... .`..
0000fea0: 03f1 8043 03f5 b843 1a68 0c43 1a60 1c60  ...C...C.h.C.`.`
0000feb0: f0bd 4ff4 c064 b9e7 005c 0040 0080 ffff  ..O..d...\.@....
0000fec0: 10b4 0021 8024 0a4a 1165 5164 d464 4468  ...!.$.J.eQd.dDh
0000fed0: e468 8c42 0cbf 4ff4 3c44 4ff4 3e44 1464  .h.B..O.<DO.>D.d
0000fee0: 4022 c0f8 8420 034a 10bc c260 fff7 90bf  @"... .J...`....
0000fef0: 005c 0040 b80e 0108 38b5 0178 0446 0129  .\.@....8..x.F.)
0000ff00: 22d1 124b 9842 1ad1 114b 124d da69 1320  "..K.B...K.M.i. 
0000ff10: 42f4 0002 da61 da69 1a69 42f4 0002 1a61  B....a.i.iB....a
0000ff20: 1a69 22f4 0002 1a61 1b69 2964 0d21 fff7  .i"....a.i)d.!..
0000ff30: 0efc 0e21 1420 fff7 0afc 0023 2b64 2046  ...!. .....#+d F
0000ff40: bde8 3840 fff7 bcbf 38bd 00bf d827 0020  ..8@....8....'. 
0000ff50: 0010 0240 005c 0040 4023 0122 0021 c0f8  ...@.\.@@#.".!..
0000ff60: 8430 9300 03f1 8043 03f5 b843 1868 0132  .0.....C...C.h.2
0000ff70: 082a 1860 1960 f4d1 7047 0000 054b 53f8  .*.`.`..pG...KS.
0000ff80: 2100 10f4 4050 04d0 b0f5 805f 14bf 0220  !...@P....._... 
0000ff90: 0120 7047 005c 0040 054b 53f8 2100 10f0  . pG.\.@.KS.!...
0000ffa0: 3000 03d0 1028 14bf 0220 0120 7047 00bf  0....(... . pG..
0000ffb0: 005c 0040 0b4b 02f1 0800 1b6d 03f1 8043  .\.@.K.....m...C
0000ffc0: 03f5 c043 03eb 0113 9b68 03f1 0053 03f5  ...C.....h...S..
0000ffd0: 4053 5b00 1968 0433 22f8 021b 9042 f9d1  @S[..h.3"....B..
0000ffe0: 7047 00bf 005c 0040 00eb 8100 c368 10b5  pG...\.@.....h..
0000fff0: 9869 0268 b2b1 5c8a 1319 013b b3fb f4f3  .i.h..\....;....
00010000: 9bb2 094a 0382 52f8 2130 23f4 9043 23f0  ...J..R.!0#..C#.
00010010: 7003 83f4 4053 43f4 0043 43f0 8003 42f8  p...@SC..CC...B.
00010020: 2130 10bd 0123 ece7 005c 0040 00eb 8100  !0...#...\.@....
00010030: 10b5 0c46 c168 4b69 0a8a 1868 9968 8242  ...F.hKi...h.h.B
00010040: 28bf 0246 2046 1a61 fff7 94fd 074a 52f8  (..F F.a.....JR.
00010050: 2430 23f4 f043 23f0 4003 83f0 3003 43f4  $0#..C#.@...0.C.
00010060: 0043 43f0 8003 42f8 2430 10bd 005c 0040  .CC...B.$0...\.@
00010070: 074a 52f8 2130 23f4 9043 23f0 7003 83f4  .JR.!0#..C#.p...
00010080: 8053 43f4 0043 43f0 8003 42f8 2130 7047  .SC..CC...B.!0pG
00010090: 005c 0040 074a 52f8 2130 23f4 f043 23f0  .\.@.JR.!0#..C#.
000100a0: 4003 83f0 1003 43f4 0043 43f0 8003 42f8  @.....C..CC...B.
000100b0: 2130 7047 005c 0040 8900 01f1 8041 01f5  !0pG.\.@.....A..
000100c0: b841 0b68 03f4 4053 b3f5 405f 09d0 0b68  .A.h..@S..@_...h
000100d0: 23f4 f043 23f0 4003 43f4 2043 43f0 8003  #..C#.@.C. CC...
000100e0: 0b60 7047 8900 01f1 8041 01f5 b841 0b68  .`pG.....A...A.h
000100f0: 03f0 3003 302b 0bd0 0b68 23f4 f043 23f0  ..0.0+...h#..C#.
00010100: 4003 83f0 2003 43f4 0043 43f0 8003 0b60  @... .C..CC....`
00010110: 7047 08b5 fdf7 70fc bde8 0840 fff7 8ebb  pG....p....@....
00010120: 024a 5368 43f0 0073 5360 7047 0000 0140  .JShC..sS`pG...@
00010130: 1623 0360 4ff0 ff30 7047 0020 7047 1846  .#.`O..0pG. pG.F
00010140: 7047 0020 7047 10b5 0022 0446 0846 0121  pG. pG...".F.F.!
00010150: fef7 c8fd 18b9 0c23 4ff0 ff30 2360 10bd  .......#O..0#`..
00010160: 08b5 1346 0021 5822 1846 f7f7 8df9 4ff4  ...F.!X".F....O.
00010170: 0052 4260 0020 08bd 0120 7047 08b5 0248  .RB`. ... pG...H
00010180: fef7 ecfa f7f7 8cf8 180f 0108 08b5 0248  ...............H
00010190: fef7 e4fa f7f7 84f8 1d0f 0108 0120 7047  ............. pG
000101a0: 7047 2de9 f04f 0746 8c46 0846 1546 3c46  pG-..O.F.F.F.F<F
000101b0: 1946 099e 002b 40f0 c680 8242 b2fa 82f7  .F...+@....B....
000101c0: 46d9 4fb1 c7f1 200e 24fa 0efe 00fa 07f3  F.O... .$.......
000101d0: bd40 4eea 030c bc40 4fea 1548 bcfb f8f9  .@N....@O..H....
000101e0: 1ffa 85fe 08fb 19c3 09fb 0efa 220c 42ea  ............".B.
000101f0: 0343 9a45 28d9 eb18 09f1 ff30 04d2 9a45  .C.E(......0...E
00010200: 02d9 a9f1 0200 2b44 a3eb 0a03 b3fb f8f2  ......+D........
00010210: 08fb 1233 02fb 0efe a4b2 44ea 0344 a645  ...3......D..D.E
00010220: 14d9 2c19 02f1 ff33 03d2 a645 01d9 931e  ..,....3...E....
00010230: 2c44 a4eb 0e04 43ea 0040 1eb1 0023 fc40  ,D....C..@...#.@
00010240: 3460 7360 bde8 f08f 4846 dde7 1346 f0e7  4`s`....HF...F..
00010250: 02b9 ffde 87bb 0121 831a 4fea 154e b3fb  .......!..O..N..
00010260: fefc aab2 0efb 1c33 0cfb 02f8 200c 40ea  .......3.... .@.
00010270: 0343 9845 63d9 eb18 0cf1 ff30 04d2 9845  .C.Ec......0...E
00010280: 02d9 acf1 0200 2b44 a3eb 0803 b3fb fefc  ......+D........
00010290: 0efb 1c33 0cfb 02f2 a4b2 44ea 0344 a242  ...3......D..D.B
000102a0: 4fd9 2c19 0cf1 ff33 04d2 a242 02d9 acf1  O.,....3...B....
000102b0: 0203 2c44 a41a bee7 c7f1 200c bd40 20fa  ..,D...... ..@ .
000102c0: 0cf8 00fa 07f3 24fa 0cfc 4fea 154e 4cea  ......$...O..NL.
000102d0: 0302 b8fb fefc abb2 0efb 1c80 0cfb 03f9  ................
000102e0: 110c 41ea 0040 8145 04fa 07f4 23d9 2818  ..A..@.E....#.(.
000102f0: 0cf1 ff31 04d2 8145 02d9 acf1 0201 2844  ...1...E......(D
00010300: a0eb 0900 b0fb fefc 0efb 1c00 0cfb 03f8  ................
00010310: 92b2 42ea 0043 9845 0fd9 eb18 0cf1 ff32  ..B..C.E.......2
00010320: 04d2 9845 02d9 acf1 0202 2b44 a3eb 0803  ...E......+D....
00010330: 42ea 0141 91e7 6146 e2e7 6246 f6e7 6046  B..A..aF..bF..`F
00010340: a2e7 6346 b6e7 8342 05d9 0eb1 c6e9 0070  ..cF...B.......p
00010350: 0021 0846 76e7 b3fa 83f1 81b9 8342 01d3  .!.Fv........B..
00010360: ba42 0ad8 bc1a 60eb 0303 0120 9c46 002e  .B....`.... .F..
00010370: 68d0 c6e9 004c 0021 64e7 0846 f7e7 c1f1  h....L.!d..F....
00010380: 200c 8b40 22fa 0cf4 1c43 20fa 0cfb 4fea   ..@"....C ...O.
00010390: 1449 bbfb f9f8 1ffa 84fe 09fb 18bb 08fb  .I..............
000103a0: 0efa 02fa 01f5 00fa 01f3 27fa 0cf2 1343  ..........'....C
000103b0: 1a0c 42ea 0b42 9245 07fa 01f7 3ed9 a218  ..B..B.E....>...
000103c0: 08f1 ff30 04d2 9245 02d9 a8f1 0200 2244  ...0...E......"D
000103d0: a2eb 0a02 b2fb f9f8 09fb 1822 08fb 0efe  ..........."....
000103e0: 9bb2 43ea 0242 9645 2ad9 a218 08f1 ff33  ..C..B.E*......3
000103f0: 04d2 9645 02d9 a8f1 0203 2244 43ea 0040  ...E......"DC..@
00010400: a0fb 0593 a2eb 0e02 9a42 ce46 9846 02d3  .........B.F.F..
00010410: 06d1 4f45 04d2 b9eb 050e 63eb 0408 0138  ..OE......c....8
00010420: 86b1 b7eb 0e03 62eb 0807 07fa 0cfc cb40  ......b........@
00010430: 4cea 0303 cf40 c6e9 0037 9ce7 4046 c7e7  L....@...7..@F..
00010440: 4346 dbe7 3146 fde6 0020 2020 2020 2020  CF..1F...       
00010450: 2020 2828 2828 2820 2020 2020 2020 2020    (((((         
00010460: 2020 2020 2020 2020 2088 1010 1010 1010           .......
00010470: 1010 1010 1010 1010 1004 0404 0404 0404  ................
00010480: 0404 0410 1010 1010 1010 4141 4141 4141  ..........AAAAAA
00010490: 0101 0101 0101 0101 0101 0101 0101 0101  ................
000104a0: 0101 0101 1010 1010 1010 4242 4242 4242  ..........BBBBBB
000104b0: 0202 0202 0202 0202 0202 0202 0202 0202  ................
000104c0: 0202 0202 1010 1010 2000 0000 0000 0000  ........ .......
000104d0: 0000 0000 0000 0000 0000 0000 0000 0000  ................
000104e0: 0000 0000 0000 0000 0000 0000 0000 0000  ................
000104f0: 0000 0000 0000 0000 0000 0000 0000 0000  ................
00010500: 0000 0000 0000 0000 0000 0000 0000 0000  ................
00010510: 0000 0000 0000 0000 0000 0000 0000 0000  ................
00010520: 0000 0000 0000 0000 0000 0000 0000 0000  ................
00010530: 0000 0000 0000 0000 0000 0000 0000 0000  ................
00010540: 0000 0000 0000 0000 0000 0000 040c 0020  ............... 
00010550: 0000 0000 0000 0000 0000 0000 0000 0000  ................
00010560: 0000 0000 0000 0000 0000 0000 0000 0000  ................
00010570: 0000 0000 0000 0000 0000 0000 0000 0000  ................
00010580: 0000 0000 0000 0000 0000 0000 0000 0000  ................
00010590: 0000 0000 0000 0000 0000 0000 0000 0000  ................
000105a0: 0000 0000 0000 0000 0000 0000 0000 0000  ................
000105b0: 2900 1e00 1f00 2000 2100 2200 2300 2400  )..... .!.".#.$.
000105c0: 2500 2600 2700 2d00 2e00 2a00 4c00 2b00  %.&.'.-...*.L.+.
000105d0: 1400 1a00 0800 1500 1700 1c00 1800 0c00  ................
000105e0: 1200 1300 2f00 3000 3100 4b00 3900 0400  ..../.0.1.K.9...
000105f0: 1600 0700 0900 0a00 0b00 0d00 0e00 0f00  ................
00010600: 3300 3400 2800 4c00 4e00 e100 e100 1d00  3.4.(.L.N.......
00010610: 1b00 0600 1900 0500 1100 1000 3600 3700  ............6.7.
00010620: 3800 e500 5200 4d00 e000 e300 e200 0000  8...R.M.........
00010630: 0000 2c00 2c00 0000 0000 e600 e400 2152  ..,.,.........!R
00010640: 5000 5100 4f00 3500 3a00 3b00 3c00 3d00  P.Q.O.5.:.;.<.=.
00010650: 3e00 3f00 4000 4100 4200 4300 4400 4500  >.?.@.A.B.C.D.E.
00010660: 6800 0100 0000 2278 2178 2478 2378 0100  h....."x!x$x#x..
00010670: 0100 0100 0100 0100 0100 0100 0100 0100  ................
00010680: 0100 0100 2678 2578 2878 2778 0100 0100  ....&x%x(x'x....
00010690: 0100 0100 0100 0100 0100 0100 0100 0100  ................
000106a0: 0100 0100 0100 0100 0100 0100 0100 0100  ................
000106b0: 0100 0100 0100 0100 2078 0100 0100 0100  ........ x......
000106c0: 0100 0100 0000 0000 0100 0100 0000 0000  ................
000106d0: 0100 0100 0100 2178 0100 2278 0100 0100  ......!x.."x....
000106e0: 0100 0100 0100 0100 0100 0100 0100 0100  ................
000106f0: 0100 0100 0100 0100 0100 0100 0100 0100  ................
00010700: 0100 0100 0100 0100 0100 0100 0100 0100  ................
00010710: 0100 0100 0100 0100 0100 0100 0100 0100  ................
00010720: 0100 0100 0100 0100 0100 0100 0100 0100  ................
00010730: 0100 0100 0100 0100 0100 0100 0100 0100  ................
00010740: 0100 0100 0100 0100 0100 0100 0100 2078  .............. x
00010750: 0100 0100 0100 0100 0100 0000 0000 0100  ................
00010760: 0100 0000 0000 0100 0100 0100 2178 0100  ............!x..
00010770: 2278 0100 0100 0100 0100 0100 0100 0100  "x..............
00010780: 0100 0100 0100 0100 0100 0100 0100 0100  ................
00010790: 0100 0100 0100 0100 0100 0100 0100 0100  ................
000107a0: 0100 0100 0100 0100 0100 0100 0100 0100  ................
000107b0: 0100 0100 0100 0100 0100 0100 0100 0100  ................
000107c0: 0100 0100 0100 0100 0100 0100 0100 0100  ................
000107d0: 0100 0100 0100 0100 0100 0100 0100 0100  ................
000107e0: 0100 0100 0100 0100 0100 0100 0100 0100  ................
000107f0: 0000 0000 0100 0100 0000 0000 0100 0100  ................
00010800: 0100 0100 0100 0100 e200 e900 ea00 b500  ................
00010810: b600 b700 cd00 8301 cc00 8a01 9201 9401  ................
00010820: 2102 2302 2402 2502 2602 2702 2a02 b300  !.#.$.%.&.'.*...
00010830: b400 6f00 7000 9f01 cb01 9f02 a002 e200  ..o.p...........
00010840: e900 ea00 b500 b600 b700 cd00 8301 cc00  ................
00010850: 8a01 9201 9401 2102 2302 2402 2502 2602  ......!.#.$.%.&.
00010860: 2702 2a02 b300 b400 6f00 7000 9f01 cb01  '.*.....o.p.....
00010870: 9f02 a002 0e0c 0140 0d0c 0140 0c0c 0140  .......@...@...@
00010880: 0b0c 0140 0a0c 0140 020c 0140 010c 0140  ...@...@...@...@
00010890: 000c 0140 0708 0140 0608 0140 0508 0140  ...@...@...@...@
000108a0: 0408 0140 0d10 0140 090c 0140 080c 0140  ...@...@...@...@
000108b0: 030c 0140 040c 0140 0a08 0140 0308 0140  ...@...@...@...@
000108c0: 0208 0140 1e14 0a05 ffaa 7f55 407f 3f1f  ...@.......U@.?.
000108d0: 783c 1e64 3214 0004 6432 141e 0f05 0001  x<.d2...d2......
000108e0: 0202 0202 0606 0609 0909 0909 090f 0f0f  ................
000108f0: 0f0f 0f15 1515 1819 1919 1919 1919 1919  ................
00010900: 1923 2425 2525 2525 2522 2325 2628 292a  .#$%%%%%%"#%&()*
00010910: 2c2d 2f30 3233 3536 383a 3b3d 3e40 4243  ,-/023568:;=>@BC
00010920: 4547 494a 4c4e 5051 5355 5759 5a5c 5e60  EGIJLNPQSUWYZ\^`
00010930: 6264 6668 696b 6d6f 7173 7577 797b 7d7f  bdfhikmoqsuwy{}.
00010940: 8183 8587 898a 8c8e 9092 9496 989a 9c9e  ................
00010950: 9fa1 a3a5 a7a8 aaac aeaf b1b3 b4b6 b8b9  ................
00010960: bbbc bebf c1c2 c3c5 c6c7 c9ca cbcc cdce  ................
00010970: d0d1 d2d2 d3d4 d5d6 d7d7 d8d9 d9da dadb  ................
00010980: dbdb dcdc dcdc dcdd dddd dddc dcdc dcdc  ................
00010990: dbdb dbda dad9 d9d8 d7d7 d6d5 d4d3 d2d2  ................
000109a0: d1d0 cecd cccb cac9 c7c6 c5c3 c2c1 bfbe  ................
000109b0: bcbb b9b8 b6b4 b3b1 afae acaa a8a7 a5a3  ................
000109c0: a19f 9e9c 9a98 9694 9290 8e8c 8a89 8785  ................
000109d0: 8381 7f7d 7b79 7775 7371 6f6d 6b69 6866  ...}{ywusqomkihf
000109e0: 6462 605e 5c5a 5957 5553 5150 4e4c 4a49  db`^\ZYWUSQPNLJI
000109f0: 4745 4342 403e 3d3b 3a38 3635 3332 302f  GECB@>=;:865320/
00010a00: 2d2c 2a29 2826 2523 2200 0000 b1c1 0008  -,*)(&%#".......
00010a10: c1c1 0008 0001 0101 0101 0101 0101 0202  ................
00010a20: 0202 0202 0202 0203 0303 0303 0303 0304  ................
00010a30: 0404 0404 0404 0505 0505 0506 0606 0606  ................
00010a40: 0707 0707 0708 0808 0809 0909 090a 0a0a  ................
00010a50: 0b0b 0b0c 0c0c 0d0d 0d0e 0e0e 0f0f 0f10  ................
00010a60: 1011 1111 1212 1313 1414 1515 1616 1717  ................
00010a70: 1818 1919 1a1a 1b1b 1c1d 1d1e 1e1f 2020  ..............  
00010a80: 2122 2223 2424 2526 2627 2829 292a 2b2c  !""#$$%&&'())*+,
00010a90: 2d2d 2e2f 3031 3232 3334 3536 3738 393a  --./01223456789:
00010aa0: 3b3c 3d3e 3f40 4142 4344 4546 4748 494a  ;<=>?@ABCDEFGHIJ
00010ab0: 4c4d 4e4f 5051 5354 5556 5859 5a5b 5d5e  LMNOPQSTUVXYZ[]^
00010ac0: 5f61 6264 6566 6869 6b6c 6d6f 7072 7375  _abdefhiklmoprsu
00010ad0: 7778 7a7b 7d7e 8082 8385 8788 8a8c 8e8f  wxz{}~..........
00010ae0: 9193 9596 989a 9c9e a0a2 a3a5 a7a9 abad  ................
00010af0: afb1 b3b5 b7ba bcbe c0c2 c4c6 c9cb cdcf  ................
00010b00: d1d4 d6d8 dbdd dfe2 e4e7 e9eb eef0 f3f5  ................
00010b10: f8fa fdff 0000 0000 0000 0000 0000 0000  ................
00010b20: 0000 0000 0000 0000 0000 0000 0000 0000  ................
00010b30: 0000 0000 0000 0000 0000 0000 2a2b 2800  ............*+(.
00010b40: 0000 0000 0000 0000 0000 0000 0000 0029  ...............)
00010b50: 0000 0000 2c1e 3420 2122 2434 2627 252e  ....,.4 !"$4&'%.
00010b60: 362d 3738 271e 1f20 2122 2324 2526 3333  6-78'.. !"#$%&33
00010b70: 362e 3738 1f04 0506 0708 090a 0b0c 0d0e  6.78............
00010b80: 0f10 1112 1314 1516 1718 191a 1b1c 1d2f  .............../
00010b90: 3130 232d 3504 0506 0708 090a 0b0c 0d0e  10#-5...........
00010ba0: 0f10 1112 1314 1516 1718 191a 1b1c 1d2f  .............../
00010bb0: 3130 354c 0000 0000 7e0f 00d4 ffff ffc7  105L....~.......
00010bc0: 0000 0078 b9db 0008 19db 0008 fdd9 0008  ...x............
00010bd0: 0000 0000 b00c 0108 b40c 0108 cc0c 0108  ................
00010be0: 0416 1400 110c 0108 2a0c 0108 4a0c 0108  ........*...J...
00010bf0: 6c0c 0108 e20c 0108 040d 0108 4422 b609  l...........D"..
00010c00: 025b 0003 0100 a0fa 0904 0000 0103 0101  .[..............
00010c10: 0009 2111 0100 0122 4400 0705 8103 0800  ..!...."D.......
00010c20: 0109 0401 0002 0300 0000 0921 1101 0001  ...........!....
00010c30: 2222 0007 0582 0320 0001 0705 0303 2000  ""..... ...... .
00010c40: 0109 0402 0001 0300 0000 0921 1101 0001  ...........!....
00010c50: 22b6 0007 0584 0320 0001 1201 0002 0000  "...... ........
00010c60: 0040 08cd 16fe 0001 0102 0001 0501 0906  .@..............
00010c70: a101 0507 19e0 29e7 1500 2501 9508 7501  ......)...%...u.
00010c80: 8102 9501 7508 8101 0507 1900 29ff 1500  ....u.......)...
00010c90: 26ff 0095 0675 0881 0005 0819 0129 0515  &....u.......)..
00010ca0: 0025 0195 0575 0191 0295 0175 0391 01c0  .%...u.....u....
00010cb0: 0403 0904 1603 4800 4d00 4300 2000 7300  ......H.M.C. .s.
00010cc0: 7400 7500 6400 6900 6f00 0000 1403 4b00  t.u.d.i.o.....K.
00010cd0: 7200 7500 7300 6800 5f00 3600 3500 7300  r.u.s.h._.6.5.s.
00010ce0: 0000 0660 ff09 61a1 0109 6215 0026 ff00  ...`..a...b..&..
00010cf0: 9520 7508 8102 0963 1500 26ff 0095 2075  . u....c..&... u
00010d00: 0891 02c0 0501 0902 a101 8502 0901 a100  ................
00010d10: 0509 1901 2908 1500 2501 9508 7501 8102  ....)...%...u...
00010d20: 0501 0930 0931 1581 257f 9502 7508 8106  ...0.1..%...u...
00010d30: 0938 1581 257f 9501 7508 8106 050c 0a38  .8..%...u......8
00010d40: 0215 8125 7f95 0175 0881 06c0 c005 0109  ...%...u........
00010d50: 80a1 0185 0319 012a b700 1501 26b7 0095  .......*....&...
00010d60: 0175 1081 00c0 050c 0901 a101 8504 1901  .u..............
00010d70: 2aa0 0215 0126 a002 9501 7510 8100 c005  *....&....u.....
00010d80: 0109 06a1 0185 0605 0719 e029 e715 0025  ...........)...%
00010d90: 0195 0875 0181 0205 0719 0029 ef15 0025  ...u.......)...%
00010da0: 0195 f075 0181 0205 0819 0129 0595 0575  ...u.......)...u
00010db0: 0191 0295 0175 0391 01c0 0000 2815 0108  .....u......(...
00010dc0: 8828 0020 8828 0020 8828 0020 2815 0108  .(. .(. .(. (...
00010dd0: 0000 0000 0000 0000 0000 0000 2815 0108  ............(...
00010de0: 0000 0000 0000 0000 0000 0000 2815 0108  ............(...
00010df0: 0000 0000 0000 0000 0000 0000 2815 0108  ............(...
00010e00: 0000 0000 0000 0000 0000 0000 2815 0108  ............(...
00010e10: 0000 0000 0000 0000 0000 0000 2815 0108  ............(...
00010e20: 0000 0000 0000 0000 0000 0000 2815 0108  ............(...
00010e30: 0000 0000 0000 0000 0000 0000 6330 0000  ............c0..
00010e40: 3c0e 0108 9825 0020 a826 0020 6d61 696e  <....%. .&. main
00010e50: 0069 646c 6500 0000 0000 0000 fdf8 0008  .idle...........
00010e60: 05f9 0008 2ff9 0008 c7f9 0008 cbf9 0008  ..../...........
00010e70: 03fa 0008 33fa 0008 85f0 0008 79f0 0008  ....3.......y...
00010e80: 0000 0100 0000 0000 0300 0000 0200 0000  ................
00010e90: 8000 0000 0000 0000 0004 0000 0000 0008  ................
00010ea0: 0000 0200 0402 0408 0800 0307 0808 0808  ................
00010eb0: 0808 0808 0b0f 0000 0000 0000 7df3 0008  ............}...
00010ec0: 25f6 0008 d7f6 0008 4000 4000 a826 0020  %.......@.@..&. 
00010ed0: a826 0020 0100 0000 bc26 0020 ffff ffff  .&. .....&. ....
00010ee0: 8888 8888 8888 8888 ffff ffff 8888 8888  ................
00010ef0: 8888 8888 ffff ffff 8888 8888 8888 8888  ................
00010f00: ffff ffff 4488 8888 8888 8888 ffff ffff  ....D...........
00010f10: 8888 8888 8888 8888 6578 6974 006b 696c  ........exit.kil
00010f20: 6c00 0000 5245 454e 5420 6d61 6c6c 6f63  l...REENT malloc
00010f30: 2073 7563 6365 6564 6564 0000 2e2e 2f2e   succeeded..../.
00010f40: 2e2f 2e2e 2f2e 2e2f 2e2e 2f2e 2e2f 2e2e  ./../../../../..
00010f50: 2f2e 2e2f 6e65 776c 6962 2f6c 6962 632f  /../newlib/libc/
00010f60: 7374 646c 6962 2f72 616e 642e 6300 0000  stdlib/rand.c...
00010f70: 2c20 6675 6e63 7469 6f6e 3a20 0000 0000  , function: ....
00010f80: 6173 7365 7274 696f 6e20 2225 7322 2066  assertion "%s" f
00010f90: 6169 6c65 643a 2066 696c 6520 2225 7322  ailed: file "%s"
00010fa0: 2c20 6c69 6e65 2025 6425 7325 730a 0000  , line %d%s%s...
00010fb0: 232d 302b 2000 0000 686c 4c00 6566 6745  #-0+ ...hlL.efgE
00010fc0: 4647 0000 3031 3233 3435 3637 3839 4142  FG..0123456789AB
00010fd0: 4344 4546 0000 0000 3031 3233 3435 3637  CDEF....01234567
00010fe0: 3839 6162 6364 6566 0000 0000 b6f1 ff7f  89abcdef........
00010ff0: 0100 0000 040c 0020 0000 0000 9005 0108  ....... ........
00011000: 7005 0108 5005 0108 0000 0000 0000 0000  p...P...........
00011010: 0000 0000 0000 0000 0000 0000 0000 0000  ................
00011020: 0000 0000 0000 0000 0000 0000 0000 0000  ................
00011030: 0000 0000 0000 0000 0000 0000 0000 0000  ................
00011040: 0000 0000 0000 0000 0000 0000 0000 0000  ................
00011050: 0000 0000 0000 0000 b011 0020 b811 0020  ........... ... 
00011060: d5a7 0008 ffff ffff ffff 0000 ffff 0000  ................
00011070: 0201 0100 1a00 1a1a 0119 1a1b 1c1d 1e1f  ................
00011080: 2021 2201 140a 1e01 5008 2803 0102 0100   !".....P.(.....
00011090: d1dd 0008 fddd 0008 07de 0008 11de 0008  ................
000110a0: 1bde 0008 0000 0000 0000 0000 0200 0000  ................
000110b0: 0000 0000 0000 0000 0000 0000 0000 0000  ................
000110c0: 0000 0000 0000 0000 0000 0000 0000 0000  ................
000110d0: 0000 0000 0000 0000 0000 0000 0000 0000  ................
000110e0: 0000 0000 0000 0000 0000 0000 0600 0000  ................
000110f0: 0000 0000 0000 0000 0300 0000 0000 0000  ................
00011100: 0000 0000 0000 0000 0000 0000 0000 0000  ................
00011110: 0000 0000 0000 0000 0000 0000 0000 0000  ................
00011120: 0000 0000 0000 0000 0000 0000 0000 0000  ................
00011130: 0000 0000 0000 0000 0300 0000 0000 0000  ................
00011140: 0000 0000 0000 0000 0000 0000 0000 0000  ................
00011150: 0000 0000 0000 0000 0000 0000 0000 0000  ................
00011160: 0000 0000 0000 0000 0000 0000 0000 0000  ................
00011170: 0000 0000 0000 0000 0000 0000 0000 0000  ................
00011180: 0000 0000 2000 0000 480d 0020 940d 0020  .... ...H.. ... 
00011190: 1de3 0008 fde2 0008 33e3 0008 15e4 0008  ........3.......
000111a0: 31e4 0008 3de4 0008 0000 0000 0000 0000  1...=...........
000111b0: 0400 0000 0000 0000 0000 0000 0000 0000  ................
000111c0: 0000 0000 0000 0000 0000 0000 0000 0000  ................
000111d0: 0000 0000 0000 0000 0000 0000 0000 0000  ................
000111e0: 0000 0000 0000 0000 0000 0000 0000 0000  ................
000111f0: 0300 0000 0000 0000 0000 0000 0600 0000  ................
00011200: 0000 0000 0000 0000 0000 0000 0000 0000  ................
00011210: 0000 0000 0000 0000 0000 0000 0000 0000  ................
00011220: 0000 0000 0000 0000 0000 0000 0000 0000  ................
00011230: 0000 0000 0000 0000 0000 0000 2000 0000  ............ ...
00011240: 0000 0000 0000 0000 b00c 0020 fc0c 0020  ........... ... 
00011250: b40d 0020 0000 0000 000e 0020 0000 0000  ... ....... ....
00011260: 0000 0000 4c0e 0020 79e3 0008 51e3 0008  ....L.. y...Q...
00011270: 95e3 0008 8de4 0008 b1e4 0008 c9e4 0008  ................
00011280: 0000 0000 0000 0000 0000 0000 0000 0000  ................
00011290: 0000 0000 0000 0000 0000 0000 0000 0000  ................
000112a0: 0000 0000 0000 0000 0000 0000 0000 0000  ................
000112b0: 0000 0000 0000 0000 0000 0000 0000 0000  ................
000112c0: 0000 0000 0000 0000 0800 0000 8c0e 0020  ............... 
000112d0: d80e 0020 1de3 0008 fde2 0008 33e3 0008  ... ........3...
000112e0: 15e4 0008 31e4 0008 3de4 0008 0102 0000  ....1...=.......
000112f0: 0000 0000 0000 0000 0000 0000 0000 0000  ................
00011300: 0000 0000 0000 0000 0000 0000 0000 0000  ................
00011310: 0000 0000 0000 0000 0000 0000 0000 0000  ................
00011320: 0000 0000 0000 0000 0300 0000 0000 0000  ................
00011330: 03e1 0008 0000 0000 2000 0000 0000 0000  ........ .......
00011340: 0000 0000 0200 0000 0000 0000 0000 0000  ................
00011350: 0000 0000 0000 0000 0000 0000 0000 0000  ................
00011360: d827 0020 0400 0000 0400 0000 2000 0000  .'. ........ ...
00011370: 6424 0020 0000 0000 0000 0000 700e 0020  d$. ........p.. 
00011380: 0000 0000 0000 0000 0000 0000 0000 0000  ................
00011390: 0000 0000 0000 0000 0000 0000 0000 0000  ................
000113a0: 0000 0000 0000 0000 0000 0000 0000 0000  ................
000113b0: 0000 0000 0000 0000 0300 0000 0000 0000  ................
000113c0: 03e1 0008 0000 0000 0800 0000 0000 0000  ................
000113d0: 0000 0000 0200 0000 0000 0000 0000 0000  ................
000113e0: 0000 0000 0000 0000 0000 0000 0000 0000  ................
000113f0: d827 0020 0100 0000 0400 0000 0800 0000  .'. ............
00011400: 1423 0020 0000 0000 0000 0000 dc0e 0020  .#. ........... 
00011410: 0000 0000 0000 0000 0000 0000 0000 0000  ................
00011420: 0000 0000 0000 0000 0000 0000 0000 0000  ................
00011430: 0000 0000 0000 0000 0000 0000 0000 0000  ................
00011440: 0000 0000 0000 0000 0300 0000 0000 0000  ................
00011450: 03e1 0008 0000 0000 2000 0000 0000 0000  ........ .......
00011460: 0000 0000 0200 0000 0000 0000 0000 0000  ................
00011470: 0000 0000 0000 0000 0000 0000 0000 0000  ................
00011480: d827 0020 0200 0000 0400 0000 2000 0000  .'. ........ ...
00011490: 4423 0020 0000 0000 0000 0000 980d 0020  D#. ........... 
000114a0: 0000 0000 0000 0000 0000 0000 0000 0000  ................
000114b0: 0000 0000 0000 0000 0000 0000 0000 0000  ................
000114c0: 0000 0000 0000 0000 0000 0000 0000 0000  ................
000114d0: 0000 0000 0000 0000 0300 0000 0000 0000  ................
000114e0: 0000 0000 99e1 0008 0000 2000 0000 0000  .......... .....
000114f0: 0000 0000 0200 0000 0000 0000 0000 0000  ................
00011500: 0000 0000 0000 0000 0000 0000 0000 0000  ................
00011510: d827 0020 0300 0000 0400 0000 2000 0000  .'. ........ ...
00011520: d423 0020 0000 0000 0000 0000 0000 0000  .#. ............
00011530: 0000 0000 0000 0000 0000 0000 0000 0000  ................
00011540: 0000 0000 0000 0000 0000 0000 0000 0000  ................
00011550: 0000 0000 0000 0000 0000 0000 0000 0000  ................
00011560: 0000 0000 0000 0000 0000 0000 0000 0000  ................
00011570: 0000 0000 0000 0000 0000 0000 0000 0000  ................
00011580: 0000 0000 0000 0000 0000 0000 0000 0000  ................
00011590: 0000 0000 0000 0000 0000 0000 0000 0000  ................
000115a0: 0000 0000 0000 0000 0000 0000 0000 0000  ................
000115b0: 0000 0000 0000 0000 0000 0000 0000 0000  ................
000115c0: 0000 0000 0000 0000 0000 0000 0000 0000  ................
000115d0: 0000 0000 0000 0000 0000 0000 0000 0000  ................
000115e0: 0000 0000 0000 0000 0000 0000 0000 0000  ................
000115f0: 0000 0000 0000 0000 0000 0000 0000 0000  ................
00011600: ffff ffff ffff ffff ffff ffff ffff ffff  ................
00011610: ffff ffff ffff ffff ffff ffff ffff ffff  ................
00011620: ffff ffff ffff ffff ffff ffff ffff ffff  ................
00011630: ffff ffff ffff ffff ffff ffff ffff ffff  ................
00011640: ffff ffff ffff ffff ffff ffff ffff ffff  ................
00011650: ffff ffff ffff ffff ffff ffff ffff ffff  ................
00011660: ffff ffff ffff ffff ffff ffff ffff ffff  ................
00011670: ffff ffff ffff ffff ffff ffff ffff ffff  ................
00011680: ffff ffff ffff ffff ffff ffff ffff ffff  ................
00011690: ffff ffff ffff ffff ffff ffff ffff ffff  ................
000116a0: ffff ffff ffff ffff ffff ffff ffff ffff  ................
000116b0: ffff ffff ffff ffff ffff ffff ffff ffff  ................
000116c0: ffff ffff ffff ffff ffff ffff ffff ffff  ................
000116d0: ffff ffff ffff ffff ffff ffff ffff ffff  ................
000116e0: ffff ffff ffff ffff ffff ffff ffff ffff  ................
000116f0: ffff ffff ffff ffff ffff ffff ffff ffff  ................
00011700: ffff ffff ffff ffff ffff ffff ffff ffff  ................
00011710: ffff ffff ffff ffff ffff ffff ffff ffff  ................
00011720: ffff ffff ffff ffff ffff ffff ffff ffff  ................
00011730: ffff ffff ffff ffff ffff ffff ffff ffff  ................
00011740: ffff ffff ffff ffff ffff ffff ffff ffff  ................
00011750: ffff ffff ffff ffff ffff ffff ffff ffff  ................
00011760: ffff ffff ffff ffff ffff ffff ffff ffff  ................
00011770: ffff ffff ffff ffff ffff ffff ffff ffff  ................
00011780: ffff ffff ffff ffff ffff ffff ffff ffff  ................
00011790: ffff ffff ffff ffff ffff ffff ffff ffff  ................
000117a0: ffff ffff ffff ffff ffff ffff ffff ffff  ................
000117b0: ffff ffff ffff ffff ffff ffff ffff ffff  ................
000117c0: ffff ffff ffff ffff ffff ffff ffff ffff  ................
000117d0: ffff ffff ffff ffff ffff ffff ffff ffff  ................
000117e0: ffff ffff ffff ffff ffff ffff ffff ffff  ................
000117f0: ffff ffff ffff ffff ffff ffff ffff ffff  ................
00011800: 0000 0000 0000 0000 0000 0000 0000 0000  ................
00011810: 0000 0000 0000 0000 0000 0000 0000 0000  ................
00011820: 0000 0000 0000 0000 0000 0000 0000 0000  ................
00011830: 0000 0000 0000 0000 0000 0000 0000 0000  ................
00011840: 0000 0000 0000 0000 2000 0000 0000 0000  ........ .......
00011850: 0000 0000 0000 0000 0000 0000 0000 0000  ................
00011860: 0000 0000 0000 0000 0000 0000 0000 0000  ................
00011870: 0000 0000 0000 0000 0000 0000 0000 0000  ................
00011880: 0000 0000 0000 0000 0000 0000 0000 0000  ................
00011890: 0000 0000 0800 0000 0000 0000 0000 0000  ................
000118a0: 0600 0000 0000 0000 0000 0000 0000 0000  ................
000118b0: 0000 0000 0000 0000 0000 0000 0000 0000  ................
000118c0: 0000 0000 0000 0000 0000 0000 0000 0000  ................
000118d0: 0000 0000 0000 0000 0000 0000 0000 0000  ................
000118e0: 2000 0000 0000 0000 0000 0000 0400 0000   ...............
000118f0: 0000 0000 0000 0000 0000 0000 0000 0000  ................
00011900: 0000 0000 0000 0000 0000 0000 0000 0000  ................
00011910: 0000 0000 0000 0000 0000 0000 0000 0000  ................
00011920: 0000 0000 0000 0000 0000 0000 0300 0000  ................
00011930: 0000 0000 0000 0000 0300 0000 0000 0000  ................
00011940: 0000 0000 0000 0000 0000 0000 0000 0000  ................
00011950: 0000 0000 0000 0000 0000 0000 0000 0000  ................
00011960: 0000 0000 0000 0000 0000 0000 0000 0000  ................
00011970: 0000 0000 0000 0000 0300 0000 0000 0000  ................
00011980: 0000 0000 0200 0000 0000 0000 0000 0000  ................
00011990: 0000 0000 0000 0000 0000 0000 0000 0000  ................
000119a0: 0000 0000 0000 0000 0000 0000 0000 0000  ................
000119b0: 0000 0000 0000 0000 0000 0000 0000 0000  ................
000119c0: 0000 0000 0600 0000 000c 0020 4c0c 0020  ........... L.. 
000119d0: 0000 0000 0000 0000 7c0d 0020 300d 0020  ........|.. 0.. 
000119e0: e40c 0020 0000 0000 980c 0020 0000 0000  ... ....... ....
000119f0: 0000 0000 c80d 0020 218f 0008 018f 0008  ....... !.......
00011a00: dd8f 0008 6d88 0008 8988 0008 9588 0008  ....m...........
00011a10: cc0d 0020 218f 0008 018f 0008 dd8f 0008  ... !...........
00011a20: 6d88 0008 8988 0008 9588 0008 d00d 0020  m.............. 
00011a30: 618f 0008 398f 0008 f98f 0008 e588 0008  a...9...........
00011a40: 0989 0008 2189 0008 2808 1e0a 0101 0201  ....!...(.......
00011a50: 191a 1b1c 1d1e 1f20 2122 0000 e17a 0008  ....... !"...z..
00011a60: ffff ffff ffff 0000 ffff 0000 2d88 0008  ............-...
00011a70: 1f90 0008 2990 0008 3390 0008 3d90 0008  ....)...3...=...
00011a80: af00 0150 0114 0000 0000 0000 0000 0000  ...P............
00011a90: 0000 0000 0000 0000 0000 0000 0000 0000  ................
00011aa0: 0000 0000 0000 0000 0000 0000 0000 0000  ................
00011ab0: 0000 0000 0000 0000 0000 0000 0000 0000  ................
00011ac0: 0300 0000 0000 0000 b19a 0008 0000 0000  ................
00011ad0: 2000 0000 0000 0000 0000 0000 0200 0000   ...............
00011ae0: 0000 0000 0000 0000 0000 0000 0000 0000  ................
00011af0: 0000 0000 0000 0000 202a 0020 0400 0000  ........ *. ....
00011b00: 0400 0000 2000 0000 f012 0020 0000 0000  .... ...... ....
00011b10: 0000 0000 2c0e 0020 0000 0000 0000 0000  ....,.. ........
00011b20: 0000 0000 0000 0000 0000 0000 0000 0000  ................
00011b30: 0000 0000 0000 0000 0000 0000 0000 0000  ................
00011b40: 0000 0000 0000 0000 0000 0000 0000 0000  ................
00011b50: 0300 0000 0000 0000 b19a 0008 0000 0000  ................
00011b60: 0800 0000 0000 0000 0000 0000 0200 0000  ................
00011b70: 0000 0000 0000 0000 0000 0000 0000 0000  ................
00011b80: 0000 0000 0000 0000 202a 0020 0100 0000  ........ *. ....
00011b90: 0400 0000 0800 0000 c012 0020 0000 0000  ........... ....
00011ba0: 0000 0000 100e 0020 0000 0000 0000 0000  ....... ........
00011bb0: 0000 0000 0000 0000 0000 0000 0000 0000  ................
00011bc0: 0000 0000 0000 0000 0000 0000 0000 0000  ................
00011bd0: 0000 0000 0000 0000 0000 0000 0000 0000  ................
00011be0: 0300 0000 0000 0000 b19a 0008 0000 0000  ................
00011bf0: 2000 0000 0000 0000 0000 0000 0200 0000   ...............
00011c00: 0000 0000 0000 0000 0000 0000 0000 0000  ................
00011c10: 0000 0000 0000 0000 202a 0020 0200 0000  ........ *. ....
00011c20: 0400 0000 2000 0000 3012 0020 0000 0000  .... ...0.. ....
00011c30: 0000 0000 f40d 0020 0000 0000 0000 0000  ....... ........
00011c40: 0000 0000 0000 0000 0000 0000 0000 0000  ................
00011c50: 0000 0000 0000 0000 0000 0000 0000 0000  ................
00011c60: 0000 0000 0000 0000 0000 0000 0000 0000  ................
00011c70: 0300 0000 0000 0000 0000 0000 619b 0008  ............a...
00011c80: 0000 2000 0000 0000 0000 0000 0200 0000  .. .............
00011c90: 0000 0000 0000 0000 0000 0000 0000 0000  ................
00011ca0: 0000 0000 0000 0000 202a 0020 0300 0000  ........ *. ....
00011cb0: 0400 0000 2000 0000 8013 0020 0000 0000  .... ...... ....
00011cc0: 0101 0101 c810 0020 0000 0000 f834 0020  ....... .....4. 
00011cd0: 6035 0020 c835 0020 0000 0000 0000 0000  `5. .5. ........
00011ce0: 0000 0000 0000 0000 0000 0000 0000 0000  ................
00011cf0: 0000 0000 0000 0000 0000 0000 0000 0000  ................
00011d00: 0000 0000 0000 0000 0000 0000 0000 0000  ................
00011d10: 0000 0000 0000 0000 0300 0000 f834 0020  .............4. 
00011d20: 0000 0000 0000 0000 0000 0000 0000 0000  ................
00011d30: 0000 0000 0000 0000 0000 0000 0000 0000  ................
00011d40: 0000 0000 0000 0000 0000 0000 0000 0000  ................
00011d50: 0000 0000 0000 0000 0000 0000 0000 0000  ................
00011d60: 0000 0000 0000 0000 0000 0000 0000 0000  ................
00011d70: 0000 0000 0000 0000 0000 0000 0000 0000  ................
00011d80: 0000 0000 0000 0000 0000 0000 0000 0000  ................
00011d90: 0000 0000 0000 0000 0000 0000 0000 0000  ................
00011da0: 0000 0000 0000 0000 0000 0000 0000 0000  ................
00011db0: 0000 0000 0000 0000 0000 0000 0000 0000  ................
00011dc0: 0000 0000 0000 0000 0000 0000 0000 0000  ................
00011dd0: 0000 0000 0000 0000 0000 0000 0000 0000  ................
00011de0: 0000 0000 0000 0000 0000 0000 0000 0000  ................
00011df0: 0000 0000 0000 0000 0000 0000 0000 0000  ................
00011e00: ffff ffff ffff ffff ffff ffff ffff ffff  ................
00011e10: ffff ffff ffff ffff ffff ffff ffff ffff  ................
00011e20: ffff ffff ffff ffff ffff ffff ffff ffff  ................
00011e30: ffff ffff ffff ffff ffff ffff ffff ffff  ................
00011e40: ffff ffff ffff ffff ffff ffff ffff ffff  ................
00011e50: ffff ffff ffff ffff ffff ffff ffff ffff  ................
00011e60: ffff ffff ffff ffff ffff ffff ffff ffff  ................
00011e70: ffff ffff ffff ffff ffff ffff ffff ffff  ................
00011e80: ffff ffff ffff ffff ffff ffff ffff ffff  ................
00011e90: ffff ffff ffff ffff ffff ffff ffff ffff  ................
00011ea0: ffff ffff ffff ffff ffff ffff ffff ffff  ................
00011eb0: ffff ffff ffff ffff ffff ffff ffff ffff  ................
00011ec0: ffff ffff ffff ffff ffff ffff ffff ffff  ................
00011ed0: ffff ffff ffff ffff ffff ffff ffff ffff  ................
00011ee0: ffff ffff ffff ffff ffff ffff ffff ffff  ................
00011ef0: ffff ffff ffff ffff ffff ffff ffff ffff  ................
00011f00: ffff ffff ffff ffff ffff ffff ffff ffff  ................
00011f10: ffff ffff ffff ffff ffff ffff ffff ffff  ................
00011f20: ffff ffff ffff ffff ffff ffff ffff ffff  ................
00011f30: ffff ffff ffff ffff ffff ffff ffff ffff  ................
00011f40: ffff ffff ffff ffff ffff ffff ffff ffff  ................
00011f50: ffff ffff ffff ffff ffff ffff ffff ffff  ................
00011f60: ffff ffff ffff ffff ffff ffff ffff ffff  ................
00011f70: ffff ffff ffff ffff ffff ffff ffff ffff  ................
00011f80: ffff ffff ffff ffff ffff ffff ffff ffff  ................
00011f90: ffff ffff ffff ffff ffff ffff ffff ffff  ................
00011fa0: ffff ffff ffff ffff ffff ffff ffff ffff  ................
00011fb0: ffff ffff ffff ffff ffff ffff ffff ffff  ................
00011fc0: ffff ffff ffff ffff ffff ffff ffff ffff  ................
00011fd0: ffff ffff ffff ffff ffff ffff ffff ffff  ................
00011fe0: ffff ffff ffff ffff ffff ffff ffff ffff  ................
00011ff0: ffff ffff ffff ffff ffff ffff ffff ffff  ................
00012000: ffff ffff ffff ffff ffff ffff ffff ffff  ................
00012010: ffff ffff ffff ffff ffff ffff ffff ffff  ................
00012020: ffff ffff ffff ffff ffff ffff ffff ffff  ................
00012030: ffff ffff ffff ffff ffff ffff ffff ffff  ................
00012040: ffff ffff ffff ffff ffff ffff ffff ffff  ................
00012050: ffff ffff ffff ffff ffff ffff ffff ffff  ................
00012060: ffff ffff ffff ffff ffff ffff ffff ffff  ................
00012070: ffff ffff ffff ffff ffff ffff ffff ffff  ................
00012080: ffff ffff ffff ffff ffff ffff ffff ffff  ................
00012090: ffff ffff ffff ffff ffff ffff ffff ffff  ................
000120a0: ffff ffff ffff ffff ffff ffff ffff ffff  ................
000120b0: ffff ffff ffff ffff ffff ffff ffff ffff  ................
000120c0: ffff ffff ffff ffff ffff ffff ffff ffff  ................
000120d0: ffff ffff ffff ffff ffff ffff ffff ffff  ................
000120e0: ffff ffff ffff ffff ffff ffff ffff ffff  ................
000120f0: ffff ffff ffff ffff ffff ffff ffff ffff  ................
00012100: ffff ffff ffff ffff ffff ffff ffff ffff  ................
00012110: ffff ffff ffff ffff ffff ffff ffff ffff  ................
00012120: ffff ffff ffff ffff ffff ffff ffff ffff  ................
00012130: ffff ffff ffff ffff ffff ffff ffff ffff  ................
00012140: ffff ffff ffff ffff ffff ffff ffff ffff  ................
00012150: ffff ffff ffff ffff ffff ffff ffff ffff  ................
00012160: ffff ffff ffff ffff ffff ffff ffff ffff  ................
00012170: ffff ffff ffff ffff ffff ffff ffff ffff  ................
00012180: ffff ffff ffff ffff ffff ffff ffff ffff  ................
00012190: ffff ffff ffff ffff ffff ffff ffff ffff  ................
000121a0: ffff ffff ffff ffff ffff ffff ffff ffff  ................
000121b0: ffff ffff ffff ffff ffff ffff ffff ffff  ................
000121c0: ffff ffff ffff ffff ffff ffff ffff ffff  ................
000121d0: ffff ffff ffff ffff ffff ffff ffff ffff  ................
000121e0: ffff ffff ffff ffff ffff ffff ffff ffff  ................
000121f0: ffff ffff ffff ffff ffff ffff ffff ffff  ................
00012200: ffff ffff ffff ffff ffff ffff ffff ffff  ................
00012210: ffff ffff ffff ffff ffff ffff ffff ffff  ................
00012220: ffff ffff ffff ffff ffff ffff ffff ffff  ................
00012230: ffff ffff ffff ffff ffff ffff ffff ffff  ................
00012240: ffff ffff ffff ffff ffff ffff ffff ffff  ................
00012250: ffff ffff ffff ffff ffff ffff ffff ffff  ................
00012260: ffff ffff ffff ffff ffff ffff ffff ffff  ................
00012270: ffff ffff ffff ffff ffff ffff ffff ffff  ................
00012280: ffff ffff ffff ffff ffff ffff ffff ffff  ................
00012290: ffff ffff ffff ffff ffff ffff ffff ffff  ................
000122a0: ffff ffff ffff ffff ffff ffff ffff ffff  ................
000122b0: ffff ffff ffff ffff ffff ffff ffff ffff  ................
000122c0: ffff ffff ffff ffff ffff ffff ffff ffff  ................
000122d0: ffff ffff ffff ffff ffff ffff ffff ffff  ................
000122e0: ffff ffff ffff ffff ffff ffff ffff ffff  ................
000122f0: ffff ffff ffff ffff ffff ffff ffff ffff  ................
00012300: ffff ffff ffff ffff ffff ffff ffff ffff  ................
00012310: ffff ffff ffff ffff ffff ffff ffff ffff  ................
00012320: ffff ffff ffff ffff ffff ffff ffff ffff  ................
00012330: ffff ffff ffff ffff ffff ffff ffff ffff  ................
00012340: ffff ffff ffff ffff ffff ffff ffff ffff  ................
00012350: ffff ffff ffff ffff ffff ffff ffff ffff  ................
00012360: ffff ffff ffff ffff ffff ffff ffff ffff  ................
00012370: ffff ffff ffff ffff ffff ffff ffff ffff  ................
00012380: ffff ffff ffff ffff ffff ffff ffff ffff  ................
00012390: ffff ffff ffff ffff ffff ffff ffff ffff  ................
000123a0: ffff ffff ffff ffff ffff ffff ffff ffff  ................
000123b0: ffff ffff ffff ffff ffff ffff ffff ffff  ................
000123c0: ffff ffff ffff ffff ffff ffff ffff ffff  ................
000123d0: ffff ffff ffff ffff ffff ffff ffff ffff  ................
000123e0: ffff ffff ffff ffff ffff ffff ffff ffff  ................
000123f0: ffff ffff ffff ffff ffff ffff ffff ffff  ................
00012400: ffff ffff ffff ffff ffff ffff ffff ffff  ................
00012410: ffff ffff ffff ffff ffff ffff ffff ffff  ................
00012420: ffff ffff ffff ffff ffff ffff ffff ffff  ................
00012430: ffff ffff ffff ffff ffff ffff ffff ffff  ................
00012440: ffff ffff ffff ffff ffff ffff ffff ffff  ................
00012450: ffff ffff ffff ffff ffff ffff ffff ffff  ................
00012460: ffff ffff ffff ffff ffff ffff ffff ffff  ................
00012470: ffff ffff ffff ffff ffff ffff ffff ffff  ................
00012480: ffff ffff ffff ffff ffff ffff ffff ffff  ................
00012490: ffff ffff ffff ffff ffff ffff ffff ffff  ................
000124a0: ffff ffff ffff ffff ffff ffff ffff ffff  ................
000124b0: ffff ffff ffff ffff ffff ffff ffff ffff  ................
000124c0: ffff ffff ffff ffff ffff ffff ffff ffff  ................
000124d0: ffff ffff ffff ffff ffff ffff ffff ffff  ................
000124e0: ffff ffff ffff ffff ffff ffff ffff ffff  ................
000124f0: ffff ffff ffff ffff ffff ffff ffff ffff  ................
00012500: ffff ffff ffff ffff ffff ffff ffff ffff  ................
00012510: ffff ffff ffff ffff ffff ffff ffff ffff  ................
00012520: ffff ffff ffff ffff ffff ffff ffff ffff  ................
00012530: ffff ffff ffff ffff ffff ffff ffff ffff  ................
00012540: ffff ffff ffff ffff ffff ffff ffff ffff  ................
00012550: ffff ffff ffff ffff ffff ffff ffff ffff  ................
00012560: ffff ffff ffff ffff ffff ffff ffff ffff  ................
00012570: ffff ffff ffff ffff ffff ffff ffff ffff  ................
00012580: ffff ffff ffff ffff ffff ffff ffff ffff  ................
00012590: ffff ffff ffff ffff ffff ffff ffff ffff  ................
000125a0: ffff ffff ffff ffff ffff ffff ffff ffff  ................
000125b0: ffff ffff ffff ffff ffff ffff ffff ffff  ................
000125c0: ffff ffff ffff ffff ffff ffff ffff ffff  ................
000125d0: ffff ffff ffff ffff ffff ffff ffff ffff  ................
000125e0: ffff ffff ffff ffff ffff ffff ffff ffff  ................
000125f0: ffff ffff ffff ffff ffff ffff ffff ffff  ................
00012600: ffff ffff ffff ffff ffff ffff ffff ffff  ................
00012610: ffff ffff ffff ffff ffff ffff ffff ffff  ................
00012620: ffff ffff ffff ffff ffff ffff ffff ffff  ................
00012630: ffff ffff ffff ffff ffff ffff ffff ffff  ................
00012640: ffff ffff ffff ffff ffff ffff ffff ffff  ................
00012650: ffff ffff ffff ffff ffff ffff ffff ffff  ................
00012660: ffff ffff ffff ffff ffff ffff ffff ffff  ................
00012670: ffff ffff ffff ffff ffff ffff ffff ffff  ................
00012680: ffff ffff ffff ffff ffff ffff ffff ffff  ................
00012690: ffff ffff ffff ffff ffff ffff ffff ffff  ................
000126a0: ffff ffff ffff ffff ffff ffff ffff ffff  ................
000126b0: ffff ffff ffff ffff ffff ffff ffff ffff  ................
000126c0: ffff ffff ffff ffff ffff ffff ffff ffff  ................
000126d0: ffff ffff ffff ffff ffff ffff ffff ffff  ................
000126e0: ffff ffff ffff ffff ffff ffff ffff ffff  ................
000126f0: ffff ffff ffff ffff ffff ffff ffff ffff  ................
00012700: ffff ffff ffff ffff ffff ffff ffff ffff  ................
00012710: ffff ffff ffff ffff ffff ffff ffff ffff  ................
00012720: ffff ffff ffff ffff ffff ffff ffff ffff  ................
00012730: ffff ffff ffff ffff ffff ffff ffff ffff  ................
00012740: ffff ffff ffff ffff ffff ffff ffff ffff  ................
00012750: ffff ffff ffff ffff ffff ffff ffff ffff  ................
00012760: ffff ffff ffff ffff ffff ffff ffff ffff  ................
00012770: ffff ffff ffff ffff ffff ffff ffff ffff  ................
00012780: ffff ffff ffff ffff ffff ffff ffff ffff  ................
00012790: ffff ffff ffff ffff ffff ffff ffff ffff  ................
000127a0: ffff ffff ffff ffff ffff ffff ffff ffff  ................
000127b0: ffff ffff ffff ffff ffff ffff ffff ffff  ................
000127c0: ffff ffff ffff ffff ffff ffff ffff ffff  ................
000127d0: ffff ffff ffff ffff ffff ffff ffff ffff  ................
000127e0: ffff ffff ffff ffff ffff ffff ffff ffff  ................
000127f0: ffff ffff ffff ffff ffff ffff ffff ffff  ................
00012800: ffff ffff ffff ffff ffff ffff ffff ffff  ................
00012810: ffff ffff ffff ffff ffff ffff ffff ffff  ................
00012820: ffff ffff ffff ffff ffff ffff ffff ffff  ................
00012830: ffff ffff ffff ffff ffff ffff ffff ffff  ................
00012840: ffff ffff ffff ffff ffff ffff ffff ffff  ................
00012850: ffff ffff ffff ffff ffff ffff ffff ffff  ................
00012860: ffff ffff ffff ffff ffff ffff ffff ffff  ................
00012870: ffff ffff ffff ffff ffff ffff ffff ffff  ................
00012880: ffff ffff ffff ffff ffff ffff ffff ffff  ................
00012890: ffff ffff ffff ffff ffff ffff ffff ffff  ................
000128a0: ffff ffff ffff ffff ffff ffff ffff ffff  ................
000128b0: ffff ffff ffff ffff ffff ffff ffff ffff  ................
000128c0: ffff ffff ffff ffff ffff ffff ffff ffff  ................
000128d0: ffff ffff ffff ffff ffff ffff ffff ffff  ................
000128e0: ffff ffff ffff ffff ffff ffff ffff ffff  ................
000128f0: ffff ffff ffff ffff ffff ffff ffff ffff  ................
00012900: ffff ffff ffff ffff ffff ffff ffff ffff  ................
00012910: ffff ffff ffff ffff ffff ffff ffff ffff  ................
00012920: ffff ffff ffff ffff ffff ffff ffff ffff  ................
00012930: ffff ffff ffff ffff ffff ffff ffff ffff  ................
00012940: ffff ffff ffff ffff ffff ffff ffff ffff  ................
00012950: ffff ffff ffff ffff ffff ffff ffff ffff  ................
00012960: ffff ffff ffff ffff ffff ffff ffff ffff  ................
00012970: ffff ffff ffff ffff ffff ffff ffff ffff  ................
00012980: ffff ffff ffff ffff ffff ffff ffff ffff  ................
00012990: ffff ffff ffff ffff ffff ffff ffff ffff  ................
000129a0: ffff ffff ffff ffff ffff ffff ffff ffff  ................
000129b0: ffff ffff ffff ffff ffff ffff ffff ffff  ................
000129c0: ffff ffff ffff ffff ffff ffff ffff ffff  ................
000129d0: ffff ffff ffff ffff ffff ffff ffff ffff  ................
000129e0: ffff ffff ffff ffff ffff ffff ffff ffff  ................
000129f0: ffff ffff ffff ffff ffff ffff ffff ffff  ................
00012a00: ffff ffff ffff ffff ffff ffff ffff ffff  ................
00012a10: ffff ffff ffff ffff ffff ffff ffff ffff  ................
00012a20: ffff ffff ffff ffff ffff ffff ffff ffff  ................
00012a30: ffff ffff ffff ffff ffff ffff ffff ffff  ................
00012a40: ffff ffff ffff ffff ffff ffff ffff ffff  ................
00012a50: ffff ffff ffff ffff ffff ffff ffff ffff  ................
00012a60: ffff ffff ffff ffff ffff ffff ffff ffff  ................
00012a70: ffff ffff ffff ffff ffff ffff ffff ffff  ................
00012a80: ffff ffff ffff ffff ffff ffff ffff ffff  ................
00012a90: ffff ffff ffff ffff ffff ffff ffff ffff  ................
00012aa0: ffff ffff ffff ffff ffff ffff ffff ffff  ................
00012ab0: ffff ffff ffff ffff ffff ffff ffff ffff  ................
00012ac0: ffff ffff ffff ffff ffff ffff ffff ffff  ................
00012ad0: ffff ffff ffff ffff ffff ffff ffff ffff  ................
00012ae0: ffff ffff ffff ffff ffff ffff ffff ffff  ................
00012af0: ffff ffff ffff ffff ffff ffff ffff ffff  ................
00012b00: ffff ffff ffff ffff ffff ffff ffff ffff  ................
00012b10: ffff ffff ffff ffff ffff ffff ffff ffff  ................
00012b20: ffff ffff ffff ffff ffff ffff ffff ffff  ................
00012b30: ffff ffff ffff ffff ffff ffff ffff ffff  ................
00012b40: ffff ffff ffff ffff ffff ffff ffff ffff  ................
00012b50: ffff ffff ffff ffff ffff ffff ffff ffff  ................
00012b60: ffff ffff ffff ffff ffff ffff ffff ffff  ................
00012b70: ffff ffff ffff ffff ffff ffff ffff ffff  ................
00012b80: ffff ffff ffff ffff ffff ffff ffff ffff  ................
00012b90: ffff ffff ffff ffff ffff ffff ffff ffff  ................
00012ba0: ffff ffff ffff ffff ffff ffff ffff ffff  ................
00012bb0: ffff ffff ffff ffff ffff ffff ffff ffff  ................
00012bc0: ffff ffff ffff ffff ffff ffff ffff ffff  ................
00012bd0: ffff ffff ffff ffff ffff ffff ffff ffff  ................
00012be0: ffff ffff ffff ffff ffff ffff ffff ffff  ................
00012bf0: ffff ffff ffff ffff ffff ffff ffff ffff  ................
00012c00: ffff ffff ffff ffff ffff ffff ffff ffff  ................
00012c10: ffff ffff ffff ffff ffff ffff ffff ffff  ................
00012c20: ffff ffff ffff ffff ffff ffff ffff ffff  ................
00012c30: ffff ffff ffff ffff ffff ffff ffff ffff  ................
00012c40: ffff ffff ffff ffff ffff ffff ffff ffff  ................
00012c50: ffff ffff ffff ffff ffff ffff ffff ffff  ................
00012c60: ffff ffff ffff ffff ffff ffff ffff ffff  ................
00012c70: ffff ffff ffff ffff ffff ffff ffff ffff  ................
00012c80: ffff ffff ffff ffff ffff ffff ffff ffff  ................
00012c90: ffff ffff ffff ffff ffff ffff ffff ffff  ................
00012ca0: ffff ffff ffff ffff ffff ffff ffff ffff  ................
00012cb0: ffff ffff ffff ffff ffff ffff ffff ffff  ................
00012cc0: ffff ffff ffff ffff ffff ffff ffff ffff  ................
00012cd0: ffff ffff ffff ffff ffff ffff ffff ffff  ................
00012ce0: ffff ffff ffff ffff ffff ffff ffff ffff  ................
00012cf0: ffff ffff ffff ffff ffff ffff ffff ffff  ................
00012d00: ffff ffff ffff ffff ffff ffff ffff ffff  ................
00012d10: ffff ffff ffff ffff ffff ffff ffff ffff  ................
00012d20: ffff ffff ffff ffff ffff ffff ffff ffff  ................
00012d30: ffff ffff ffff ffff ffff ffff ffff ffff  ................
00012d40: ffff ffff ffff ffff ffff ffff ffff ffff  ................
00012d50: ffff ffff ffff ffff ffff ffff ffff ffff  ................
00012d60: ffff ffff ffff ffff ffff ffff ffff ffff  ................
00012d70: ffff ffff ffff ffff ffff ffff ffff ffff  ................
00012d80: ffff ffff ffff ffff ffff ffff ffff ffff  ................
00012d90: ffff ffff ffff ffff ffff ffff ffff ffff  ................
00012da0: ffff ffff ffff ffff ffff ffff ffff ffff  ................
00012db0: ffff ffff ffff ffff ffff ffff ffff ffff  ................
00012dc0: ffff ffff ffff ffff ffff ffff ffff ffff  ................
00012dd0: ffff ffff ffff ffff ffff ffff ffff ffff  ................
00012de0: ffff ffff ffff ffff ffff ffff ffff ffff  ................
00012df0: ffff ffff ffff ffff ffff ffff ffff ffff  ................
00012e00: ffff ffff ffff ffff ffff ffff ffff ffff  ................
00012e10: ffff ffff ffff ffff ffff ffff ffff ffff  ................
00012e20: ffff ffff ffff ffff ffff ffff ffff ffff  ................
00012e30: ffff ffff ffff ffff ffff ffff ffff ffff  ................
00012e40: ffff ffff ffff ffff ffff ffff ffff ffff  ................
00012e50: ffff ffff ffff ffff ffff ffff ffff ffff  ................
00012e60: ffff ffff ffff ffff ffff ffff ffff ffff  ................
00012e70: ffff ffff ffff ffff ffff ffff ffff ffff  ................
00012e80: ffff ffff ffff ffff ffff ffff ffff ffff  ................
00012e90: ffff ffff ffff ffff ffff ffff ffff ffff  ................
00012ea0: ffff ffff ffff ffff ffff ffff ffff ffff  ................
00012eb0: ffff ffff ffff ffff ffff ffff ffff ffff  ................
00012ec0: ffff ffff ffff ffff ffff ffff ffff ffff  ................
00012ed0: ffff ffff ffff ffff ffff ffff ffff ffff  ................
00012ee0: ffff ffff ffff ffff ffff ffff ffff ffff  ................
00012ef0: ffff ffff ffff ffff ffff ffff ffff ffff  ................
00012f00: ffff ffff ffff ffff ffff ffff ffff ffff  ................
00012f10: ffff ffff ffff ffff ffff ffff ffff ffff  ................
00012f20: ffff ffff ffff ffff ffff ffff ffff ffff  ................
00012f30: ffff ffff ffff ffff ffff ffff ffff ffff  ................
00012f40: ffff ffff ffff ffff ffff ffff ffff ffff  ................
00012f50: ffff ffff ffff ffff ffff ffff ffff ffff  ................
00012f60: ffff ffff ffff ffff ffff ffff ffff ffff  ................
00012f70: ffff ffff ffff ffff ffff ffff ffff ffff  ................
00012f80: ffff ffff ffff ffff ffff ffff ffff ffff  ................
00012f90: ffff ffff ffff ffff ffff ffff ffff ffff  ................
00012fa0: ffff ffff ffff ffff ffff ffff ffff ffff  ................
00012fb0: ffff ffff ffff ffff ffff ffff ffff ffff  ................
00012fc0: ffff ffff ffff ffff ffff ffff ffff ffff  ................
00012fd0: ffff ffff ffff ffff ffff ffff ffff ffff  ................
00012fe0: ffff ffff ffff ffff ffff ffff ffff ffff  ................
00012ff0: ffff ffff ffff ffff ffff ffff ffff ffff  ................
00013000: ffff ffff ffff ffff ffff ffff ffff ffff  ................
00013010: ffff ffff ffff ffff ffff ffff ffff ffff  ................
00013020: ffff ffff ffff ffff ffff ffff ffff ffff  ................
00013030: ffff ffff ffff ffff ffff ffff ffff ffff  ................
00013040: ffff ffff ffff ffff ffff ffff ffff ffff  ................
00013050: ffff ffff ffff ffff ffff ffff ffff ffff  ................
00013060: ffff ffff ffff ffff ffff ffff ffff ffff  ................
00013070: ffff ffff ffff ffff ffff ffff ffff ffff  ................
00013080: ffff ffff ffff ffff ffff ffff ffff ffff  ................
00013090: ffff ffff ffff ffff ffff ffff ffff ffff  ................
000130a0: ffff ffff ffff ffff ffff ffff ffff ffff  ................
000130b0: ffff ffff ffff ffff ffff ffff ffff ffff  ................
000130c0: ffff ffff ffff ffff ffff ffff ffff ffff  ................
000130d0: ffff ffff ffff ffff ffff ffff ffff ffff  ................
000130e0: ffff ffff ffff ffff ffff ffff ffff ffff  ................
000130f0: ffff ffff ffff ffff ffff ffff ffff ffff  ................
00013100: ffff ffff ffff ffff ffff ffff ffff ffff  ................
00013110: ffff ffff ffff ffff ffff ffff ffff ffff  ................
00013120: ffff ffff ffff ffff ffff ffff ffff ffff  ................
00013130: ffff ffff ffff ffff ffff ffff ffff ffff  ................
00013140: ffff ffff ffff ffff ffff ffff ffff ffff  ................
00013150: ffff ffff ffff ffff ffff ffff ffff ffff  ................
00013160: ffff ffff ffff ffff ffff ffff ffff ffff  ................
00013170: ffff ffff ffff ffff ffff ffff ffff ffff  ................
00013180: ffff ffff ffff ffff ffff ffff ffff ffff  ................
00013190: ffff ffff ffff ffff ffff ffff ffff ffff  ................
000131a0: ffff ffff ffff ffff ffff ffff ffff ffff  ................
000131b0: ffff ffff ffff ffff ffff ffff ffff ffff  ................
000131c0: ffff ffff ffff ffff ffff ffff ffff ffff  ................
000131d0: ffff ffff ffff ffff ffff ffff ffff ffff  ................
000131e0: ffff ffff ffff ffff ffff ffff ffff ffff  ................
000131f0: ffff ffff ffff ffff ffff ffff ffff ffff  ................
00013200: ffff ffff ffff ffff ffff ffff ffff ffff  ................
00013210: ffff ffff ffff ffff ffff ffff ffff ffff  ................
00013220: ffff ffff ffff ffff ffff ffff ffff ffff  ................
00013230: ffff ffff ffff ffff ffff ffff ffff ffff  ................
00013240: ffff ffff ffff ffff ffff ffff ffff ffff  ................
00013250: ffff ffff ffff ffff ffff ffff ffff ffff  ................
00013260: ffff ffff ffff ffff ffff ffff ffff ffff  ................
00013270: ffff ffff ffff ffff ffff ffff ffff ffff  ................
00013280: ffff ffff ffff ffff ffff ffff ffff ffff  ................
00013290: ffff ffff ffff ffff ffff ffff ffff ffff  ................
000132a0: ffff ffff ffff ffff ffff ffff ffff ffff  ................
000132b0: ffff ffff ffff ffff ffff ffff ffff ffff  ................
000132c0: ffff ffff ffff ffff ffff ffff ffff ffff  ................
000132d0: ffff ffff ffff ffff ffff ffff ffff ffff  ................
000132e0: ffff ffff ffff ffff ffff ffff ffff ffff  ................
000132f0: ffff ffff ffff ffff ffff ffff ffff ffff  ................
00013300: ffff ffff ffff ffff ffff ffff ffff ffff  ................
00013310: ffff ffff ffff ffff ffff ffff ffff ffff  ................
00013320: ffff ffff ffff ffff ffff ffff ffff ffff  ................
00013330: ffff ffff ffff ffff ffff ffff ffff ffff  ................
00013340: ffff ffff ffff ffff ffff ffff ffff ffff  ................
00013350: ffff ffff ffff ffff ffff ffff ffff ffff  ................
00013360: ffff ffff ffff ffff ffff ffff ffff ffff  ................
00013370: ffff ffff ffff ffff ffff ffff ffff ffff  ................
00013380: ffff ffff ffff ffff ffff ffff ffff ffff  ................
00013390: ffff ffff ffff ffff ffff ffff ffff ffff  ................
000133a0: ffff ffff ffff ffff ffff ffff ffff ffff  ................
000133b0: ffff ffff ffff ffff ffff ffff ffff ffff  ................
000133c0: ffff ffff ffff ffff ffff ffff ffff ffff  ................
000133d0: ffff ffff ffff ffff ffff ffff ffff ffff  ................
000133e0: ffff ffff ffff ffff ffff ffff ffff ffff  ................
000133f0: ffff ffff ffff ffff ffff ffff ffff ffff  ................
00013400: ffff ffff ffff ffff ffff ffff ffff ffff  ................
00013410: ffff ffff ffff ffff ffff ffff ffff ffff  ................
00013420: ffff ffff ffff ffff ffff ffff ffff ffff  ................
00013430: ffff ffff ffff ffff ffff ffff ffff ffff  ................
00013440: ffff ffff ffff ffff ffff ffff ffff ffff  ................
00013450: ffff ffff ffff ffff ffff ffff ffff ffff  ................
00013460: ffff ffff ffff ffff ffff ffff ffff ffff  ................
00013470: ffff ffff ffff ffff ffff ffff ffff ffff  ................
00013480: ffff ffff ffff ffff ffff ffff ffff ffff  ................
00013490: ffff ffff ffff ffff ffff ffff ffff ffff  ................
000134a0: ffff ffff ffff ffff ffff ffff ffff ffff  ................
000134b0: ffff ffff ffff ffff ffff ffff ffff ffff  ................
000134c0: ffff ffff ffff ffff ffff ffff ffff ffff  ................
000134d0: ffff ffff ffff ffff ffff ffff ffff ffff  ................
000134e0: ffff ffff ffff ffff ffff ffff ffff ffff  ................
000134f0: ffff ffff ffff ffff ffff ffff ffff ffff  ................
00013500: ffff ffff ffff ffff ffff ffff ffff ffff  ................
00013510: ffff ffff ffff ffff ffff ffff ffff ffff  ................
00013520: ffff ffff ffff ffff ffff ffff ffff ffff  ................
00013530: ffff ffff ffff ffff ffff ffff ffff ffff  ................
00013540: ffff ffff ffff ffff ffff ffff ffff ffff  ................
00013550: ffff ffff ffff ffff ffff ffff ffff ffff  ................
00013560: ffff ffff ffff ffff ffff ffff ffff ffff  ................
00013570: ffff ffff ffff ffff ffff ffff ffff ffff  ................
00013580: ffff ffff ffff ffff ffff ffff ffff ffff  ................
00013590: ffff ffff ffff ffff ffff ffff ffff ffff  ................
000135a0: ffff ffff ffff ffff ffff ffff ffff ffff  ................
000135b0: ffff ffff ffff ffff ffff ffff ffff ffff  ................
000135c0: ffff ffff ffff ffff ffff ffff ffff ffff  ................
000135d0: ffff ffff ffff ffff ffff ffff ffff ffff  ................
000135e0: ffff ffff ffff ffff ffff ffff ffff ffff  ................
000135f0: ffff ffff ffff ffff ffff ffff ffff ffff  ................
00013600: ffff ffff ffff ffff ffff ffff ffff ffff  ................
00013610: ffff ffff ffff ffff ffff ffff ffff ffff  ................
00013620: ffff ffff ffff ffff ffff ffff ffff ffff  ................
00013630: ffff ffff ffff ffff ffff ffff ffff ffff  ................
00013640: ffff ffff ffff ffff ffff ffff ffff ffff  ................
00013650: ffff ffff ffff ffff ffff ffff ffff ffff  ................
00013660: ffff ffff ffff ffff ffff ffff ffff ffff  ................
00013670: ffff ffff ffff ffff ffff ffff ffff ffff  ................
00013680: ffff ffff ffff ffff ffff ffff ffff ffff  ................
00013690: ffff ffff ffff ffff ffff ffff ffff ffff  ................
000136a0: ffff ffff ffff ffff ffff ffff ffff ffff  ................
000136b0: ffff ffff ffff ffff ffff ffff ffff ffff  ................
000136c0: ffff ffff ffff ffff ffff ffff ffff ffff  ................
000136d0: ffff ffff ffff ffff ffff ffff ffff ffff  ................
000136e0: ffff ffff ffff ffff ffff ffff ffff ffff  ................
000136f0: ffff ffff ffff ffff ffff ffff ffff ffff  ................
00013700: ffff ffff ffff ffff ffff ffff ffff ffff  ................
00013710: ffff ffff ffff ffff ffff ffff ffff ffff  ................
00013720: ffff ffff ffff ffff ffff ffff ffff ffff  ................
00013730: ffff ffff ffff ffff ffff ffff ffff ffff  ................
00013740: ffff ffff ffff ffff ffff ffff ffff ffff  ................
00013750: ffff ffff ffff ffff ffff ffff ffff ffff  ................
00013760: ffff ffff ffff ffff ffff ffff ffff ffff  ................
00013770: ffff ffff ffff ffff ffff ffff ffff ffff  ................
00013780: ffff ffff ffff ffff ffff ffff ffff ffff  ................
00013790: ffff ffff ffff ffff ffff ffff ffff ffff  ................
000137a0: ffff ffff ffff ffff ffff ffff ffff ffff  ................
000137b0: ffff ffff ffff ffff ffff ffff ffff ffff  ................
000137c0: ffff ffff ffff ffff ffff ffff ffff ffff  ................
000137d0: ffff ffff ffff ffff ffff ffff ffff ffff  ................
000137e0: ffff ffff ffff ffff ffff ffff ffff ffff  ................
000137f0: ffff ffff ffff ffff ffff ffff ffff ffff  ................
00013800: ffff ffff ffff ffff ffff ffff ffff ffff  ................
00013810: ffff ffff ffff ffff ffff ffff ffff ffff  ................
00013820: ffff ffff ffff ffff ffff ffff ffff ffff  ................
00013830: ffff ffff ffff ffff ffff ffff ffff ffff  ................
00013840: ffff ffff ffff ffff ffff ffff ffff ffff  ................
00013850: ffff ffff ffff ffff ffff ffff ffff ffff  ................
00013860: ffff ffff ffff ffff ffff ffff ffff ffff  ................
00013870: ffff ffff ffff ffff ffff ffff ffff ffff  ................
00013880: ffff ffff ffff ffff ffff ffff ffff ffff  ................
00013890: ffff ffff ffff ffff ffff ffff ffff ffff  ................
000138a0: ffff ffff ffff ffff ffff ffff ffff ffff  ................
000138b0: ffff ffff ffff ffff ffff ffff ffff ffff  ................
000138c0: ffff ffff ffff ffff ffff ffff ffff ffff  ................
000138d0: ffff ffff ffff ffff ffff ffff ffff ffff  ................
000138e0: ffff ffff ffff ffff ffff ffff ffff ffff  ................
000138f0: ffff ffff ffff ffff ffff ffff ffff ffff  ................
00013900: ffff ffff ffff ffff ffff ffff ffff ffff  ................
00013910: ffff ffff ffff ffff ffff ffff ffff ffff  ................
00013920: ffff ffff ffff ffff ffff ffff ffff ffff  ................
00013930: ffff ffff ffff ffff ffff ffff ffff ffff  ................
00013940: ffff ffff ffff ffff ffff ffff ffff ffff  ................
00013950: ffff ffff ffff ffff ffff ffff ffff ffff  ................
00013960: ffff ffff ffff ffff ffff ffff ffff ffff  ................
00013970: ffff ffff ffff ffff ffff ffff ffff ffff  ................
00013980: ffff ffff ffff ffff ffff ffff ffff ffff  ................
00013990: ffff ffff ffff ffff ffff ffff ffff ffff  ................
000139a0: ffff ffff ffff ffff ffff ffff ffff ffff  ................
000139b0: ffff ffff ffff ffff ffff ffff ffff ffff  ................
000139c0: ffff ffff ffff ffff ffff ffff ffff ffff  ................
000139d0: ffff ffff ffff ffff ffff ffff ffff ffff  ................
000139e0: ffff ffff ffff ffff ffff ffff ffff ffff  ................
000139f0: ffff ffff ffff ffff ffff ffff ffff ffff  ................
00013a00: ffff ffff ffff ffff ffff ffff ffff ffff  ................
00013a10: ffff ffff ffff ffff ffff ffff ffff ffff  ................
00013a20: ffff ffff ffff ffff ffff ffff ffff ffff  ................
00013a30: ffff ffff ffff ffff ffff ffff ffff ffff  ................
00013a40: ffff ffff ffff ffff ffff ffff ffff ffff  ................
00013a50: ffff ffff ffff ffff ffff ffff ffff ffff  ................
00013a60: ffff ffff ffff ffff ffff ffff ffff ffff  ................
00013a70: ffff ffff ffff ffff ffff ffff ffff ffff  ................
00013a80: ffff ffff ffff ffff ffff ffff ffff ffff  ................
00013a90: ffff ffff ffff ffff ffff ffff ffff ffff  ................
00013aa0: ffff ffff ffff ffff ffff ffff ffff ffff  ................
00013ab0: ffff ffff ffff ffff ffff ffff ffff ffff  ................
00013ac0: ffff ffff ffff ffff ffff ffff ffff ffff  ................
00013ad0: ffff ffff ffff ffff ffff ffff ffff ffff  ................
00013ae0: ffff ffff ffff ffff ffff ffff ffff ffff  ................
00013af0: ffff ffff ffff ffff ffff ffff ffff ffff  ................
00013b00: ffff ffff ffff ffff ffff ffff ffff ffff  ................
00013b10: ffff ffff ffff ffff ffff ffff ffff ffff  ................
00013b20: ffff ffff ffff ffff ffff ffff ffff ffff  ................
00013b30: ffff ffff ffff ffff ffff ffff ffff ffff  ................
00013b40: ffff ffff ffff ffff ffff ffff ffff ffff  ................
00013b50: ffff ffff ffff ffff ffff ffff ffff ffff  ................
00013b60: ffff ffff ffff ffff ffff ffff ffff ffff  ................
00013b70: ffff ffff ffff ffff ffff ffff ffff ffff  ................
00013b80: ffff ffff ffff ffff ffff ffff ffff ffff  ................
00013b90: ffff ffff ffff ffff ffff ffff ffff ffff  ................
00013ba0: ffff ffff ffff ffff ffff ffff ffff ffff  ................
00013bb0: ffff ffff ffff ffff ffff ffff ffff ffff  ................
00013bc0: ffff ffff ffff ffff ffff ffff ffff ffff  ................
00013bd0: ffff ffff ffff ffff ffff ffff ffff ffff  ................
00013be0: ffff ffff ffff ffff ffff ffff ffff ffff  ................
00013bf0: ffff ffff ffff ffff ffff ffff ffff ffff  ................
00013c00: ffff ffff ffff ffff ffff ffff ffff ffff  ................
00013c10: ffff ffff ffff ffff ffff ffff ffff ffff  ................
00013c20: ffff ffff ffff ffff ffff ffff ffff ffff  ................
00013c30: ffff ffff ffff ffff ffff ffff ffff ffff  ................
00013c40: ffff ffff ffff ffff ffff ffff ffff ffff  ................
00013c50: ffff ffff ffff ffff ffff ffff ffff ffff  ................
00013c60: ffff ffff ffff ffff ffff ffff ffff ffff  ................
00013c70: ffff ffff ffff ffff ffff ffff ffff ffff  ................
00013c80: ffff ffff ffff ffff ffff ffff ffff ffff  ................
00013c90: ffff ffff ffff ffff ffff ffff ffff ffff  ................
00013ca0: ffff ffff ffff ffff ffff ffff ffff ffff  ................
00013cb0: ffff ffff ffff ffff ffff ffff ffff ffff  ................
00013cc0: ffff ffff ffff ffff ffff ffff ffff ffff  ................
00013cd0: ffff ffff ffff ffff ffff ffff ffff ffff  ................
00013ce0: ffff ffff ffff ffff ffff ffff ffff ffff  ................
00013cf0: ffff ffff ffff ffff ffff ffff ffff ffff  ................
00013d00: ffff ffff ffff ffff ffff ffff ffff ffff  ................
00013d10: ffff ffff ffff ffff ffff ffff ffff ffff  ................
00013d20: ffff ffff ffff ffff ffff ffff ffff ffff  ................
00013d30: ffff ffff ffff ffff ffff ffff ffff ffff  ................
00013d40: ffff ffff ffff ffff ffff ffff ffff ffff  ................
00013d50: ffff ffff ffff ffff ffff ffff ffff ffff  ................
00013d60: ffff ffff ffff ffff ffff ffff ffff ffff  ................
00013d70: ffff ffff ffff ffff ffff ffff ffff ffff  ................
00013d80: ffff ffff ffff ffff ffff ffff ffff ffff  ................
00013d90: ffff ffff ffff ffff ffff ffff ffff ffff  ................
00013da0: ffff ffff ffff ffff ffff ffff ffff ffff  ................
00013db0: ffff ffff ffff ffff ffff ffff ffff ffff  ................
00013dc0: ffff ffff ffff ffff ffff ffff ffff ffff  ................
00013dd0: ffff ffff ffff ffff ffff ffff ffff ffff  ................
00013de0: ffff ffff ffff ffff ffff ffff ffff ffff  ................
00013df0: ffff ffff ffff ffff ffff ffff ffff ffff  ................
00013e00: ffff ffff ffff ffff ffff ffff ffff ffff  ................
00013e10: ffff ffff ffff ffff ffff ffff ffff ffff  ................
00013e20: ffff ffff ffff ffff ffff ffff ffff ffff  ................
00013e30: ffff ffff ffff ffff ffff ffff ffff ffff  ................
00013e40: ffff ffff ffff ffff ffff ffff ffff ffff  ................
00013e50: ffff ffff ffff ffff ffff ffff ffff ffff  ................
00013e60: ffff ffff ffff ffff ffff ffff ffff ffff  ................
00013e70: ffff ffff ffff ffff ffff ffff ffff ffff  ................
00013e80: ffff ffff ffff ffff ffff ffff ffff ffff  ................
00013e90: ffff ffff ffff ffff ffff ffff ffff ffff  ................
00013ea0: ffff ffff ffff ffff ffff ffff ffff ffff  ................
00013eb0: ffff ffff ffff ffff ffff ffff ffff ffff  ................
00013ec0: ffff ffff ffff ffff ffff ffff ffff ffff  ................
00013ed0: ffff ffff ffff ffff ffff ffff ffff ffff  ................
00013ee0: ffff ffff ffff ffff ffff ffff ffff ffff  ................
00013ef0: ffff ffff ffff ffff ffff ffff ffff ffff  ................
00013f00: ffff ffff ffff ffff ffff ffff ffff ffff  ................
00013f10: ffff ffff ffff ffff ffff ffff ffff ffff  ................
00013f20: ffff ffff ffff ffff ffff ffff ffff ffff  ................
00013f30: ffff ffff ffff ffff ffff ffff ffff ffff  ................
00013f40: ffff ffff ffff ffff ffff ffff ffff ffff  ................
00013f50: ffff ffff ffff ffff ffff ffff ffff ffff  ................
00013f60: ffff ffff ffff ffff ffff ffff ffff ffff  ................
00013f70: ffff ffff ffff ffff ffff ffff ffff ffff  ................
00013f80: ffff ffff ffff ffff ffff ffff ffff ffff  ................
00013f90: ffff ffff ffff ffff ffff ffff ffff ffff  ................
00013fa0: ffff ffff ffff ffff ffff ffff ffff ffff  ................
00013fb0: ffff ffff ffff ffff ffff ffff ffff ffff  ................
00013fc0: ffff ffff ffff ffff ffff ffff ffff ffff  ................
00013fd0: ffff ffff ffff ffff ffff ffff ffff ffff  ................
00013fe0: ffff ffff ffff ffff ffff ffff ffff ffff  ................
00013ff0: ffff ffff ffff ffff ffff ffff ffff ffff  ................
00014000: ffff ffff ffff ffff ffff ffff ffff ffff  ................
00014010: ffff ffff ffff ffff ffff ffff ffff ffff  ................
00014020: ffff ffff ffff ffff ffff ffff ffff ffff  ................
00014030: ffff ffff ffff ffff ffff ffff ffff ffff  ................
00014040: ffff ffff ffff ffff ffff ffff ffff ffff  ................
00014050: ffff ffff ffff ffff ffff ffff ffff ffff  ................
00014060: ffff ffff ffff ffff ffff ffff ffff ffff  ................
00014070: ffff ffff ffff ffff ffff ffff ffff ffff  ................
00014080: ffff ffff ffff ffff ffff ffff ffff ffff  ................
00014090: ffff ffff ffff ffff ffff ffff ffff ffff  ................
000140a0: ffff ffff ffff ffff ffff ffff ffff ffff  ................
000140b0: ffff ffff ffff ffff ffff ffff ffff ffff  ................
000140c0: ffff ffff ffff ffff ffff ffff ffff ffff  ................
000140d0: ffff ffff ffff ffff ffff ffff ffff ffff  ................
000140e0: ffff ffff ffff ffff ffff ffff ffff ffff  ................
000140f0: ffff ffff ffff ffff ffff ffff ffff ffff  ................
00014100: ffff ffff ffff ffff ffff ffff ffff ffff  ................
00014110: ffff ffff ffff ffff ffff ffff ffff ffff  ................
00014120: ffff ffff ffff ffff ffff ffff ffff ffff  ................
00014130: ffff ffff ffff ffff ffff ffff ffff ffff  ................
00014140: ffff ffff ffff ffff ffff ffff ffff ffff  ................
00014150: ffff ffff ffff ffff ffff ffff ffff ffff  ................
00014160: ffff ffff ffff ffff ffff ffff ffff ffff  ................
00014170: ffff ffff ffff ffff ffff ffff ffff ffff  ................
00014180: ffff ffff ffff ffff ffff ffff ffff ffff  ................
00014190: ffff ffff ffff ffff ffff ffff ffff ffff  ................
000141a0: ffff ffff ffff ffff ffff ffff ffff ffff  ................
000141b0: ffff ffff ffff ffff ffff ffff ffff ffff  ................
000141c0: ffff ffff ffff ffff ffff ffff ffff ffff  ................
000141d0: ffff ffff ffff ffff ffff ffff ffff ffff  ................
000141e0: ffff ffff ffff ffff ffff ffff ffff ffff  ................
000141f0: ffff ffff ffff ffff ffff ffff ffff ffff  ................
00014200: ffff ffff ffff ffff ffff ffff ffff ffff  ................
00014210: ffff ffff ffff ffff ffff ffff ffff ffff  ................
00014220: ffff ffff ffff ffff ffff ffff ffff ffff  ................
00014230: ffff ffff ffff ffff ffff ffff ffff ffff  ................
00014240: ffff ffff ffff ffff ffff ffff ffff ffff  ................
00014250: ffff ffff ffff ffff ffff ffff ffff ffff  ................
00014260: ffff ffff ffff ffff ffff ffff ffff ffff  ................
00014270: ffff ffff ffff ffff ffff ffff ffff ffff  ................
00014280: ffff ffff ffff ffff ffff ffff ffff ffff  ................
00014290: ffff ffff ffff ffff ffff ffff ffff ffff  ................
000142a0: ffff ffff ffff ffff ffff ffff ffff ffff  ................
000142b0: ffff ffff ffff ffff ffff ffff ffff ffff  ................
000142c0: ffff ffff ffff ffff ffff ffff ffff ffff  ................
000142d0: ffff ffff ffff ffff ffff ffff ffff ffff  ................
000142e0: ffff ffff ffff ffff ffff ffff ffff ffff  ................
000142f0: ffff ffff ffff ffff ffff ffff ffff ffff  ................
00014300: ffff ffff ffff ffff ffff ffff ffff ffff  ................
00014310: ffff ffff ffff ffff ffff ffff ffff ffff  ................
00014320: ffff ffff ffff ffff ffff ffff ffff ffff  ................
00014330: ffff ffff ffff ffff ffff ffff ffff ffff  ................
00014340: ffff ffff ffff ffff ffff ffff ffff ffff  ................
00014350: ffff ffff ffff ffff ffff ffff ffff ffff  ................
00014360: ffff ffff ffff ffff ffff ffff ffff ffff  ................
00014370: ffff ffff ffff ffff ffff ffff ffff ffff  ................
00014380: ffff ffff ffff ffff ffff ffff ffff ffff  ................
00014390: ffff ffff ffff ffff ffff ffff ffff ffff  ................
000143a0: ffff ffff ffff ffff ffff ffff ffff ffff  ................
000143b0: ffff ffff ffff ffff ffff ffff ffff ffff  ................
000143c0: ffff ffff ffff ffff ffff ffff ffff ffff  ................
000143d0: ffff ffff ffff ffff ffff ffff ffff ffff  ................
000143e0: ffff ffff ffff ffff ffff ffff ffff ffff  ................
000143f0: ffff ffff ffff ffff ffff ffff ffff ffff  ................
00014400: ffff ffff ffff ffff ffff ffff ffff ffff  ................
00014410: ffff ffff ffff ffff ffff ffff ffff ffff  ................
00014420: ffff ffff ffff ffff ffff ffff ffff ffff  ................
00014430: ffff ffff ffff ffff ffff ffff ffff ffff  ................
00014440: ffff ffff ffff ffff ffff ffff ffff ffff  ................
00014450: ffff ffff ffff ffff ffff ffff ffff ffff  ................
00014460: ffff ffff ffff ffff ffff ffff ffff ffff  ................
00014470: ffff ffff ffff ffff ffff ffff ffff ffff  ................
00014480: ffff ffff ffff ffff ffff ffff ffff ffff  ................
00014490: ffff ffff ffff ffff ffff ffff ffff ffff  ................
000144a0: ffff ffff ffff ffff ffff ffff ffff ffff  ................
000144b0: ffff ffff ffff ffff ffff ffff ffff ffff  ................
000144c0: ffff ffff ffff ffff ffff ffff ffff ffff  ................
000144d0: ffff ffff ffff ffff ffff ffff ffff ffff  ................
000144e0: ffff ffff ffff ffff ffff ffff ffff ffff  ................
000144f0: ffff ffff ffff ffff ffff ffff ffff ffff  ................
00014500: ffff ffff ffff ffff ffff ffff ffff ffff  ................
00014510: ffff ffff ffff ffff ffff ffff ffff ffff  ................
00014520: ffff ffff ffff ffff ffff ffff ffff ffff  ................
00014530: ffff ffff ffff ffff ffff ffff ffff ffff  ................
00014540: ffff ffff ffff ffff ffff ffff ffff ffff  ................
00014550: ffff ffff ffff ffff ffff ffff ffff ffff  ................
00014560: ffff ffff ffff ffff ffff ffff ffff ffff  ................
00014570: ffff ffff ffff ffff ffff ffff ffff ffff  ................
00014580: ffff ffff ffff ffff ffff ffff ffff ffff  ................
00014590: ffff ffff ffff ffff ffff ffff ffff ffff  ................
000145a0: ffff ffff ffff ffff ffff ffff ffff ffff  ................
000145b0: ffff ffff ffff ffff ffff ffff ffff ffff  ................
000145c0: ffff ffff ffff ffff ffff ffff ffff ffff  ................
000145d0: ffff ffff ffff ffff ffff ffff ffff ffff  ................
000145e0: ffff ffff ffff ffff ffff ffff ffff ffff  ................
000145f0: ffff ffff ffff ffff ffff ffff ffff ffff  ................
00014600: ffff ffff ffff ffff ffff ffff ffff ffff  ................
00014610: ffff ffff ffff ffff ffff ffff ffff ffff  ................
00014620: ffff ffff ffff ffff ffff ffff ffff ffff  ................
00014630: ffff ffff ffff ffff ffff ffff ffff ffff  ................
00014640: ffff ffff ffff ffff ffff ffff ffff ffff  ................
00014650: ffff ffff ffff ffff ffff ffff ffff ffff  ................
00014660: ffff ffff ffff ffff ffff ffff ffff ffff  ................
00014670: ffff ffff ffff ffff ffff ffff ffff ffff  ................
00014680: ffff ffff ffff ffff ffff ffff ffff ffff  ................
00014690: ffff ffff ffff ffff ffff ffff ffff ffff  ................
000146a0: ffff ffff ffff ffff ffff ffff ffff ffff  ................
000146b0: ffff ffff ffff ffff ffff ffff ffff ffff  ................
000146c0: ffff ffff ffff ffff ffff ffff ffff ffff  ................
000146d0: ffff ffff ffff ffff ffff ffff ffff ffff  ................
000146e0: ffff ffff ffff ffff ffff ffff ffff ffff  ................
000146f0: ffff ffff ffff ffff ffff ffff ffff ffff  ................
00014700: ffff ffff ffff ffff ffff ffff ffff ffff  ................
00014710: ffff ffff ffff ffff ffff ffff ffff ffff  ................
00014720: ffff ffff ffff ffff ffff ffff ffff ffff  ................
00014730: ffff ffff ffff ffff ffff ffff ffff ffff  ................
00014740: ffff ffff ffff ffff ffff ffff ffff ffff  ................
00014750: ffff ffff ffff ffff ffff ffff ffff ffff  ................
00014760: ffff ffff ffff ffff ffff ffff ffff ffff  ................
00014770: ffff ffff ffff ffff ffff ffff ffff ffff  ................
00014780: ffff ffff ffff ffff ffff ffff ffff ffff  ................
00014790: ffff ffff ffff ffff ffff ffff ffff ffff  ................
000147a0: ffff ffff ffff ffff ffff ffff ffff ffff  ................
000147b0: ffff ffff ffff ffff ffff ffff ffff ffff  ................
000147c0: ffff ffff ffff ffff ffff ffff ffff ffff  ................
000147d0: ffff ffff ffff ffff ffff ffff ffff ffff  ................
000147e0: ffff ffff ffff ffff ffff ffff ffff ffff  ................
000147f0: ffff ffff ffff ffff ffff ffff ffff ffff  ................
00014800: ffff ffff ffff ffff ffff ffff ffff ffff  ................
00014810: ffff ffff ffff ffff ffff ffff ffff ffff  ................
00014820: ffff ffff ffff ffff ffff ffff ffff ffff  ................
00014830: ffff ffff ffff ffff ffff ffff ffff ffff  ................
00014840: ffff ffff ffff ffff ffff ffff ffff ffff  ................
00014850: ffff ffff ffff ffff ffff ffff ffff ffff  ................
00014860: ffff ffff ffff ffff ffff ffff ffff ffff  ................
00014870: ffff ffff ffff ffff ffff ffff ffff ffff  ................
00014880: ffff ffff ffff ffff ffff ffff ffff ffff  ................
00014890: ffff ffff ffff ffff ffff ffff ffff ffff  ................
000148a0: ffff ffff ffff ffff ffff ffff ffff ffff  ................
000148b0: ffff ffff ffff ffff ffff ffff ffff ffff  ................
000148c0: ffff ffff ffff ffff ffff ffff ffff ffff  ................
000148d0: ffff ffff ffff ffff ffff ffff ffff ffff  ................
000148e0: ffff ffff ffff ffff ffff ffff ffff ffff  ................
000148f0: ffff ffff ffff ffff ffff ffff ffff ffff  ................
00014900: ffff ffff ffff ffff ffff ffff ffff ffff  ................
00014910: ffff ffff ffff ffff ffff ffff ffff ffff  ................
00014920: ffff ffff ffff ffff ffff ffff ffff ffff  ................
00014930: ffff ffff ffff ffff ffff ffff ffff ffff  ................
00014940: ffff ffff ffff ffff ffff ffff ffff ffff  ................
00014950: ffff ffff ffff ffff ffff ffff ffff ffff  ................
00014960: ffff ffff ffff ffff ffff ffff ffff ffff  ................
00014970: ffff ffff ffff ffff ffff ffff ffff ffff  ................
00014980: ffff ffff ffff ffff ffff ffff ffff ffff  ................
00014990: ffff ffff ffff ffff ffff ffff ffff ffff  ................
000149a0: ffff ffff ffff ffff ffff ffff ffff ffff  ................
000149b0: ffff ffff ffff ffff ffff ffff ffff ffff  ................
000149c0: ffff ffff ffff ffff ffff ffff ffff ffff  ................
000149d0: ffff ffff ffff ffff ffff ffff ffff ffff  ................
000149e0: ffff ffff ffff ffff ffff ffff ffff ffff  ................
000149f0: ffff ffff ffff ffff ffff ffff ffff ffff  ................
00014a00: ffff ffff ffff ffff ffff ffff ffff ffff  ................
00014a10: ffff ffff ffff ffff ffff ffff ffff ffff  ................
00014a20: ffff ffff ffff ffff ffff ffff ffff ffff  ................
00014a30: ffff ffff ffff ffff ffff ffff ffff ffff  ................
00014a40: ffff ffff ffff ffff ffff ffff ffff ffff  ................
00014a50: ffff ffff ffff ffff ffff ffff ffff ffff  ................
00014a60: ffff ffff ffff ffff ffff ffff ffff ffff  ................
00014a70: ffff ffff ffff ffff ffff ffff ffff ffff  ................
00014a80: ffff ffff ffff ffff ffff ffff ffff ffff  ................
00014a90: ffff ffff ffff ffff ffff ffff ffff ffff  ................
00014aa0: ffff ffff ffff ffff ffff ffff ffff ffff  ................
00014ab0: ffff ffff ffff ffff ffff ffff ffff ffff  ................
00014ac0: ffff ffff ffff ffff ffff ffff ffff ffff  ................
00014ad0: ffff ffff ffff ffff ffff ffff ffff ffff  ................
00014ae0: ffff ffff ffff ffff ffff ffff ffff ffff  ................
00014af0: ffff ffff ffff ffff ffff ffff ffff ffff  ................
00014b00: ffff ffff ffff ffff ffff ffff ffff ffff  ................
00014b10: ffff ffff ffff ffff ffff ffff ffff ffff  ................
00014b20: ffff ffff ffff ffff ffff ffff ffff ffff  ................
00014b30: ffff ffff ffff ffff ffff ffff ffff ffff  ................
00014b40: ffff ffff ffff ffff ffff ffff ffff ffff  ................
00014b50: ffff ffff ffff ffff ffff ffff ffff ffff  ................
00014b60: ffff ffff ffff ffff ffff ffff ffff ffff  ................
00014b70: ffff ffff ffff ffff ffff ffff ffff ffff  ................
00014b80: ffff ffff ffff ffff ffff ffff ffff ffff  ................
00014b90: ffff ffff ffff ffff ffff ffff ffff ffff  ................
00014ba0: ffff ffff ffff ffff ffff ffff ffff ffff  ................
00014bb0: ffff ffff ffff ffff ffff ffff ffff ffff  ................
00014bc0: ffff ffff ffff ffff ffff ffff ffff ffff  ................
00014bd0: ffff ffff ffff ffff ffff ffff ffff ffff  ................
00014be0: ffff ffff ffff ffff ffff ffff ffff ffff  ................
00014bf0: ffff ffff ffff ffff ffff ffff ffff ffff  ................
00014c00: ffff ffff ffff ffff ffff ffff ffff ffff  ................
00014c10: ffff ffff ffff ffff ffff ffff ffff ffff  ................
00014c20: ffff ffff ffff ffff ffff ffff ffff ffff  ................
00014c30: ffff ffff ffff ffff ffff ffff ffff ffff  ................
00014c40: ffff ffff ffff ffff ffff ffff ffff ffff  ................
00014c50: ffff ffff ffff ffff ffff ffff ffff ffff  ................
00014c60: ffff ffff ffff ffff ffff ffff ffff ffff  ................
00014c70: ffff ffff ffff ffff ffff ffff ffff ffff  ................
00014c80: ffff ffff ffff ffff ffff ffff ffff ffff  ................
00014c90: ffff ffff ffff ffff ffff ffff ffff ffff  ................
00014ca0: ffff ffff ffff ffff ffff ffff ffff ffff  ................
00014cb0: ffff ffff ffff ffff ffff ffff ffff ffff  ................
00014cc0: ffff ffff ffff ffff ffff ffff ffff ffff  ................
00014cd0: ffff ffff ffff ffff ffff ffff ffff ffff  ................
00014ce0: ffff ffff ffff ffff ffff ffff ffff ffff  ................
00014cf0: ffff ffff ffff ffff ffff ffff ffff ffff  ................
00014d00: ffff ffff ffff ffff ffff ffff ffff ffff  ................
00014d10: ffff ffff ffff ffff ffff ffff ffff ffff  ................
00014d20: ffff ffff ffff ffff ffff ffff ffff ffff  ................
00014d30: ffff ffff ffff ffff ffff ffff ffff ffff  ................
00014d40: ffff ffff ffff ffff ffff ffff ffff ffff  ................
00014d50: ffff ffff ffff ffff ffff ffff ffff ffff  ................
00014d60: ffff ffff ffff ffff ffff ffff ffff ffff  ................
00014d70: ffff ffff ffff ffff ffff ffff ffff ffff  ................
00014d80: ffff ffff ffff ffff ffff ffff ffff ffff  ................
00014d90: ffff ffff ffff ffff ffff ffff ffff ffff  ................
00014da0: ffff ffff ffff ffff ffff ffff ffff ffff  ................
00014db0: ffff ffff ffff ffff ffff ffff ffff ffff  ................
00014dc0: ffff ffff ffff ffff ffff ffff ffff ffff  ................
00014dd0: ffff ffff ffff ffff ffff ffff ffff ffff  ................
00014de0: ffff ffff ffff ffff ffff ffff ffff ffff  ................
00014df0: ffff ffff ffff ffff ffff ffff ffff ffff  ................
00014e00: ffff ffff ffff ffff ffff ffff ffff ffff  ................
00014e10: ffff ffff ffff ffff ffff ffff ffff ffff  ................
00014e20: ffff ffff ffff ffff ffff ffff ffff ffff  ................
00014e30: ffff ffff ffff ffff ffff ffff ffff ffff  ................
00014e40: ffff ffff ffff ffff ffff ffff ffff ffff  ................
00014e50: ffff ffff ffff ffff ffff ffff ffff ffff  ................
00014e60: ffff ffff ffff ffff ffff ffff ffff ffff  ................
00014e70: ffff ffff ffff ffff ffff ffff ffff ffff  ................
00014e80: ffff ffff ffff ffff ffff ffff ffff ffff  ................
00014e90: ffff ffff ffff ffff ffff ffff ffff ffff  ................
00014ea0: ffff ffff ffff ffff ffff ffff ffff ffff  ................
00014eb0: ffff ffff ffff ffff ffff ffff ffff ffff  ................
00014ec0: ffff ffff ffff ffff ffff ffff ffff ffff  ................
00014ed0: ffff ffff ffff ffff ffff ffff ffff ffff  ................
00014ee0: ffff ffff ffff ffff ffff ffff ffff ffff  ................
00014ef0: ffff ffff ffff ffff ffff ffff ffff ffff  ................
00014f00: ffff ffff ffff ffff ffff ffff ffff ffff  ................
00014f10: ffff ffff ffff ffff ffff ffff ffff ffff  ................
00014f20: ffff ffff ffff ffff ffff ffff ffff ffff  ................
00014f30: ffff ffff ffff ffff ffff ffff ffff ffff  ................
00014f40: ffff ffff ffff ffff ffff ffff ffff ffff  ................
00014f50: ffff ffff ffff ffff ffff ffff ffff ffff  ................
00014f60: ffff ffff ffff ffff ffff ffff ffff ffff  ................
00014f70: ffff ffff ffff ffff ffff ffff ffff ffff  ................
00014f80: ffff ffff ffff ffff ffff ffff ffff ffff  ................
00014f90: ffff ffff ffff ffff ffff ffff ffff ffff  ................
00014fa0: ffff ffff ffff ffff ffff ffff ffff ffff  ................
00014fb0: ffff ffff ffff ffff ffff ffff ffff ffff  ................
00014fc0: ffff ffff ffff ffff ffff ffff ffff ffff  ................
00014fd0: ffff ffff ffff ffff ffff ffff ffff ffff  ................
00014fe0: ffff ffff ffff ffff ffff ffff ffff ffff  ................
00014ff0: ffff ffff ffff ffff ffff ffff ffff ffff  ................
00015000: ffff ffff ffff ffff ffff ffff ffff ffff  ................
00015010: ffff ffff ffff ffff ffff ffff ffff ffff  ................
00015020: ffff ffff ffff ffff ffff ffff ffff ffff  ................
00015030: ffff ffff ffff ffff ffff ffff ffff ffff  ................
00015040: ffff ffff ffff ffff ffff ffff ffff ffff  ................
00015050: ffff ffff ffff ffff ffff ffff ffff ffff  ................
00015060: ffff ffff ffff ffff ffff ffff ffff ffff  ................
00015070: ffff ffff ffff ffff ffff ffff ffff ffff  ................
00015080: ffff ffff ffff ffff ffff ffff ffff ffff  ................
00015090: ffff ffff ffff ffff ffff ffff ffff ffff  ................
000150a0: ffff ffff ffff ffff ffff ffff ffff ffff  ................
000150b0: ffff ffff ffff ffff ffff ffff ffff ffff  ................
000150c0: ffff ffff ffff ffff ffff ffff ffff ffff  ................
000150d0: ffff ffff ffff ffff ffff ffff ffff ffff  ................
000150e0: ffff ffff ffff ffff ffff ffff ffff ffff  ................
000150f0: ffff ffff ffff ffff ffff ffff ffff ffff  ................
00015100: ffff ffff ffff ffff ffff ffff ffff ffff  ................
00015110: ffff ffff ffff ffff ffff ffff ffff ffff  ................
00015120: ffff ffff ffff ffff ffff ffff ffff ffff  ................
00015130: ffff ffff ffff ffff ffff ffff ffff ffff  ................
00015140: ffff ffff ffff ffff ffff ffff ffff ffff  ................
00015150: ffff ffff ffff ffff ffff ffff ffff ffff  ................
00015160: ffff ffff ffff ffff ffff ffff ffff ffff  ................
00015170: ffff ffff ffff ffff ffff ffff ffff ffff  ................
00015180: ffff ffff ffff ffff ffff ffff ffff ffff  ................
00015190: ffff ffff ffff ffff ffff ffff ffff ffff  ................
000151a0: ffff ffff ffff ffff ffff ffff ffff ffff  ................
000151b0: ffff ffff ffff ffff ffff ffff ffff ffff  ................
000151c0: ffff ffff ffff ffff ffff ffff ffff ffff  ................
000151d0: ffff ffff ffff ffff ffff ffff ffff ffff  ................
000151e0: ffff ffff ffff ffff ffff ffff ffff ffff  ................
000151f0: ffff ffff ffff ffff ffff ffff ffff ffff  ................
00015200: ffff ffff ffff ffff ffff ffff ffff ffff  ................
00015210: ffff ffff ffff ffff ffff ffff ffff ffff  ................
00015220: ffff ffff ffff ffff ffff ffff ffff ffff  ................
00015230: ffff ffff ffff ffff ffff ffff ffff ffff  ................
00015240: ffff ffff ffff ffff ffff ffff ffff ffff  ................
00015250: ffff ffff ffff ffff ffff ffff ffff ffff  ................
00015260: ffff ffff ffff ffff ffff ffff ffff ffff  ................
00015270: ffff ffff ffff ffff ffff ffff ffff ffff  ................
00015280: ffff ffff ffff ffff ffff ffff ffff ffff  ................
00015290: ffff ffff ffff ffff ffff ffff ffff ffff  ................
000152a0: ffff ffff ffff ffff ffff ffff ffff ffff  ................
000152b0: ffff ffff ffff ffff ffff ffff ffff ffff  ................
000152c0: ffff ffff ffff ffff ffff ffff ffff ffff  ................
000152d0: ffff ffff ffff ffff ffff ffff ffff ffff  ................
000152e0: ffff ffff ffff ffff ffff ffff ffff ffff  ................
000152f0: ffff ffff ffff ffff ffff ffff ffff ffff  ................
00015300: ffff ffff ffff ffff ffff ffff ffff ffff  ................
00015310: ffff ffff ffff ffff ffff ffff ffff ffff  ................
00015320: ffff ffff ffff ffff ffff ffff ffff ffff  ................
00015330: ffff ffff ffff ffff ffff ffff ffff ffff  ................
00015340: ffff ffff ffff ffff ffff ffff ffff ffff  ................
00015350: ffff ffff ffff ffff ffff ffff ffff ffff  ................
00015360: ffff ffff ffff ffff ffff ffff ffff ffff  ................
00015370: ffff ffff ffff ffff ffff ffff ffff ffff  ................
00015380: ffff ffff ffff ffff ffff ffff ffff ffff  ................
00015390: ffff ffff ffff ffff ffff ffff ffff ffff  ................
000153a0: ffff ffff ffff ffff ffff ffff ffff ffff  ................
000153b0: ffff ffff ffff ffff ffff ffff ffff ffff  ................
000153c0: ffff ffff ffff ffff ffff ffff ffff ffff  ................
000153d0: ffff ffff ffff ffff ffff ffff ffff ffff  ................
000153e0: ffff ffff ffff ffff ffff ffff ffff ffff  ................
000153f0: ffff ffff ffff ffff ffff ffff ffff ffff  ................
00015400: ffff ffff ffff ffff ffff ffff ffff ffff  ................
00015410: ffff ffff ffff ffff ffff ffff ffff ffff  ................
00015420: ffff ffff ffff ffff ffff ffff ffff ffff  ................
00015430: ffff ffff ffff ffff ffff ffff ffff ffff  ................
00015440: ffff ffff ffff ffff ffff ffff ffff ffff  ................
00015450: ffff ffff ffff ffff ffff ffff ffff ffff  ................
00015460: ffff ffff ffff ffff ffff ffff ffff ffff  ................
00015470: ffff ffff ffff ffff ffff ffff ffff ffff  ................
00015480: ffff ffff ffff ffff ffff ffff ffff ffff  ................
00015490: ffff ffff ffff ffff ffff ffff ffff ffff  ................
000154a0: ffff ffff ffff ffff ffff ffff ffff ffff  ................
000154b0: ffff ffff ffff ffff ffff ffff ffff ffff  ................
000154c0: ffff ffff ffff ffff ffff ffff ffff ffff  ................
000154d0: ffff ffff ffff ffff ffff ffff ffff ffff  ................
000154e0: ffff ffff ffff ffff ffff ffff ffff ffff  ................
000154f0: ffff ffff ffff ffff ffff ffff ffff ffff  ................
00015500: ffff ffff ffff ffff ffff ffff ffff ffff  ................
00015510: ffff ffff ffff ffff ffff ffff ffff ffff  ................
00015520: ffff ffff ffff ffff ffff ffff ffff ffff  ................
00015530: ffff ffff ffff ffff ffff ffff ffff ffff  ................
00015540: ffff ffff ffff ffff ffff ffff ffff ffff  ................
00015550: ffff ffff ffff ffff ffff ffff ffff ffff  ................
00015560: ffff ffff ffff ffff ffff ffff ffff ffff  ................
00015570: ffff ffff ffff ffff ffff ffff ffff ffff  ................
00015580: ffff ffff ffff ffff ffff ffff ffff ffff  ................
00015590: ffff ffff ffff ffff ffff ffff ffff ffff  ................
000155a0: ffff ffff ffff ffff ffff ffff ffff ffff  ................
000155b0: ffff ffff ffff ffff ffff ffff ffff ffff  ................
000155c0: ffff ffff ffff ffff ffff ffff ffff ffff  ................
000155d0: ffff ffff ffff ffff ffff ffff ffff ffff  ................
000155e0: ffff ffff ffff ffff ffff ffff ffff ffff  ................
000155f0: ffff ffff ffff ffff ffff ffff ffff ffff  ................
00015600: ffff ffff ffff ffff ffff ffff ffff ffff  ................
00015610: ffff ffff ffff ffff ffff ffff ffff ffff  ................
00015620: ffff ffff ffff ffff ffff ffff ffff ffff  ................
00015630: ffff ffff ffff ffff ffff ffff ffff ffff  ................
00015640: ffff ffff ffff ffff ffff ffff ffff ffff  ................
00015650: ffff ffff ffff ffff ffff ffff ffff ffff  ................
00015660: ffff ffff ffff ffff ffff ffff ffff ffff  ................
00015670: ffff ffff ffff ffff ffff ffff ffff ffff  ................
00015680: ffff ffff ffff ffff ffff ffff ffff ffff  ................
00015690: ffff ffff ffff ffff ffff ffff ffff ffff  ................
000156a0: ffff ffff ffff ffff ffff ffff ffff ffff  ................
000156b0: ffff ffff ffff ffff ffff ffff ffff ffff  ................
000156c0: ffff ffff ffff ffff ffff ffff ffff ffff  ................
000156d0: ffff ffff ffff ffff ffff ffff ffff ffff  ................
000156e0: ffff ffff ffff ffff ffff ffff ffff ffff  ................
000156f0: ffff ffff ffff ffff ffff ffff ffff ffff  ................
00015700: ffff ffff ffff ffff ffff ffff ffff ffff  ................
00015710: ffff ffff ffff ffff ffff ffff ffff ffff  ................
00015720: ffff ffff ffff ffff ffff ffff ffff ffff  ................
00015730: ffff ffff ffff ffff ffff ffff ffff ffff  ................
00015740: ffff ffff ffff ffff ffff ffff ffff ffff  ................
00015750: ffff ffff ffff ffff ffff ffff ffff ffff  ................
00015760: ffff ffff ffff ffff ffff ffff ffff ffff  ................
00015770: ffff ffff ffff ffff ffff ffff ffff ffff  ................
00015780: ffff ffff ffff ffff ffff ffff ffff ffff  ................
00015790: ffff ffff ffff ffff ffff ffff ffff ffff  ................
000157a0: ffff ffff ffff ffff ffff ffff ffff ffff  ................
000157b0: ffff ffff ffff ffff ffff ffff ffff ffff  ................
000157c0: ffff ffff ffff ffff ffff ffff ffff ffff  ................
000157d0: ffff ffff ffff ffff ffff ffff ffff ffff  ................
000157e0: ffff ffff ffff ffff ffff ffff ffff ffff  ................
000157f0: ffff ffff ffff ffff ffff ffff ffff ffff  ................
00015800: ffff ffff ffff ffff ffff ffff ffff ffff  ................
00015810: ffff ffff ffff ffff ffff ffff ffff ffff  ................
00015820: ffff ffff ffff ffff ffff ffff ffff ffff  ................
00015830: ffff ffff ffff ffff ffff ffff ffff ffff  ................
00015840: ffff ffff ffff ffff ffff ffff ffff ffff  ................
00015850: ffff ffff ffff ffff ffff ffff ffff ffff  ................
00015860: ffff ffff ffff ffff ffff ffff ffff ffff  ................
00015870: ffff ffff ffff ffff ffff ffff ffff ffff  ................
00015880: ffff ffff ffff ffff ffff ffff ffff ffff  ................
00015890: ffff ffff ffff ffff ffff ffff ffff ffff  ................
000158a0: ffff ffff ffff ffff ffff ffff ffff ffff  ................
000158b0: ffff ffff ffff ffff ffff ffff ffff ffff  ................
000158c0: ffff ffff ffff ffff ffff ffff ffff ffff  ................
000158d0: ffff ffff ffff ffff ffff ffff ffff ffff  ................
000158e0: ffff ffff ffff ffff ffff ffff ffff ffff  ................
000158f0: ffff ffff ffff ffff ffff ffff ffff ffff  ................
00015900: ffff ffff ffff ffff ffff ffff ffff ffff  ................
00015910: ffff ffff ffff ffff ffff ffff ffff ffff  ................
00015920: ffff ffff ffff ffff ffff ffff ffff ffff  ................
00015930: ffff ffff ffff ffff ffff ffff ffff ffff  ................
00015940: ffff ffff ffff ffff ffff ffff ffff ffff  ................
00015950: ffff ffff ffff ffff ffff ffff ffff ffff  ................
00015960: ffff ffff ffff ffff ffff ffff ffff ffff  ................
00015970: ffff ffff ffff ffff ffff ffff ffff ffff  ................
00015980: ffff ffff ffff ffff ffff ffff ffff ffff  ................
00015990: ffff ffff ffff ffff ffff ffff ffff ffff  ................
000159a0: ffff ffff ffff ffff ffff ffff ffff ffff  ................
000159b0: ffff ffff ffff ffff ffff ffff ffff ffff  ................
000159c0: ffff ffff ffff ffff ffff ffff ffff ffff  ................
000159d0: ffff ffff ffff ffff ffff ffff ffff ffff  ................
000159e0: ffff ffff ffff ffff ffff ffff ffff ffff  ................
000159f0: ffff ffff ffff ffff ffff ffff ffff ffff  ................
00015a00: ffff ffff ffff ffff ffff ffff ffff ffff  ................
00015a10: ffff ffff ffff ffff ffff ffff ffff ffff  ................
00015a20: ffff ffff ffff ffff ffff ffff ffff ffff  ................
00015a30: ffff ffff ffff ffff ffff ffff ffff ffff  ................
00015a40: ffff ffff ffff ffff ffff ffff ffff ffff  ................
00015a50: ffff ffff ffff ffff ffff ffff ffff ffff  ................
00015a60: ffff ffff ffff ffff ffff ffff ffff ffff  ................
00015a70: ffff ffff ffff ffff ffff ffff ffff ffff  ................
00015a80: ffff ffff ffff ffff ffff ffff ffff ffff  ................
00015a90: ffff ffff ffff ffff ffff ffff ffff ffff  ................
00015aa0: ffff ffff ffff ffff ffff ffff ffff ffff  ................
00015ab0: ffff ffff ffff ffff ffff ffff ffff ffff  ................
00015ac0: ffff ffff ffff ffff ffff ffff ffff ffff  ................
00015ad0: ffff ffff ffff ffff ffff ffff ffff ffff  ................
00015ae0: ffff ffff ffff ffff ffff ffff ffff ffff  ................
00015af0: ffff ffff ffff ffff ffff ffff ffff ffff  ................
00015b00: ffff ffff ffff ffff ffff ffff ffff ffff  ................
00015b10: ffff ffff ffff ffff ffff ffff ffff ffff  ................
00015b20: ffff ffff ffff ffff ffff ffff ffff ffff  ................
00015b30: ffff ffff ffff ffff ffff ffff ffff ffff  ................
00015b40: ffff ffff ffff ffff ffff ffff ffff ffff  ................
00015b50: ffff ffff ffff ffff ffff ffff ffff ffff  ................
00015b60: ffff ffff ffff ffff ffff ffff ffff ffff  ................
00015b70: ffff ffff ffff ffff ffff ffff ffff ffff  ................
00015b80: ffff ffff ffff ffff ffff ffff ffff ffff  ................
00015b90: ffff ffff ffff ffff ffff ffff ffff ffff  ................
00015ba0: ffff ffff ffff ffff ffff ffff ffff ffff  ................
00015bb0: ffff ffff ffff ffff ffff ffff ffff ffff  ................
00015bc0: ffff ffff ffff ffff ffff ffff ffff ffff  ................
00015bd0: ffff ffff ffff ffff ffff ffff ffff ffff  ................
00015be0: ffff ffff ffff ffff ffff ffff ffff ffff  ................
00015bf0: ffff ffff ffff ffff ffff ffff ffff ffff  ................
00015c00: ffff ffff ffff ffff ffff ffff ffff ffff  ................
00015c10: ffff ffff ffff ffff ffff ffff ffff ffff  ................
00015c20: ffff ffff ffff ffff ffff ffff ffff ffff  ................
00015c30: ffff ffff ffff ffff ffff ffff ffff ffff  ................
00015c40: ffff ffff ffff ffff ffff ffff ffff ffff  ................
00015c50: ffff ffff ffff ffff ffff ffff ffff ffff  ................
00015c60: ffff ffff ffff ffff ffff ffff ffff ffff  ................
00015c70: ffff ffff ffff ffff ffff ffff ffff ffff  ................
00015c80: ffff ffff ffff ffff ffff ffff ffff ffff  ................
00015c90: ffff ffff ffff ffff ffff ffff ffff ffff  ................
00015ca0: ffff ffff ffff ffff ffff ffff ffff ffff  ................
00015cb0: ffff ffff ffff ffff ffff ffff ffff ffff  ................
00015cc0: ffff ffff ffff ffff ffff ffff ffff ffff  ................
00015cd0: ffff ffff ffff ffff ffff ffff ffff ffff  ................
00015ce0: ffff ffff ffff ffff ffff ffff ffff ffff  ................
00015cf0: ffff ffff ffff ffff ffff ffff ffff ffff  ................
00015d00: ffff ffff ffff ffff ffff ffff ffff ffff  ................
00015d10: ffff ffff ffff ffff ffff ffff ffff ffff  ................
00015d20: ffff ffff ffff ffff ffff ffff ffff ffff  ................
00015d30: ffff ffff ffff ffff ffff ffff ffff ffff  ................
00015d40: ffff ffff ffff ffff ffff ffff ffff ffff  ................
00015d50: ffff ffff ffff ffff ffff ffff ffff ffff  ................
00015d60: ffff ffff ffff ffff ffff ffff ffff ffff  ................
00015d70: ffff ffff ffff ffff ffff ffff ffff ffff  ................
00015d80: ffff ffff ffff ffff ffff ffff ffff ffff  ................
00015d90: ffff ffff ffff ffff ffff ffff ffff ffff  ................
00015da0: ffff ffff ffff ffff ffff ffff ffff ffff  ................
00015db0: ffff ffff ffff ffff ffff ffff ffff ffff  ................
00015dc0: ffff ffff ffff ffff ffff ffff ffff ffff  ................
00015dd0: ffff ffff ffff ffff ffff ffff ffff ffff  ................
00015de0: ffff ffff ffff ffff ffff ffff ffff ffff  ................
00015df0: ffff ffff ffff ffff ffff ffff ffff ffff  ................
00015e00: ffff ffff ffff ffff ffff ffff ffff ffff  ................
00015e10: ffff ffff ffff ffff ffff ffff ffff ffff  ................
00015e20: ffff ffff ffff ffff ffff ffff ffff ffff  ................
00015e30: ffff ffff ffff ffff ffff ffff ffff ffff  ................
00015e40: ffff ffff ffff ffff ffff ffff ffff ffff  ................
00015e50: ffff ffff ffff ffff ffff ffff ffff ffff  ................
00015e60: ffff ffff ffff ffff ffff ffff ffff ffff  ................
00015e70: ffff ffff ffff ffff ffff ffff ffff ffff  ................
00015e80: ffff ffff ffff ffff ffff ffff ffff ffff  ................
00015e90: ffff ffff ffff ffff ffff ffff ffff ffff  ................
00015ea0: ffff ffff ffff ffff ffff ffff ffff ffff  ................
00015eb0: ffff ffff ffff ffff ffff ffff ffff ffff  ................
00015ec0: ffff ffff ffff ffff ffff ffff ffff ffff  ................
00015ed0: ffff ffff ffff ffff ffff ffff ffff ffff  ................
00015ee0: ffff ffff ffff ffff ffff ffff ffff ffff  ................
00015ef0: ffff ffff ffff ffff ffff ffff ffff ffff  ................
00015f00: ffff ffff ffff ffff ffff ffff ffff ffff  ................
00015f10: ffff ffff ffff ffff ffff ffff ffff ffff  ................
00015f20: ffff ffff ffff ffff ffff ffff ffff ffff  ................
00015f30: ffff ffff ffff ffff ffff ffff ffff ffff  ................
00015f40: ffff ffff ffff ffff ffff ffff ffff ffff  ................
00015f50: ffff ffff ffff ffff ffff ffff ffff ffff  ................
00015f60: ffff ffff ffff ffff ffff ffff ffff ffff  ................
00015f70: ffff ffff ffff ffff ffff ffff ffff ffff  ................
00015f80: ffff ffff ffff ffff ffff ffff ffff ffff  ................
00015f90: ffff ffff ffff ffff ffff ffff ffff ffff  ................
00015fa0: ffff ffff ffff ffff ffff ffff ffff ffff  ................
00015fb0: ffff ffff ffff ffff ffff ffff ffff ffff  ................
00015fc0: ffff ffff ffff ffff ffff ffff ffff ffff  ................
00015fd0: ffff ffff ffff ffff ffff ffff ffff ffff  ................
00015fe0: ffff ffff ffff ffff ffff ffff ffff ffff  ................
00015ff0: ffff ffff ffff ffff ffff ffff ffff ffff  ................
00016000: ffff ffff ffff ffff ffff ffff ffff ffff  ................
00016010: ffff ffff ffff ffff ffff ffff ffff ffff  ................
00016020: ffff ffff ffff ffff ffff ffff ffff ffff  ................
00016030: ffff ffff ffff ffff ffff ffff ffff ffff  ................
00016040: ffff ffff ffff ffff ffff ffff ffff ffff  ................
00016050: ffff ffff ffff ffff ffff ffff ffff ffff  ................
00016060: ffff ffff ffff ffff ffff ffff ffff ffff  ................
00016070: ffff ffff ffff ffff ffff ffff ffff ffff  ................
00016080: ffff ffff ffff ffff ffff ffff ffff ffff  ................
00016090: ffff ffff ffff ffff ffff ffff ffff ffff  ................
000160a0: ffff ffff ffff ffff ffff ffff ffff ffff  ................
000160b0: ffff ffff ffff ffff ffff ffff ffff ffff  ................
000160c0: ffff ffff ffff ffff ffff ffff ffff ffff  ................
000160d0: ffff ffff ffff ffff ffff ffff ffff ffff  ................
000160e0: ffff ffff ffff ffff ffff ffff ffff ffff  ................
000160f0: ffff ffff ffff ffff ffff ffff ffff ffff  ................
00016100: ffff ffff ffff ffff ffff ffff ffff ffff  ................
00016110: ffff ffff ffff ffff ffff ffff ffff ffff  ................
00016120: ffff ffff ffff ffff ffff ffff ffff ffff  ................
00016130: ffff ffff ffff ffff ffff ffff ffff ffff  ................
00016140: ffff ffff ffff ffff ffff ffff ffff ffff  ................
00016150: ffff ffff ffff ffff ffff ffff ffff ffff  ................
00016160: ffff ffff ffff ffff ffff ffff ffff ffff  ................
00016170: ffff ffff ffff ffff ffff ffff ffff ffff  ................
00016180: ffff ffff ffff ffff ffff ffff ffff ffff  ................
00016190: ffff ffff ffff ffff ffff ffff ffff ffff  ................
000161a0: ffff ffff ffff ffff ffff ffff ffff ffff  ................
000161b0: ffff ffff ffff ffff ffff ffff ffff ffff  ................
000161c0: ffff ffff ffff ffff ffff ffff ffff ffff  ................
000161d0: ffff ffff ffff ffff ffff ffff ffff ffff  ................
000161e0: ffff ffff ffff ffff ffff ffff ffff ffff  ................
000161f0: ffff ffff ffff ffff ffff ffff ffff ffff  ................
00016200: ffff ffff ffff ffff ffff ffff ffff ffff  ................
00016210: ffff ffff ffff ffff ffff ffff ffff ffff  ................
00016220: ffff ffff ffff ffff ffff ffff ffff ffff  ................
00016230: ffff ffff ffff ffff ffff ffff ffff ffff  ................
00016240: ffff ffff ffff ffff ffff ffff ffff ffff  ................
00016250: ffff ffff ffff ffff ffff ffff ffff ffff  ................
00016260: ffff ffff ffff ffff ffff ffff ffff ffff  ................
00016270: ffff ffff ffff ffff ffff ffff ffff ffff  ................
00016280: ffff ffff ffff ffff ffff ffff ffff ffff  ................
00016290: ffff ffff ffff ffff ffff ffff ffff ffff  ................
000162a0: ffff ffff ffff ffff ffff ffff ffff ffff  ................
000162b0: ffff ffff ffff ffff ffff ffff ffff ffff  ................
000162c0: ffff ffff ffff ffff ffff ffff ffff ffff  ................
000162d0: ffff ffff ffff ffff ffff ffff ffff ffff  ................
000162e0: ffff ffff ffff ffff ffff ffff ffff ffff  ................
000162f0: ffff ffff ffff ffff ffff ffff ffff ffff  ................
00016300: ffff ffff ffff ffff ffff ffff ffff ffff  ................
00016310: ffff ffff ffff ffff ffff ffff ffff ffff  ................
00016320: ffff ffff ffff ffff ffff ffff ffff ffff  ................
00016330: ffff ffff ffff ffff ffff ffff ffff ffff  ................
00016340: ffff ffff ffff ffff ffff ffff ffff ffff  ................
00016350: ffff ffff ffff ffff ffff ffff ffff ffff  ................
00016360: ffff ffff ffff ffff ffff ffff ffff ffff  ................
00016370: ffff ffff ffff ffff ffff ffff ffff ffff  ................
00016380: ffff ffff ffff ffff ffff ffff ffff ffff  ................
00016390: ffff ffff ffff ffff ffff ffff ffff ffff  ................
000163a0: ffff ffff ffff ffff ffff ffff ffff ffff  ................
000163b0: ffff ffff ffff ffff ffff ffff ffff ffff  ................
000163c0: ffff ffff ffff ffff ffff ffff ffff ffff  ................
000163d0: ffff ffff ffff ffff ffff ffff ffff ffff  ................
000163e0: ffff ffff ffff ffff ffff ffff ffff ffff  ................
000163f0: ffff ffff ffff ffff ffff ffff ffff ffff  ................
00016400: ffff ffff ffff ffff ffff ffff ffff ffff  ................
00016410: ffff ffff ffff ffff ffff ffff ffff ffff  ................
00016420: ffff ffff ffff ffff ffff ffff ffff ffff  ................
00016430: ffff ffff ffff ffff ffff ffff ffff ffff  ................
00016440: ffff ffff ffff ffff ffff ffff ffff ffff  ................
00016450: ffff ffff ffff ffff ffff ffff ffff ffff  ................
00016460: ffff ffff ffff ffff ffff ffff ffff ffff  ................
00016470: ffff ffff ffff ffff ffff ffff ffff ffff  ................
00016480: ffff ffff ffff ffff ffff ffff ffff ffff  ................
00016490: ffff ffff ffff ffff ffff ffff ffff ffff  ................
000164a0: ffff ffff ffff ffff ffff ffff ffff ffff  ................
000164b0: ffff ffff ffff ffff ffff ffff ffff ffff  ................
000164c0: ffff ffff ffff ffff ffff ffff ffff ffff  ................
000164d0: ffff ffff ffff ffff ffff ffff ffff ffff  ................
000164e0: ffff ffff ffff ffff ffff ffff ffff ffff  ................
000164f0: ffff ffff ffff ffff ffff ffff ffff ffff  ................
00016500: ffff ffff ffff ffff ffff ffff ffff ffff  ................
00016510: ffff ffff ffff ffff ffff ffff ffff ffff  ................
00016520: ffff ffff ffff ffff ffff ffff ffff ffff  ................
00016530: ffff ffff ffff ffff ffff ffff ffff ffff  ................
00016540: ffff ffff ffff ffff ffff ffff ffff ffff  ................
00016550: ffff ffff ffff ffff ffff ffff ffff ffff  ................
00016560: ffff ffff ffff ffff ffff ffff ffff ffff  ................
00016570: ffff ffff ffff ffff ffff ffff ffff ffff  ................
00016580: ffff ffff ffff ffff ffff ffff ffff ffff  ................
00016590: ffff ffff ffff ffff ffff ffff ffff ffff  ................
000165a0: ffff ffff ffff ffff ffff ffff ffff ffff  ................
000165b0: ffff ffff ffff ffff ffff ffff ffff ffff  ................
000165c0: ffff ffff ffff ffff ffff ffff ffff ffff  ................
000165d0: ffff ffff ffff ffff ffff ffff ffff ffff  ................
000165e0: ffff ffff ffff ffff ffff ffff ffff ffff  ................
000165f0: ffff ffff ffff ffff ffff ffff ffff ffff  ................
00016600: ffff ffff ffff ffff ffff ffff ffff ffff  ................
00016610: ffff ffff ffff ffff ffff ffff ffff ffff  ................
00016620: ffff ffff ffff ffff ffff ffff ffff ffff  ................
00016630: ffff ffff ffff ffff ffff ffff ffff ffff  ................
00016640: ffff ffff ffff ffff ffff ffff ffff ffff  ................
00016650: ffff ffff ffff ffff ffff ffff ffff ffff  ................
00016660: ffff ffff ffff ffff ffff ffff ffff ffff  ................
00016670: ffff ffff ffff ffff ffff ffff ffff ffff  ................
00016680: ffff ffff ffff ffff ffff ffff ffff ffff  ................
00016690: ffff ffff ffff ffff ffff ffff ffff ffff  ................
000166a0: ffff ffff ffff ffff ffff ffff ffff ffff  ................
000166b0: ffff ffff ffff ffff ffff ffff ffff ffff  ................
000166c0: ffff ffff ffff ffff ffff ffff ffff ffff  ................
000166d0: ffff ffff ffff ffff ffff ffff ffff ffff  ................
000166e0: ffff ffff ffff ffff ffff ffff ffff ffff  ................
000166f0: ffff ffff ffff ffff ffff ffff ffff ffff  ................
00016700: ffff ffff ffff ffff ffff ffff ffff ffff  ................
00016710: ffff ffff ffff ffff ffff ffff ffff ffff  ................
00016720: ffff ffff ffff ffff ffff ffff ffff ffff  ................
00016730: ffff ffff ffff ffff ffff ffff ffff ffff  ................
00016740: ffff ffff ffff ffff ffff ffff ffff ffff  ................
00016750: ffff ffff ffff ffff ffff ffff ffff ffff  ................
00016760: ffff ffff ffff ffff ffff ffff ffff ffff  ................
00016770: ffff ffff ffff ffff ffff ffff ffff ffff  ................
00016780: ffff ffff ffff ffff ffff ffff ffff ffff  ................
00016790: ffff ffff ffff ffff ffff ffff ffff ffff  ................
000167a0: ffff ffff ffff ffff ffff ffff ffff ffff  ................
000167b0: ffff ffff ffff ffff ffff ffff ffff ffff  ................
000167c0: ffff ffff ffff ffff ffff ffff ffff ffff  ................
000167d0: ffff ffff ffff ffff ffff ffff ffff ffff  ................
000167e0: ffff ffff ffff ffff ffff ffff ffff ffff  ................
000167f0: ffff ffff ffff ffff ffff ffff ffff ffff  ................
00016800: ffff ffff ffff ffff ffff ffff ffff ffff  ................
00016810: ffff ffff ffff ffff ffff ffff ffff ffff  ................
00016820: ffff ffff ffff ffff ffff ffff ffff ffff  ................
00016830: ffff ffff ffff ffff ffff ffff ffff ffff  ................
00016840: ffff ffff ffff ffff ffff ffff ffff ffff  ................
00016850: ffff ffff ffff ffff ffff ffff ffff ffff  ................
00016860: ffff ffff ffff ffff ffff ffff ffff ffff  ................
00016870: ffff ffff ffff ffff ffff ffff ffff ffff  ................
00016880: ffff ffff ffff ffff ffff ffff ffff ffff  ................
00016890: ffff ffff ffff ffff ffff ffff ffff ffff  ................
000168a0: ffff ffff ffff ffff ffff ffff ffff ffff  ................
000168b0: ffff ffff ffff ffff ffff ffff ffff ffff  ................
000168c0: ffff ffff ffff ffff ffff ffff ffff ffff  ................
000168d0: ffff ffff ffff ffff ffff ffff ffff ffff  ................
000168e0: ffff ffff ffff ffff ffff ffff ffff ffff  ................
000168f0: ffff ffff ffff ffff ffff ffff ffff ffff  ................
00016900: ffff ffff ffff ffff ffff ffff ffff ffff  ................
00016910: ffff ffff ffff ffff ffff ffff ffff ffff  ................
00016920: ffff ffff ffff ffff ffff ffff ffff ffff  ................
00016930: ffff ffff ffff ffff ffff ffff ffff ffff  ................
00016940: ffff ffff ffff ffff ffff ffff ffff ffff  ................
00016950: ffff ffff ffff ffff ffff ffff ffff ffff  ................
00016960: ffff ffff ffff ffff ffff ffff ffff ffff  ................
00016970: ffff ffff ffff ffff ffff ffff ffff ffff  ................
00016980: ffff ffff ffff ffff ffff ffff ffff ffff  ................
00016990: ffff ffff ffff ffff ffff ffff ffff ffff  ................
000169a0: ffff ffff ffff ffff ffff ffff ffff ffff  ................
000169b0: ffff ffff ffff ffff ffff ffff ffff ffff  ................
000169c0: ffff ffff ffff ffff ffff ffff ffff ffff  ................
000169d0: ffff ffff ffff ffff ffff ffff ffff ffff  ................
000169e0: ffff ffff ffff ffff ffff ffff ffff ffff  ................
000169f0: ffff ffff ffff ffff ffff ffff ffff ffff  ................
00016a00: ffff ffff ffff ffff ffff ffff ffff ffff  ................
00016a10: ffff ffff ffff ffff ffff ffff ffff ffff  ................
00016a20: ffff ffff ffff ffff ffff ffff ffff ffff  ................
00016a30: ffff ffff ffff ffff ffff ffff ffff ffff  ................
00016a40: ffff ffff ffff ffff ffff ffff ffff ffff  ................
00016a50: ffff ffff ffff ffff ffff ffff ffff ffff  ................
00016a60: ffff ffff ffff ffff ffff ffff ffff ffff  ................
00016a70: ffff ffff ffff ffff ffff ffff ffff ffff  ................
00016a80: ffff ffff ffff ffff ffff ffff ffff ffff  ................
00016a90: ffff ffff ffff ffff ffff ffff ffff ffff  ................
00016aa0: ffff ffff ffff ffff ffff ffff ffff ffff  ................
00016ab0: ffff ffff ffff ffff ffff ffff ffff ffff  ................
00016ac0: ffff ffff ffff ffff ffff ffff ffff ffff  ................
00016ad0: ffff ffff ffff ffff ffff ffff ffff ffff  ................
00016ae0: ffff ffff ffff ffff ffff ffff ffff ffff  ................
00016af0: ffff ffff ffff ffff ffff ffff ffff ffff  ................
00016b00: ffff ffff ffff ffff ffff ffff ffff ffff  ................
00016b10: ffff ffff ffff ffff ffff ffff ffff ffff  ................
00016b20: ffff ffff ffff ffff ffff ffff ffff ffff  ................
00016b30: ffff ffff ffff ffff ffff ffff ffff ffff  ................
00016b40: ffff ffff ffff ffff ffff ffff ffff ffff  ................
00016b50: ffff ffff ffff ffff ffff ffff ffff ffff  ................
00016b60: ffff ffff ffff ffff ffff ffff ffff ffff  ................
00016b70: ffff ffff ffff ffff ffff ffff ffff ffff  ................
00016b80: ffff ffff ffff ffff ffff ffff ffff ffff  ................
00016b90: ffff ffff ffff ffff ffff ffff ffff ffff  ................
00016ba0: ffff ffff ffff ffff ffff ffff ffff ffff  ................
00016bb0: ffff ffff ffff ffff ffff ffff ffff ffff  ................
00016bc0: ffff ffff ffff ffff ffff ffff ffff ffff  ................
00016bd0: ffff ffff ffff ffff ffff ffff ffff ffff  ................
00016be0: ffff ffff ffff ffff ffff ffff ffff ffff  ................
00016bf0: ffff ffff ffff ffff ffff ffff ffff ffff  ................
00016c00: ffff ffff ffff ffff ffff ffff ffff ffff  ................
00016c10: ffff ffff ffff ffff ffff ffff ffff ffff  ................
00016c20: ffff ffff ffff ffff ffff ffff ffff ffff  ................
00016c30: ffff ffff ffff ffff ffff ffff ffff ffff  ................
00016c40: ffff ffff ffff ffff ffff ffff ffff ffff  ................
00016c50: ffff ffff ffff ffff ffff ffff ffff ffff  ................
00016c60: ffff ffff ffff ffff ffff ffff ffff ffff  ................
00016c70: ffff ffff ffff ffff ffff ffff ffff ffff  ................
00016c80: ffff ffff ffff ffff ffff ffff ffff ffff  ................
00016c90: ffff ffff ffff ffff ffff ffff ffff ffff  ................
00016ca0: ffff ffff ffff ffff ffff ffff ffff ffff  ................
00016cb0: ffff ffff ffff ffff ffff ffff ffff ffff  ................
00016cc0: ffff ffff ffff ffff ffff ffff ffff ffff  ................
00016cd0: ffff ffff ffff ffff ffff ffff ffff ffff  ................
00016ce0: ffff ffff ffff ffff ffff ffff ffff ffff  ................
00016cf0: ffff ffff ffff ffff ffff ffff ffff ffff  ................
00016d00: ffff ffff ffff ffff ffff ffff ffff ffff  ................
00016d10: ffff ffff ffff ffff ffff ffff ffff ffff  ................
00016d20: ffff ffff ffff ffff ffff ffff ffff ffff  ................
00016d30: ffff ffff ffff ffff ffff ffff ffff ffff  ................
00016d40: ffff ffff ffff ffff ffff ffff ffff ffff  ................
00016d50: ffff ffff ffff ffff ffff ffff ffff ffff  ................
00016d60: ffff ffff ffff ffff ffff ffff ffff ffff  ................
00016d70: ffff ffff ffff ffff ffff ffff ffff ffff  ................
00016d80: ffff ffff ffff ffff ffff ffff ffff ffff  ................
00016d90: ffff ffff ffff ffff ffff ffff ffff ffff  ................
00016da0: ffff ffff ffff ffff ffff ffff ffff ffff  ................
00016db0: ffff ffff ffff ffff ffff ffff ffff ffff  ................
00016dc0: ffff ffff ffff ffff ffff ffff ffff ffff  ................
00016dd0: ffff ffff ffff ffff ffff ffff ffff ffff  ................
00016de0: ffff ffff ffff ffff ffff ffff ffff ffff  ................
00016df0: ffff ffff ffff ffff ffff ffff ffff ffff  ................
00016e00: ffff ffff ffff ffff ffff ffff ffff ffff  ................
00016e10: ffff ffff ffff ffff ffff ffff ffff ffff  ................
00016e20: ffff ffff ffff ffff ffff ffff ffff ffff  ................
00016e30: ffff ffff ffff ffff ffff ffff ffff ffff  ................
00016e40: ffff ffff ffff ffff ffff ffff ffff ffff  ................
00016e50: ffff ffff ffff ffff ffff ffff ffff ffff  ................
00016e60: ffff ffff ffff ffff ffff ffff ffff ffff  ................
00016e70: ffff ffff ffff ffff ffff ffff ffff ffff  ................
00016e80: ffff ffff ffff ffff ffff ffff ffff ffff  ................
00016e90: ffff ffff ffff ffff ffff ffff ffff ffff  ................
00016ea0: ffff ffff ffff ffff ffff ffff ffff ffff  ................
00016eb0: ffff ffff ffff ffff ffff ffff ffff ffff  ................
00016ec0: ffff ffff ffff ffff ffff ffff ffff ffff  ................
00016ed0: ffff ffff ffff ffff ffff ffff ffff ffff  ................
00016ee0: ffff ffff ffff ffff ffff ffff ffff ffff  ................
00016ef0: ffff ffff ffff ffff ffff ffff ffff ffff  ................
00016f00: ffff ffff ffff ffff ffff ffff ffff ffff  ................
00016f10: ffff ffff ffff ffff ffff ffff ffff ffff  ................
00016f20: ffff ffff ffff ffff ffff ffff ffff ffff  ................
00016f30: ffff ffff ffff ffff ffff ffff ffff ffff  ................
00016f40: ffff ffff ffff ffff ffff ffff ffff ffff  ................
00016f50: ffff ffff ffff ffff ffff ffff ffff ffff  ................
00016f60: ffff ffff ffff ffff ffff ffff ffff ffff  ................
00016f70: ffff ffff ffff ffff ffff ffff ffff ffff  ................
00016f80: ffff ffff ffff ffff ffff ffff ffff ffff  ................
00016f90: ffff ffff ffff ffff ffff ffff ffff ffff  ................
00016fa0: ffff ffff ffff ffff ffff ffff ffff ffff  ................
00016fb0: ffff ffff ffff ffff ffff ffff ffff ffff  ................
00016fc0: ffff ffff ffff ffff ffff ffff ffff ffff  ................
00016fd0: ffff ffff ffff ffff ffff ffff ffff ffff  ................
00016fe0: ffff ffff ffff ffff ffff ffff ffff ffff  ................
00016ff0: ffff ffff ffff ffff ffff ffff ffff ffff  ................
00017000: ffff ffff ffff ffff ffff ffff ffff ffff  ................
00017010: ffff ffff ffff ffff ffff ffff ffff ffff  ................
00017020: ffff ffff ffff ffff ffff ffff ffff ffff  ................
00017030: ffff ffff ffff ffff ffff ffff ffff ffff  ................
00017040: ffff ffff ffff ffff ffff ffff ffff ffff  ................
00017050: ffff ffff ffff ffff ffff ffff ffff ffff  ................
00017060: ffff ffff ffff ffff ffff ffff ffff ffff  ................
00017070: ffff ffff ffff ffff ffff ffff ffff ffff  ................
00017080: ffff ffff ffff ffff ffff ffff ffff ffff  ................
00017090: ffff ffff ffff ffff ffff ffff ffff ffff  ................
000170a0: ffff ffff ffff ffff ffff ffff ffff ffff  ................
000170b0: ffff ffff ffff ffff ffff ffff ffff ffff  ................
000170c0: ffff ffff ffff ffff ffff ffff ffff ffff  ................
000170d0: ffff ffff ffff ffff ffff ffff ffff ffff  ................
000170e0: ffff ffff ffff ffff ffff ffff ffff ffff  ................
000170f0: ffff ffff ffff ffff ffff ffff ffff ffff  ................
00017100: ffff ffff ffff ffff ffff ffff ffff ffff  ................
00017110: ffff ffff ffff ffff ffff ffff ffff ffff  ................
00017120: ffff ffff ffff ffff ffff ffff ffff ffff  ................
00017130: ffff ffff ffff ffff ffff ffff ffff ffff  ................
00017140: ffff ffff ffff ffff ffff ffff ffff ffff  ................
00017150: ffff ffff ffff ffff ffff ffff ffff ffff  ................
00017160: ffff ffff ffff ffff ffff ffff ffff ffff  ................
00017170: ffff ffff ffff ffff ffff ffff ffff ffff  ................
00017180: ffff ffff ffff ffff ffff ffff ffff ffff  ................
00017190: ffff ffff ffff ffff ffff ffff ffff ffff  ................
000171a0: ffff ffff ffff ffff ffff ffff ffff ffff  ................
000171b0: ffff ffff ffff ffff ffff ffff ffff ffff  ................
000171c0: ffff ffff ffff ffff ffff ffff ffff ffff  ................
000171d0: ffff ffff ffff ffff ffff ffff ffff ffff  ................
000171e0: ffff ffff ffff ffff ffff ffff ffff ffff  ................
000171f0: ffff ffff ffff ffff ffff ffff ffff ffff  ................
00017200: ffff ffff ffff ffff ffff ffff ffff ffff  ................
00017210: ffff ffff ffff ffff ffff ffff ffff ffff  ................
00017220: ffff ffff ffff ffff ffff ffff ffff ffff  ................
00017230: ffff ffff ffff ffff ffff ffff ffff ffff  ................
00017240: ffff ffff ffff ffff ffff ffff ffff ffff  ................
00017250: ffff ffff ffff ffff ffff ffff ffff ffff  ................
00017260: ffff ffff ffff ffff ffff ffff ffff ffff  ................
00017270: ffff ffff ffff ffff ffff ffff ffff ffff  ................
00017280: ffff ffff ffff ffff ffff ffff ffff ffff  ................
00017290: ffff ffff ffff ffff ffff ffff ffff ffff  ................
000172a0: ffff ffff ffff ffff ffff ffff ffff ffff  ................
000172b0: ffff ffff ffff ffff ffff ffff ffff ffff  ................
000172c0: ffff ffff ffff ffff ffff ffff ffff ffff  ................
000172d0: ffff ffff ffff ffff ffff ffff ffff ffff  ................
000172e0: ffff ffff ffff ffff ffff ffff ffff ffff  ................
000172f0: ffff ffff ffff ffff ffff ffff ffff ffff  ................
00017300: ffff ffff ffff ffff ffff ffff ffff ffff  ................
00017310: ffff ffff ffff ffff ffff ffff ffff ffff  ................
00017320: ffff ffff ffff ffff ffff ffff ffff ffff  ................
00017330: ffff ffff ffff ffff ffff ffff ffff ffff  ................
00017340: ffff ffff ffff ffff ffff ffff ffff ffff  ................
00017350: ffff ffff ffff ffff ffff ffff ffff ffff  ................
00017360: ffff ffff ffff ffff ffff ffff ffff ffff  ................
00017370: ffff ffff ffff ffff ffff ffff ffff ffff  ................
00017380: ffff ffff ffff ffff ffff ffff ffff ffff  ................
00017390: ffff ffff ffff ffff ffff ffff ffff ffff  ................
000173a0: ffff ffff ffff ffff ffff ffff ffff ffff  ................
000173b0: ffff ffff ffff ffff ffff ffff ffff ffff  ................
000173c0: ffff ffff ffff ffff ffff ffff ffff ffff  ................
000173d0: ffff ffff ffff ffff ffff ffff ffff ffff  ................
000173e0: ffff ffff ffff ffff ffff ffff ffff ffff  ................
000173f0: ffff ffff ffff ffff ffff ffff ffff ffff  ................
00017400: ffff ffff ffff ffff ffff ffff ffff ffff  ................
00017410: ffff ffff ffff ffff ffff ffff ffff ffff  ................
00017420: ffff ffff ffff ffff ffff ffff ffff ffff  ................
00017430: ffff ffff ffff ffff ffff ffff ffff ffff  ................
00017440: ffff ffff ffff ffff ffff ffff ffff ffff  ................
00017450: ffff ffff ffff ffff ffff ffff ffff ffff  ................
00017460: ffff ffff ffff ffff ffff ffff ffff ffff  ................
00017470: ffff ffff ffff ffff ffff ffff ffff ffff  ................
00017480: ffff ffff ffff ffff ffff ffff ffff ffff  ................
00017490: ffff ffff ffff ffff ffff ffff ffff ffff  ................
000174a0: ffff ffff ffff ffff ffff ffff ffff ffff  ................
000174b0: ffff ffff ffff ffff ffff ffff ffff ffff  ................
000174c0: ffff ffff ffff ffff ffff ffff ffff ffff  ................
000174d0: ffff ffff ffff ffff ffff ffff ffff ffff  ................
000174e0: ffff ffff ffff ffff ffff ffff ffff ffff  ................
000174f0: ffff ffff ffff ffff ffff ffff ffff ffff  ................
00017500: ffff ffff ffff ffff ffff ffff ffff ffff  ................
00017510: ffff ffff ffff ffff ffff ffff ffff ffff  ................
00017520: ffff ffff ffff ffff ffff ffff ffff ffff  ................
00017530: ffff ffff ffff ffff ffff ffff ffff ffff  ................
00017540: ffff ffff ffff ffff ffff ffff ffff ffff  ................
00017550: ffff ffff ffff ffff ffff ffff ffff ffff  ................
00017560: ffff ffff ffff ffff ffff ffff ffff ffff  ................
00017570: ffff ffff ffff ffff ffff ffff ffff ffff  ................
00017580: ffff ffff ffff ffff ffff ffff ffff ffff  ................
00017590: ffff ffff ffff ffff ffff ffff ffff ffff  ................
000175a0: ffff ffff ffff ffff ffff ffff ffff ffff  ................
000175b0: ffff ffff ffff ffff ffff ffff ffff ffff  ................
000175c0: ffff ffff ffff ffff ffff ffff ffff ffff  ................
000175d0: ffff ffff ffff ffff ffff ffff ffff ffff  ................
000175e0: ffff ffff ffff ffff ffff ffff ffff ffff  ................
000175f0: ffff ffff ffff ffff ffff ffff ffff ffff  ................
00017600: ffff ffff ffff ffff ffff ffff ffff ffff  ................
00017610: ffff ffff ffff ffff ffff ffff ffff ffff  ................
00017620: ffff ffff ffff ffff ffff ffff ffff ffff  ................
00017630: ffff ffff ffff ffff ffff ffff ffff ffff  ................
00017640: ffff ffff ffff ffff ffff ffff ffff ffff  ................
00017650: ffff ffff ffff ffff ffff ffff ffff ffff  ................
00017660: ffff ffff ffff ffff ffff ffff ffff ffff  ................
00017670: ffff ffff ffff ffff ffff ffff ffff ffff  ................
00017680: ffff ffff ffff ffff ffff ffff ffff ffff  ................
00017690: ffff ffff ffff ffff ffff ffff ffff ffff  ................
000176a0: ffff ffff ffff ffff ffff ffff ffff ffff  ................
000176b0: ffff ffff ffff ffff ffff ffff ffff ffff  ................
000176c0: ffff ffff ffff ffff ffff ffff ffff ffff  ................
000176d0: ffff ffff ffff ffff ffff ffff ffff ffff  ................
000176e0: ffff ffff ffff ffff ffff ffff ffff ffff  ................
000176f0: ffff ffff ffff ffff ffff ffff ffff ffff  ................
00017700: ffff ffff ffff ffff ffff ffff ffff ffff  ................
00017710: ffff ffff ffff ffff ffff ffff ffff ffff  ................
00017720: ffff ffff ffff ffff ffff ffff ffff ffff  ................
00017730: ffff ffff ffff ffff ffff ffff ffff ffff  ................
00017740: ffff ffff ffff ffff ffff ffff ffff ffff  ................
00017750: ffff ffff ffff ffff ffff ffff ffff ffff  ................
00017760: ffff ffff ffff ffff ffff ffff ffff ffff  ................
00017770: ffff ffff ffff ffff ffff ffff ffff ffff  ................
00017780: ffff ffff ffff ffff ffff ffff ffff ffff  ................
00017790: ffff ffff ffff ffff ffff ffff ffff ffff  ................
000177a0: ffff ffff ffff ffff ffff ffff ffff ffff  ................
000177b0: ffff ffff ffff ffff ffff ffff ffff ffff  ................
000177c0: ffff ffff ffff ffff ffff ffff ffff ffff  ................
000177d0: ffff ffff ffff ffff ffff ffff ffff ffff  ................
000177e0: ffff ffff ffff ffff ffff ffff ffff ffff  ................
000177f0: ffff ffff ffff ffff ffff ffff ffff ffff  ................
00017800: ffff ffff ffff ffff ffff ffff ffff ffff  ................
00017810: ffff ffff ffff ffff ffff ffff ffff ffff  ................
00017820: ffff ffff ffff ffff ffff ffff ffff ffff  ................
00017830: ffff ffff ffff ffff ffff ffff ffff ffff  ................
00017840: ffff ffff ffff ffff ffff ffff ffff ffff  ................
00017850: ffff ffff ffff ffff ffff ffff ffff ffff  ................
00017860: ffff ffff ffff ffff ffff ffff ffff ffff  ................
00017870: ffff ffff ffff ffff ffff ffff ffff ffff  ................
00017880: ffff ffff ffff ffff ffff ffff ffff ffff  ................
00017890: ffff ffff ffff ffff ffff ffff ffff ffff  ................
000178a0: ffff ffff ffff ffff ffff ffff ffff ffff  ................
000178b0: ffff ffff ffff ffff ffff ffff ffff ffff  ................
000178c0: ffff ffff ffff ffff ffff ffff ffff ffff  ................
000178d0: ffff ffff ffff ffff ffff ffff ffff ffff  ................
000178e0: ffff ffff ffff ffff ffff ffff ffff ffff  ................
000178f0: ffff ffff ffff ffff ffff ffff ffff ffff  ................
00017900: ffff ffff ffff ffff ffff ffff ffff ffff  ................
00017910: ffff ffff ffff ffff ffff ffff ffff ffff  ................
00017920: ffff ffff ffff ffff ffff ffff ffff ffff  ................
00017930: ffff ffff ffff ffff ffff ffff ffff ffff  ................
00017940: ffff ffff ffff ffff ffff ffff ffff ffff  ................
00017950: ffff ffff ffff ffff ffff ffff ffff ffff  ................
00017960: ffff ffff ffff ffff ffff ffff ffff ffff  ................
00017970: ffff ffff ffff ffff ffff ffff ffff ffff  ................
00017980: ffff ffff ffff ffff ffff ffff ffff ffff  ................
00017990: ffff ffff ffff ffff ffff ffff ffff ffff  ................
000179a0: ffff ffff ffff ffff ffff ffff ffff ffff  ................
000179b0: ffff ffff ffff ffff ffff ffff ffff ffff  ................
000179c0: ffff ffff ffff ffff ffff ffff ffff ffff  ................
000179d0: ffff ffff ffff ffff ffff ffff ffff ffff  ................
000179e0: ffff ffff ffff ffff ffff ffff ffff ffff  ................
000179f0: ffff ffff ffff ffff ffff ffff ffff ffff  ................
00017a00: ffff ffff ffff ffff ffff ffff ffff ffff  ................
00017a10: ffff ffff ffff ffff ffff ffff ffff ffff  ................
00017a20: ffff ffff ffff ffff ffff ffff ffff ffff  ................
00017a30: ffff ffff ffff ffff ffff ffff ffff ffff  ................
00017a40: ffff ffff ffff ffff ffff ffff ffff ffff  ................
00017a50: ffff ffff ffff ffff ffff ffff ffff ffff  ................
00017a60: ffff ffff ffff ffff ffff ffff ffff ffff  ................
00017a70: ffff ffff ffff ffff ffff ffff ffff ffff  ................
00017a80: ffff ffff ffff ffff ffff ffff ffff ffff  ................
00017a90: ffff ffff ffff ffff ffff ffff ffff ffff  ................
00017aa0: ffff ffff ffff ffff ffff ffff ffff ffff  ................
00017ab0: ffff ffff ffff ffff ffff ffff ffff ffff  ................
00017ac0: ffff ffff ffff ffff ffff ffff ffff ffff  ................
00017ad0: ffff ffff ffff ffff ffff ffff ffff ffff  ................
00017ae0: ffff ffff ffff ffff ffff ffff ffff ffff  ................
00017af0: ffff ffff ffff ffff ffff ffff ffff ffff  ................
00017b00: ffff ffff ffff ffff ffff ffff ffff ffff  ................
00017b10: ffff ffff ffff ffff ffff ffff ffff ffff  ................
00017b20: ffff ffff ffff ffff ffff ffff ffff ffff  ................
00017b30: ffff ffff ffff ffff ffff ffff ffff ffff  ................
00017b40: ffff ffff ffff ffff ffff ffff ffff ffff  ................
00017b50: ffff ffff ffff ffff ffff ffff ffff ffff  ................
00017b60: ffff ffff ffff ffff ffff ffff ffff ffff  ................
00017b70: ffff ffff ffff ffff ffff ffff ffff ffff  ................
00017b80: ffff ffff ffff ffff ffff ffff ffff ffff  ................
00017b90: ffff ffff ffff ffff ffff ffff ffff ffff  ................
00017ba0: ffff ffff ffff ffff ffff ffff ffff ffff  ................
00017bb0: ffff ffff ffff ffff ffff ffff ffff ffff  ................
00017bc0: ffff ffff ffff ffff ffff ffff ffff ffff  ................
00017bd0: ffff ffff ffff ffff ffff ffff ffff ffff  ................
00017be0: ffff ffff ffff ffff ffff ffff ffff ffff  ................
00017bf0: ffff ffff ffff ffff ffff ffff ffff ffff  ................
00017c00: ffff ffff ffff ffff ffff ffff ffff ffff  ................
00017c10: ffff ffff ffff ffff ffff ffff ffff ffff  ................
00017c20: ffff ffff ffff ffff ffff ffff ffff ffff  ................
00017c30: ffff ffff ffff ffff ffff ffff ffff ffff  ................
00017c40: ffff ffff ffff ffff ffff ffff ffff ffff  ................
00017c50: ffff ffff ffff ffff ffff ffff ffff ffff  ................
00017c60: ffff ffff ffff ffff ffff ffff ffff ffff  ................
00017c70: ffff ffff ffff ffff ffff ffff ffff ffff  ................
00017c80: ffff ffff ffff ffff ffff ffff ffff ffff  ................
00017c90: ffff ffff ffff ffff ffff ffff ffff ffff  ................
00017ca0: ffff ffff ffff ffff ffff ffff ffff ffff  ................
00017cb0: ffff ffff ffff ffff ffff ffff ffff ffff  ................
00017cc0: ffff ffff ffff ffff ffff ffff ffff ffff  ................
00017cd0: ffff ffff ffff ffff ffff ffff ffff ffff  ................
00017ce0: ffff ffff ffff ffff ffff ffff ffff ffff  ................
00017cf0: ffff ffff ffff ffff ffff ffff ffff ffff  ................
00017d00: ffff ffff ffff ffff ffff ffff ffff ffff  ................
00017d10: ffff ffff ffff ffff ffff ffff ffff ffff  ................
00017d20: ffff ffff ffff ffff ffff ffff ffff ffff  ................
00017d30: ffff ffff ffff ffff ffff ffff ffff ffff  ................
00017d40: ffff ffff ffff ffff ffff ffff ffff ffff  ................
00017d50: ffff ffff ffff ffff ffff ffff ffff ffff  ................
00017d60: ffff ffff ffff ffff ffff ffff ffff ffff  ................
00017d70: ffff ffff ffff ffff ffff ffff ffff ffff  ................
00017d80: ffff ffff ffff ffff ffff ffff ffff ffff  ................
00017d90: ffff ffff ffff ffff ffff ffff ffff ffff  ................
00017da0: ffff ffff ffff ffff ffff ffff ffff ffff  ................
00017db0: ffff ffff ffff ffff ffff ffff ffff ffff  ................
00017dc0: ffff ffff ffff ffff ffff ffff ffff ffff  ................
00017dd0: ffff ffff ffff ffff ffff ffff ffff ffff  ................
00017de0: ffff ffff ffff ffff ffff ffff ffff ffff  ................
00017df0: ffff ffff ffff ffff ffff ffff ffff ffff  ................
00017e00: ffff ffff ffff ffff ffff ffff ffff ffff  ................
00017e10: ffff ffff ffff ffff ffff ffff ffff ffff  ................
00017e20: ffff ffff ffff ffff ffff ffff ffff ffff  ................
00017e30: ffff ffff ffff ffff ffff ffff ffff ffff  ................
00017e40: ffff ffff ffff ffff ffff ffff ffff ffff  ................
00017e50: ffff ffff ffff ffff ffff ffff ffff ffff  ................
00017e60: ffff ffff ffff ffff ffff ffff ffff ffff  ................
00017e70: ffff ffff ffff ffff ffff ffff ffff ffff  ................
00017e80: ffff ffff ffff ffff ffff ffff ffff ffff  ................
00017e90: ffff ffff ffff ffff ffff ffff ffff ffff  ................
00017ea0: ffff ffff ffff ffff ffff ffff ffff ffff  ................
00017eb0: ffff ffff ffff ffff ffff ffff ffff ffff  ................
00017ec0: ffff ffff ffff ffff ffff ffff ffff ffff  ................
00017ed0: ffff ffff ffff ffff ffff ffff ffff ffff  ................
00017ee0: ffff ffff ffff ffff ffff ffff ffff ffff  ................
00017ef0: ffff ffff ffff ffff ffff ffff ffff ffff  ................
00017f00: ffff ffff ffff ffff ffff ffff ffff ffff  ................
00017f10: ffff ffff ffff ffff ffff ffff ffff ffff  ................
00017f20: ffff ffff ffff ffff ffff ffff ffff ffff  ................
00017f30: ffff ffff ffff ffff ffff ffff ffff ffff  ................
00017f40: ffff ffff ffff ffff ffff ffff ffff ffff  ................
00017f50: ffff ffff ffff ffff ffff ffff ffff ffff  ................
00017f60: ffff ffff ffff ffff ffff ffff ffff ffff  ................
00017f70: ffff ffff ffff ffff ffff ffff ffff ffff  ................
00017f80: ffff ffff ffff ffff ffff ffff ffff ffff  ................
00017f90: ffff ffff ffff ffff ffff ffff ffff ffff  ................
00017fa0: ffff ffff ffff ffff ffff ffff ffff ffff  ................
00017fb0: ffff ffff ffff ffff ffff ffff ffff ffff  ................
00017fc0: ffff ffff ffff ffff ffff ffff ffff ffff  ................
00017fd0: ffff ffff ffff ffff ffff ffff ffff ffff  ................
00017fe0: ffff ffff ffff ffff ffff ffff ffff ffff  ................
00017ff0: ffff ffff ffff ffff ffff ffff ffff ffff  ................
00018000: ffff ffff ffff ffff ffff ffff ffff ffff  ................
00018010: ffff ffff ffff ffff ffff ffff ffff ffff  ................
00018020: ffff ffff ffff ffff ffff ffff ffff ffff  ................
00018030: ffff ffff ffff ffff ffff ffff ffff ffff  ................
00018040: ffff ffff ffff ffff ffff ffff ffff ffff  ................
00018050: ffff ffff ffff ffff ffff ffff ffff ffff  ................
00018060: ffff ffff ffff ffff ffff ffff ffff ffff  ................
00018070: ffff ffff ffff ffff ffff ffff ffff ffff  ................
00018080: ffff ffff ffff ffff ffff ffff ffff ffff  ................
00018090: ffff ffff ffff ffff ffff ffff ffff ffff  ................
000180a0: ffff ffff ffff ffff ffff ffff ffff ffff  ................
000180b0: ffff ffff ffff ffff ffff ffff ffff ffff  ................
000180c0: ffff ffff ffff ffff ffff ffff ffff ffff  ................
000180d0: ffff ffff ffff ffff ffff ffff ffff ffff  ................
000180e0: ffff ffff ffff ffff ffff ffff ffff ffff  ................
000180f0: ffff ffff ffff ffff ffff ffff ffff ffff  ................
00018100: ffff ffff ffff ffff ffff ffff ffff ffff  ................
00018110: ffff ffff ffff ffff ffff ffff ffff ffff  ................
00018120: ffff ffff ffff ffff ffff ffff ffff ffff  ................
00018130: ffff ffff ffff ffff ffff ffff ffff ffff  ................
00018140: ffff ffff ffff ffff ffff ffff ffff ffff  ................
00018150: ffff ffff ffff ffff ffff ffff ffff ffff  ................
00018160: ffff ffff ffff ffff ffff ffff ffff ffff  ................
00018170: ffff ffff ffff ffff ffff ffff ffff ffff  ................
00018180: ffff ffff ffff ffff ffff ffff ffff ffff  ................
00018190: ffff ffff ffff ffff ffff ffff ffff ffff  ................
000181a0: ffff ffff ffff ffff ffff ffff ffff ffff  ................
000181b0: ffff ffff ffff ffff ffff ffff ffff ffff  ................
000181c0: ffff ffff ffff ffff ffff ffff ffff ffff  ................
000181d0: ffff ffff ffff ffff ffff ffff ffff ffff  ................
000181e0: ffff ffff ffff ffff ffff ffff ffff ffff  ................
000181f0: ffff ffff ffff ffff ffff ffff ffff ffff  ................
00018200: ffff ffff ffff ffff ffff ffff ffff ffff  ................
00018210: ffff ffff ffff ffff ffff ffff ffff ffff  ................
00018220: ffff ffff ffff ffff ffff ffff ffff ffff  ................
00018230: ffff ffff ffff ffff ffff ffff ffff ffff  ................
00018240: ffff ffff ffff ffff ffff ffff ffff ffff  ................
00018250: ffff ffff ffff ffff ffff ffff ffff ffff  ................
00018260: ffff ffff ffff ffff ffff ffff ffff ffff  ................
00018270: ffff ffff ffff ffff ffff ffff ffff ffff  ................
00018280: ffff ffff ffff ffff ffff ffff ffff ffff  ................
00018290: ffff ffff ffff ffff ffff ffff ffff ffff  ................
000182a0: ffff ffff ffff ffff ffff ffff ffff ffff  ................
000182b0: ffff ffff ffff ffff ffff ffff ffff ffff  ................
000182c0: ffff ffff ffff ffff ffff ffff ffff ffff  ................
000182d0: ffff ffff ffff ffff ffff ffff ffff ffff  ................
000182e0: ffff ffff ffff ffff ffff ffff ffff ffff  ................
000182f0: ffff ffff ffff ffff ffff ffff ffff ffff  ................
00018300: ffff ffff ffff ffff ffff ffff ffff ffff  ................
00018310: ffff ffff ffff ffff ffff ffff ffff ffff  ................
00018320: ffff ffff ffff ffff ffff ffff ffff ffff  ................
00018330: ffff ffff ffff ffff ffff ffff ffff ffff  ................
00018340: ffff ffff ffff ffff ffff ffff ffff ffff  ................
00018350: ffff ffff ffff ffff ffff ffff ffff ffff  ................
00018360: ffff ffff ffff ffff ffff ffff ffff ffff  ................
00018370: ffff ffff ffff ffff ffff ffff ffff ffff  ................
00018380: ffff ffff ffff ffff ffff ffff ffff ffff  ................
00018390: ffff ffff ffff ffff ffff ffff ffff ffff  ................
000183a0: ffff ffff ffff ffff ffff ffff ffff ffff  ................
000183b0: ffff ffff ffff ffff ffff ffff ffff ffff  ................
000183c0: ffff ffff ffff ffff ffff ffff ffff ffff  ................
000183d0: ffff ffff ffff ffff ffff ffff ffff ffff  ................
000183e0: ffff ffff ffff ffff ffff ffff ffff ffff  ................
000183f0: ffff ffff ffff ffff ffff ffff ffff ffff  ................
00018400: ffff ffff ffff ffff ffff ffff ffff ffff  ................
00018410: ffff ffff ffff ffff ffff ffff ffff ffff  ................
00018420: ffff ffff ffff ffff ffff ffff ffff ffff  ................
00018430: ffff ffff ffff ffff ffff ffff ffff ffff  ................
00018440: ffff ffff ffff ffff ffff ffff ffff ffff  ................
00018450: ffff ffff ffff ffff ffff ffff ffff ffff  ................
00018460: ffff ffff ffff ffff ffff ffff ffff ffff  ................
00018470: ffff ffff ffff ffff ffff ffff ffff ffff  ................
00018480: ffff ffff ffff ffff ffff ffff ffff ffff  ................
00018490: ffff ffff ffff ffff ffff ffff ffff ffff  ................
000184a0: ffff ffff ffff ffff ffff ffff ffff ffff  ................
000184b0: ffff ffff ffff ffff ffff ffff ffff ffff  ................
000184c0: ffff ffff ffff ffff ffff ffff ffff ffff  ................
000184d0: ffff ffff ffff ffff ffff ffff ffff ffff  ................
000184e0: ffff ffff ffff ffff ffff ffff ffff ffff  ................
000184f0: ffff ffff ffff ffff ffff ffff ffff ffff  ................
00018500: ffff ffff ffff ffff ffff ffff ffff ffff  ................
00018510: ffff ffff ffff ffff ffff ffff ffff ffff  ................
00018520: ffff ffff ffff ffff ffff ffff ffff ffff  ................
00018530: ffff ffff ffff ffff ffff ffff ffff ffff  ................
00018540: ffff ffff ffff ffff ffff ffff ffff ffff  ................
00018550: ffff ffff ffff ffff ffff ffff ffff ffff  ................
00018560: ffff ffff ffff ffff ffff ffff ffff ffff  ................
00018570: ffff ffff ffff ffff ffff ffff ffff ffff  ................
00018580: ffff ffff ffff ffff ffff ffff ffff ffff  ................
00018590: ffff ffff ffff ffff ffff ffff ffff ffff  ................
000185a0: ffff ffff ffff ffff ffff ffff ffff ffff  ................
000185b0: ffff ffff ffff ffff ffff ffff ffff ffff  ................
000185c0: ffff ffff ffff ffff ffff ffff ffff ffff  ................
000185d0: ffff ffff ffff ffff ffff ffff ffff ffff  ................
000185e0: ffff ffff ffff ffff ffff ffff ffff ffff  ................
000185f0: ffff ffff ffff ffff ffff ffff ffff ffff  ................
00018600: ffff ffff ffff ffff ffff ffff ffff ffff  ................
00018610: ffff ffff ffff ffff ffff ffff ffff ffff  ................
00018620: ffff ffff ffff ffff ffff ffff ffff ffff  ................
00018630: ffff ffff ffff ffff ffff ffff ffff ffff  ................
00018640: ffff ffff ffff ffff ffff ffff ffff ffff  ................
00018650: ffff ffff ffff ffff ffff ffff ffff ffff  ................
00018660: ffff ffff ffff ffff ffff ffff ffff ffff  ................
00018670: ffff ffff ffff ffff ffff ffff ffff ffff  ................
00018680: ffff ffff ffff ffff ffff ffff ffff ffff  ................
00018690: ffff ffff ffff ffff ffff ffff ffff ffff  ................
000186a0: ffff ffff ffff ffff ffff ffff ffff ffff  ................
000186b0: ffff ffff ffff ffff ffff ffff ffff ffff  ................
000186c0: ffff ffff ffff ffff ffff ffff ffff ffff  ................
000186d0: ffff ffff ffff ffff ffff ffff ffff ffff  ................
000186e0: ffff ffff ffff ffff ffff ffff ffff ffff  ................
000186f0: ffff ffff ffff ffff ffff ffff ffff ffff  ................
00018700: ffff ffff ffff ffff ffff ffff ffff ffff  ................
00018710: ffff ffff ffff ffff ffff ffff ffff ffff  ................
00018720: ffff ffff ffff ffff ffff ffff ffff ffff  ................
00018730: ffff ffff ffff ffff ffff ffff ffff ffff  ................
00018740: ffff ffff ffff ffff ffff ffff ffff ffff  ................
00018750: ffff ffff ffff ffff ffff ffff ffff ffff  ................
00018760: ffff ffff ffff ffff ffff ffff ffff ffff  ................
00018770: ffff ffff ffff ffff ffff ffff ffff ffff  ................
00018780: ffff ffff ffff ffff ffff ffff ffff ffff  ................
00018790: ffff ffff ffff ffff ffff ffff ffff ffff  ................
000187a0: ffff ffff ffff ffff ffff ffff ffff ffff  ................
000187b0: ffff ffff ffff ffff ffff ffff ffff ffff  ................
000187c0: ffff ffff ffff ffff ffff ffff ffff ffff  ................
000187d0: ffff ffff ffff ffff ffff ffff ffff ffff  ................
000187e0: ffff ffff ffff ffff ffff ffff ffff ffff  ................
000187f0: ffff ffff ffff ffff ffff ffff ffff ffff  ................
00018800: ffff ffff ffff ffff ffff ffff ffff ffff  ................
00018810: ffff ffff ffff ffff ffff ffff ffff ffff  ................
00018820: ffff ffff ffff ffff ffff ffff ffff ffff  ................
00018830: ffff ffff ffff ffff ffff ffff ffff ffff  ................
00018840: ffff ffff ffff ffff ffff ffff ffff ffff  ................
00018850: ffff ffff ffff ffff ffff ffff ffff ffff  ................
00018860: ffff ffff ffff ffff ffff ffff ffff ffff  ................
00018870: ffff ffff ffff ffff ffff ffff ffff ffff  ................
00018880: ffff ffff ffff ffff ffff ffff ffff ffff  ................
00018890: ffff ffff ffff ffff ffff ffff ffff ffff  ................
000188a0: ffff ffff ffff ffff ffff ffff ffff ffff  ................
000188b0: ffff ffff ffff ffff ffff ffff ffff ffff  ................
000188c0: ffff ffff ffff ffff ffff ffff ffff ffff  ................
000188d0: ffff ffff ffff ffff ffff ffff ffff ffff  ................
000188e0: ffff ffff ffff ffff ffff ffff ffff ffff  ................
000188f0: ffff ffff ffff ffff ffff ffff ffff ffff  ................
00018900: ffff ffff ffff ffff ffff ffff ffff ffff  ................
00018910: ffff ffff ffff ffff ffff ffff ffff ffff  ................
00018920: ffff ffff ffff ffff ffff ffff ffff ffff  ................
00018930: ffff ffff ffff ffff ffff ffff ffff ffff  ................
00018940: ffff ffff ffff ffff ffff ffff ffff ffff  ................
00018950: ffff ffff ffff ffff ffff ffff ffff ffff  ................
00018960: ffff ffff ffff ffff ffff ffff ffff ffff  ................
00018970: ffff ffff ffff ffff ffff ffff ffff ffff  ................
00018980: ffff ffff ffff ffff ffff ffff ffff ffff  ................
00018990: ffff ffff ffff ffff ffff ffff ffff ffff  ................
000189a0: ffff ffff ffff ffff ffff ffff ffff ffff  ................
000189b0: ffff ffff ffff ffff ffff ffff ffff ffff  ................
000189c0: ffff ffff ffff ffff ffff ffff ffff ffff  ................
000189d0: ffff ffff ffff ffff ffff ffff ffff ffff  ................
000189e0: ffff ffff ffff ffff ffff ffff ffff ffff  ................
000189f0: ffff ffff ffff ffff ffff ffff ffff ffff  ................
00018a00: ffff ffff ffff ffff ffff ffff ffff ffff  ................
00018a10: ffff ffff ffff ffff ffff ffff ffff ffff  ................
00018a20: ffff ffff ffff ffff ffff ffff ffff ffff  ................
00018a30: ffff ffff ffff ffff ffff ffff ffff ffff  ................
00018a40: ffff ffff ffff ffff ffff ffff ffff ffff  ................
00018a50: ffff ffff ffff ffff ffff ffff ffff ffff  ................
00018a60: ffff ffff ffff ffff ffff ffff ffff ffff  ................
00018a70: ffff ffff ffff ffff ffff ffff ffff ffff  ................
00018a80: ffff ffff ffff ffff ffff ffff ffff ffff  ................
00018a90: ffff ffff ffff ffff ffff ffff ffff ffff  ................
00018aa0: ffff ffff ffff ffff ffff ffff ffff ffff  ................
00018ab0: ffff ffff ffff ffff ffff ffff ffff ffff  ................
00018ac0: ffff ffff ffff ffff ffff ffff ffff ffff  ................
00018ad0: ffff ffff ffff ffff ffff ffff ffff ffff  ................
00018ae0: ffff ffff ffff ffff ffff ffff ffff ffff  ................
00018af0: ffff ffff ffff ffff ffff ffff ffff ffff  ................
00018b00: ffff ffff ffff ffff ffff ffff ffff ffff  ................
00018b10: ffff ffff ffff ffff ffff ffff ffff ffff  ................
00018b20: ffff ffff ffff ffff ffff ffff ffff ffff  ................
00018b30: ffff ffff ffff ffff ffff ffff ffff ffff  ................
00018b40: ffff ffff ffff ffff ffff ffff ffff ffff  ................
00018b50: ffff ffff ffff ffff ffff ffff ffff ffff  ................
00018b60: ffff ffff ffff ffff ffff ffff ffff ffff  ................
00018b70: ffff ffff ffff ffff ffff ffff ffff ffff  ................
00018b80: ffff ffff ffff ffff ffff ffff ffff ffff  ................
00018b90: ffff ffff ffff ffff ffff ffff ffff ffff  ................
00018ba0: ffff ffff ffff ffff ffff ffff ffff ffff  ................
00018bb0: ffff ffff ffff ffff ffff ffff ffff ffff  ................
00018bc0: ffff ffff ffff ffff ffff ffff ffff ffff  ................
00018bd0: ffff ffff ffff ffff ffff ffff ffff ffff  ................
00018be0: ffff ffff ffff ffff ffff ffff ffff ffff  ................
00018bf0: ffff ffff ffff ffff ffff ffff ffff ffff  ................
00018c00: ffff ffff ffff ffff ffff ffff ffff ffff  ................
00018c10: ffff ffff ffff ffff ffff ffff ffff ffff  ................
00018c20: ffff ffff ffff ffff ffff ffff ffff ffff  ................
00018c30: ffff ffff ffff ffff ffff ffff ffff ffff  ................
00018c40: ffff ffff ffff ffff ffff ffff ffff ffff  ................
00018c50: ffff ffff ffff ffff ffff ffff ffff ffff  ................
00018c60: ffff ffff ffff ffff ffff ffff ffff ffff  ................
00018c70: ffff ffff ffff ffff ffff ffff ffff ffff  ................
00018c80: ffff ffff ffff ffff ffff ffff ffff ffff  ................
00018c90: ffff ffff ffff ffff ffff ffff ffff ffff  ................
00018ca0: ffff ffff ffff ffff ffff ffff ffff ffff  ................
00018cb0: ffff ffff ffff ffff ffff ffff ffff ffff  ................
00018cc0: ffff ffff ffff ffff ffff ffff ffff ffff  ................
00018cd0: ffff ffff ffff ffff ffff ffff ffff ffff  ................
00018ce0: ffff ffff ffff ffff ffff ffff ffff ffff  ................
00018cf0: ffff ffff ffff ffff ffff ffff ffff ffff  ................
00018d00: ffff ffff ffff ffff ffff ffff ffff ffff  ................
00018d10: ffff ffff ffff ffff ffff ffff ffff ffff  ................
00018d20: ffff ffff ffff ffff ffff ffff ffff ffff  ................
00018d30: ffff ffff ffff ffff ffff ffff ffff ffff  ................
00018d40: ffff ffff ffff ffff ffff ffff ffff ffff  ................
00018d50: ffff ffff ffff ffff ffff ffff ffff ffff  ................
00018d60: ffff ffff ffff ffff ffff ffff ffff ffff  ................
00018d70: ffff ffff ffff ffff ffff ffff ffff ffff  ................
00018d80: ffff ffff ffff ffff ffff ffff ffff ffff  ................
00018d90: ffff ffff ffff ffff ffff ffff ffff ffff  ................
00018da0: ffff ffff ffff ffff ffff ffff ffff ffff  ................
00018db0: ffff ffff ffff ffff ffff ffff ffff ffff  ................
00018dc0: ffff ffff ffff ffff ffff ffff ffff ffff  ................
00018dd0: ffff ffff ffff ffff ffff ffff ffff ffff  ................
00018de0: ffff ffff ffff ffff ffff ffff ffff ffff  ................
00018df0: ffff ffff ffff ffff ffff ffff ffff ffff  ................
00018e00: ffff ffff ffff ffff ffff ffff ffff ffff  ................
00018e10: ffff ffff ffff ffff ffff ffff ffff ffff  ................
00018e20: ffff ffff ffff ffff ffff ffff ffff ffff  ................
00018e30: ffff ffff ffff ffff ffff ffff ffff ffff  ................
00018e40: ffff ffff ffff ffff ffff ffff ffff ffff  ................
00018e50: ffff ffff ffff ffff ffff ffff ffff ffff  ................
00018e60: ffff ffff ffff ffff ffff ffff ffff ffff  ................
00018e70: ffff ffff ffff ffff ffff ffff ffff ffff  ................
00018e80: ffff ffff ffff ffff ffff ffff ffff ffff  ................
00018e90: ffff ffff ffff ffff ffff ffff ffff ffff  ................
00018ea0: ffff ffff ffff ffff ffff ffff ffff ffff  ................
00018eb0: ffff ffff ffff ffff ffff ffff ffff ffff  ................
00018ec0: ffff ffff ffff ffff ffff ffff ffff ffff  ................
00018ed0: ffff ffff ffff ffff ffff ffff ffff ffff  ................
00018ee0: ffff ffff ffff ffff ffff ffff ffff ffff  ................
00018ef0: ffff ffff ffff ffff ffff ffff ffff ffff  ................
00018f00: ffff ffff ffff ffff ffff ffff ffff ffff  ................
00018f10: ffff ffff ffff ffff ffff ffff ffff ffff  ................
00018f20: ffff ffff ffff ffff ffff ffff ffff ffff  ................
00018f30: ffff ffff ffff ffff ffff ffff ffff ffff  ................
00018f40: ffff ffff ffff ffff ffff ffff ffff ffff  ................
00018f50: ffff ffff ffff ffff ffff ffff ffff ffff  ................
00018f60: ffff ffff ffff ffff ffff ffff ffff ffff  ................
00018f70: ffff ffff ffff ffff ffff ffff ffff ffff  ................
00018f80: ffff ffff ffff ffff ffff ffff ffff ffff  ................
00018f90: ffff ffff ffff ffff ffff ffff ffff ffff  ................
00018fa0: ffff ffff ffff ffff ffff ffff ffff ffff  ................
00018fb0: ffff ffff ffff ffff ffff ffff ffff ffff  ................
00018fc0: ffff ffff ffff ffff ffff ffff ffff ffff  ................
00018fd0: ffff ffff ffff ffff ffff ffff ffff ffff  ................
00018fe0: ffff ffff ffff ffff ffff ffff ffff ffff  ................
00018ff0: ffff ffff ffff ffff ffff ffff ffff ffff  ................
00019000: ffff ffff ffff ffff ffff ffff ffff ffff  ................
00019010: ffff ffff ffff ffff ffff ffff ffff ffff  ................
00019020: ffff ffff ffff ffff ffff ffff ffff ffff  ................
00019030: ffff ffff ffff ffff ffff ffff ffff ffff  ................
00019040: ffff ffff ffff ffff ffff ffff ffff ffff  ................
00019050: ffff ffff ffff ffff ffff ffff ffff ffff  ................
00019060: ffff ffff ffff ffff ffff ffff ffff ffff  ................
00019070: ffff ffff ffff ffff ffff ffff ffff ffff  ................
00019080: ffff ffff ffff ffff ffff ffff ffff ffff  ................
00019090: ffff ffff ffff ffff ffff ffff ffff ffff  ................
000190a0: ffff ffff ffff ffff ffff ffff ffff ffff  ................
000190b0: ffff ffff ffff ffff ffff ffff ffff ffff  ................
000190c0: ffff ffff ffff ffff ffff ffff ffff ffff  ................
000190d0: ffff ffff ffff ffff ffff ffff ffff ffff  ................
000190e0: ffff ffff ffff ffff ffff ffff ffff ffff  ................
000190f0: ffff ffff ffff ffff ffff ffff ffff ffff  ................
00019100: ffff ffff ffff ffff ffff ffff ffff ffff  ................
00019110: ffff ffff ffff ffff ffff ffff ffff ffff  ................
00019120: ffff ffff ffff ffff ffff ffff ffff ffff  ................
00019130: ffff ffff ffff ffff ffff ffff ffff ffff  ................
00019140: ffff ffff ffff ffff ffff ffff ffff ffff  ................
00019150: ffff ffff ffff ffff ffff ffff ffff ffff  ................
00019160: ffff ffff ffff ffff ffff ffff ffff ffff  ................
00019170: ffff ffff ffff ffff ffff ffff ffff ffff  ................
00019180: ffff ffff ffff ffff ffff ffff ffff ffff  ................
00019190: ffff ffff ffff ffff ffff ffff ffff ffff  ................
000191a0: ffff ffff ffff ffff ffff ffff ffff ffff  ................
000191b0: ffff ffff ffff ffff ffff ffff ffff ffff  ................
000191c0: ffff ffff ffff ffff ffff ffff ffff ffff  ................
000191d0: ffff ffff ffff ffff ffff ffff ffff ffff  ................
000191e0: ffff ffff ffff ffff ffff ffff ffff ffff  ................
000191f0: ffff ffff ffff ffff ffff ffff ffff ffff  ................
00019200: ffff ffff ffff ffff ffff ffff ffff ffff  ................
00019210: ffff ffff ffff ffff ffff ffff ffff ffff  ................
00019220: ffff ffff ffff ffff ffff ffff ffff ffff  ................
00019230: ffff ffff ffff ffff ffff ffff ffff ffff  ................
00019240: ffff ffff ffff ffff ffff ffff ffff ffff  ................
00019250: ffff ffff ffff ffff ffff ffff ffff ffff  ................
00019260: ffff ffff ffff ffff ffff ffff ffff ffff  ................
00019270: ffff ffff ffff ffff ffff ffff ffff ffff  ................
00019280: ffff ffff ffff ffff ffff ffff ffff ffff  ................
00019290: ffff ffff ffff ffff ffff ffff ffff ffff  ................
000192a0: ffff ffff ffff ffff ffff ffff ffff ffff  ................
000192b0: ffff ffff ffff ffff ffff ffff ffff ffff  ................
000192c0: ffff ffff ffff ffff ffff ffff ffff ffff  ................
000192d0: ffff ffff ffff ffff ffff ffff ffff ffff  ................
000192e0: ffff ffff ffff ffff ffff ffff ffff ffff  ................
000192f0: ffff ffff ffff ffff ffff ffff ffff ffff  ................
00019300: ffff ffff ffff ffff ffff ffff ffff ffff  ................
00019310: ffff ffff ffff ffff ffff ffff ffff ffff  ................
00019320: ffff ffff ffff ffff ffff ffff ffff ffff  ................
00019330: ffff ffff ffff ffff ffff ffff ffff ffff  ................
00019340: ffff ffff ffff ffff ffff ffff ffff ffff  ................
00019350: ffff ffff ffff ffff ffff ffff ffff ffff  ................
00019360: ffff ffff ffff ffff ffff ffff ffff ffff  ................
00019370: ffff ffff ffff ffff ffff ffff ffff ffff  ................
00019380: ffff ffff ffff ffff ffff ffff ffff ffff  ................
00019390: ffff ffff ffff ffff ffff ffff ffff ffff  ................
000193a0: ffff ffff ffff ffff ffff ffff ffff ffff  ................
000193b0: ffff ffff ffff ffff ffff ffff ffff ffff  ................
000193c0: ffff ffff ffff ffff ffff ffff ffff ffff  ................
000193d0: ffff ffff ffff ffff ffff ffff ffff ffff  ................
000193e0: ffff ffff ffff ffff ffff ffff ffff ffff  ................
000193f0: ffff ffff ffff ffff ffff ffff ffff ffff  ................
00019400: ffff ffff ffff ffff ffff ffff ffff ffff  ................
00019410: ffff ffff ffff ffff ffff ffff ffff ffff  ................
00019420: ffff ffff ffff ffff ffff ffff ffff ffff  ................
00019430: ffff ffff ffff ffff ffff ffff ffff ffff  ................
00019440: ffff ffff ffff ffff ffff ffff ffff ffff  ................
00019450: ffff ffff ffff ffff ffff ffff ffff ffff  ................
00019460: ffff ffff ffff ffff ffff ffff ffff ffff  ................
00019470: ffff ffff ffff ffff ffff ffff ffff ffff  ................
00019480: ffff ffff ffff ffff ffff ffff ffff ffff  ................
00019490: ffff ffff ffff ffff ffff ffff ffff ffff  ................
000194a0: ffff ffff ffff ffff ffff ffff ffff ffff  ................
000194b0: ffff ffff ffff ffff ffff ffff ffff ffff  ................
000194c0: ffff ffff ffff ffff ffff ffff ffff ffff  ................
000194d0: ffff ffff ffff ffff ffff ffff ffff ffff  ................
000194e0: ffff ffff ffff ffff ffff ffff ffff ffff  ................
000194f0: ffff ffff ffff ffff ffff ffff ffff ffff  ................
00019500: ffff ffff ffff ffff ffff ffff ffff ffff  ................
00019510: ffff ffff ffff ffff ffff ffff ffff ffff  ................
00019520: ffff ffff ffff ffff ffff ffff ffff ffff  ................
00019530: ffff ffff ffff ffff ffff ffff ffff ffff  ................
00019540: ffff ffff ffff ffff ffff ffff ffff ffff  ................
00019550: ffff ffff ffff ffff ffff ffff ffff ffff  ................
00019560: ffff ffff ffff ffff ffff ffff ffff ffff  ................
00019570: ffff ffff ffff ffff ffff ffff ffff ffff  ................
00019580: ffff ffff ffff ffff ffff ffff ffff ffff  ................
00019590: ffff ffff ffff ffff ffff ffff ffff ffff  ................
000195a0: ffff ffff ffff ffff ffff ffff ffff ffff  ................
000195b0: ffff ffff ffff ffff ffff ffff ffff ffff  ................
000195c0: ffff ffff ffff ffff ffff ffff ffff ffff  ................
000195d0: ffff ffff ffff ffff ffff ffff ffff ffff  ................
000195e0: ffff ffff ffff ffff ffff ffff ffff ffff  ................
000195f0: ffff ffff ffff ffff ffff ffff ffff ffff  ................
00019600: ffff ffff ffff ffff ffff ffff ffff ffff  ................
00019610: ffff ffff ffff ffff ffff ffff ffff ffff  ................
00019620: ffff ffff ffff ffff ffff ffff ffff ffff  ................
00019630: ffff ffff ffff ffff ffff ffff ffff ffff  ................
00019640: ffff ffff ffff ffff ffff ffff ffff ffff  ................
00019650: ffff ffff ffff ffff ffff ffff ffff ffff  ................
00019660: ffff ffff ffff ffff ffff ffff ffff ffff  ................
00019670: ffff ffff ffff ffff ffff ffff ffff ffff  ................
00019680: ffff ffff ffff ffff ffff ffff ffff ffff  ................
00019690: ffff ffff ffff ffff ffff ffff ffff ffff  ................
000196a0: ffff ffff ffff ffff ffff ffff ffff ffff  ................
000196b0: ffff ffff ffff ffff ffff ffff ffff ffff  ................
000196c0: ffff ffff ffff ffff ffff ffff ffff ffff  ................
000196d0: ffff ffff ffff ffff ffff ffff ffff ffff  ................
000196e0: ffff ffff ffff ffff ffff ffff ffff ffff  ................
000196f0: ffff ffff ffff ffff ffff ffff ffff ffff  ................
00019700: ffff ffff ffff ffff ffff ffff ffff ffff  ................
00019710: ffff ffff ffff ffff ffff ffff ffff ffff  ................
00019720: ffff ffff ffff ffff ffff ffff ffff ffff  ................
00019730: ffff ffff ffff ffff ffff ffff ffff ffff  ................
00019740: ffff ffff ffff ffff ffff ffff ffff ffff  ................
00019750: ffff ffff ffff ffff ffff ffff ffff ffff  ................
00019760: ffff ffff ffff ffff ffff ffff ffff ffff  ................
00019770: ffff ffff ffff ffff ffff ffff ffff ffff  ................
00019780: ffff ffff ffff ffff ffff ffff ffff ffff  ................
00019790: ffff ffff ffff ffff ffff ffff ffff ffff  ................
000197a0: ffff ffff ffff ffff ffff ffff ffff ffff  ................
000197b0: ffff ffff ffff ffff ffff ffff ffff ffff  ................
000197c0: ffff ffff ffff ffff ffff ffff ffff ffff  ................
000197d0: ffff ffff ffff ffff ffff ffff ffff ffff  ................
000197e0: ffff ffff ffff ffff ffff ffff ffff ffff  ................
000197f0: ffff ffff ffff ffff ffff ffff ffff ffff  ................
00019800: ffff ffff ffff ffff ffff ffff ffff ffff  ................
00019810: ffff ffff ffff ffff ffff ffff ffff ffff  ................
00019820: ffff ffff ffff ffff ffff ffff ffff ffff  ................
00019830: ffff ffff ffff ffff ffff ffff ffff ffff  ................
00019840: ffff ffff ffff ffff ffff ffff ffff ffff  ................
00019850: ffff ffff ffff ffff ffff ffff ffff ffff  ................
00019860: ffff ffff ffff ffff ffff ffff ffff ffff  ................
00019870: ffff ffff ffff ffff ffff ffff ffff ffff  ................
00019880: ffff ffff ffff ffff ffff ffff ffff ffff  ................
00019890: ffff ffff ffff ffff ffff ffff ffff ffff  ................
000198a0: ffff ffff ffff ffff ffff ffff ffff ffff  ................
000198b0: ffff ffff ffff ffff ffff ffff ffff ffff  ................
000198c0: ffff ffff ffff ffff ffff ffff ffff ffff  ................
000198d0: ffff ffff ffff ffff ffff ffff ffff ffff  ................
000198e0: ffff ffff ffff ffff ffff ffff ffff ffff  ................
000198f0: ffff ffff ffff ffff ffff ffff ffff ffff  ................
00019900: ffff ffff ffff ffff ffff ffff ffff ffff  ................
00019910: ffff ffff ffff ffff ffff ffff ffff ffff  ................
00019920: ffff ffff ffff ffff ffff ffff ffff ffff  ................
00019930: ffff ffff ffff ffff ffff ffff ffff ffff  ................
00019940: ffff ffff ffff ffff ffff ffff ffff ffff  ................
00019950: ffff ffff ffff ffff ffff ffff ffff ffff  ................
00019960: ffff ffff ffff ffff ffff ffff ffff ffff  ................
00019970: ffff ffff ffff ffff ffff ffff ffff ffff  ................
00019980: ffff ffff ffff ffff ffff ffff ffff ffff  ................
00019990: ffff ffff ffff ffff ffff ffff ffff ffff  ................
000199a0: ffff ffff ffff ffff ffff ffff ffff ffff  ................
000199b0: ffff ffff ffff ffff ffff ffff ffff ffff  ................
000199c0: ffff ffff ffff ffff ffff ffff ffff ffff  ................
000199d0: ffff ffff ffff ffff ffff ffff ffff ffff  ................
000199e0: ffff ffff ffff ffff ffff ffff ffff ffff  ................
000199f0: ffff ffff ffff ffff ffff ffff ffff ffff  ................
00019a00: ffff ffff ffff ffff ffff ffff ffff ffff  ................
00019a10: ffff ffff ffff ffff ffff ffff ffff ffff  ................
00019a20: ffff ffff ffff ffff ffff ffff ffff ffff  ................
00019a30: ffff ffff ffff ffff ffff ffff ffff ffff  ................
00019a40: ffff ffff ffff ffff ffff ffff ffff ffff  ................
00019a50: ffff ffff ffff ffff ffff ffff ffff ffff  ................
00019a60: ffff ffff ffff ffff ffff ffff ffff ffff  ................
00019a70: ffff ffff ffff ffff ffff ffff ffff ffff  ................
00019a80: ffff ffff ffff ffff ffff ffff ffff ffff  ................
00019a90: ffff ffff ffff ffff ffff ffff ffff ffff  ................
00019aa0: ffff ffff ffff ffff ffff ffff ffff ffff  ................
00019ab0: ffff ffff ffff ffff ffff ffff ffff ffff  ................
00019ac0: ffff ffff ffff ffff ffff ffff ffff ffff  ................
00019ad0: ffff ffff ffff ffff ffff ffff ffff ffff  ................
00019ae0: ffff ffff ffff ffff ffff ffff ffff ffff  ................
00019af0: ffff ffff ffff ffff ffff ffff ffff ffff  ................
00019b00: ffff ffff ffff ffff ffff ffff ffff ffff  ................
00019b10: ffff ffff ffff ffff ffff ffff ffff ffff  ................
00019b20: ffff ffff ffff ffff ffff ffff ffff ffff  ................
00019b30: ffff ffff ffff ffff ffff ffff ffff ffff  ................
00019b40: ffff ffff ffff ffff ffff ffff ffff ffff  ................
00019b50: ffff ffff ffff ffff ffff ffff ffff ffff  ................
00019b60: ffff ffff ffff ffff ffff ffff ffff ffff  ................
00019b70: ffff ffff ffff ffff ffff ffff ffff ffff  ................
00019b80: ffff ffff ffff ffff ffff ffff ffff ffff  ................
00019b90: ffff ffff ffff ffff ffff ffff ffff ffff  ................
00019ba0: ffff ffff ffff ffff ffff ffff ffff ffff  ................
00019bb0: ffff ffff ffff ffff ffff ffff ffff ffff  ................
00019bc0: ffff ffff ffff ffff ffff ffff ffff ffff  ................
00019bd0: ffff ffff ffff ffff ffff ffff ffff ffff  ................
00019be0: ffff ffff ffff ffff ffff ffff ffff ffff  ................
00019bf0: ffff ffff ffff ffff ffff ffff ffff ffff  ................
00019c00: ffff ffff ffff ffff ffff ffff ffff ffff  ................
00019c10: ffff ffff ffff ffff ffff ffff ffff ffff  ................
00019c20: ffff ffff ffff ffff ffff ffff ffff ffff  ................
00019c30: ffff ffff ffff ffff ffff ffff ffff ffff  ................
00019c40: ffff ffff ffff ffff ffff ffff ffff ffff  ................
00019c50: ffff ffff ffff ffff ffff ffff ffff ffff  ................
00019c60: ffff ffff ffff ffff ffff ffff ffff ffff  ................
00019c70: ffff ffff ffff ffff ffff ffff ffff ffff  ................
00019c80: ffff ffff ffff ffff ffff ffff ffff ffff  ................
00019c90: ffff ffff ffff ffff ffff ffff ffff ffff  ................
00019ca0: ffff ffff ffff ffff ffff ffff ffff ffff  ................
00019cb0: ffff ffff ffff ffff ffff ffff ffff ffff  ................
00019cc0: ffff ffff ffff ffff ffff ffff ffff ffff  ................
00019cd0: ffff ffff ffff ffff ffff ffff ffff ffff  ................
00019ce0: ffff ffff ffff ffff ffff ffff ffff ffff  ................
00019cf0: ffff ffff ffff ffff ffff ffff ffff ffff  ................
00019d00: ffff ffff ffff ffff ffff ffff ffff ffff  ................
00019d10: ffff ffff ffff ffff ffff ffff ffff ffff  ................
00019d20: ffff ffff ffff ffff ffff ffff ffff ffff  ................
00019d30: ffff ffff ffff ffff ffff ffff ffff ffff  ................
00019d40: ffff ffff ffff ffff ffff ffff ffff ffff  ................
00019d50: ffff ffff ffff ffff ffff ffff ffff ffff  ................
00019d60: ffff ffff ffff ffff ffff ffff ffff ffff  ................
00019d70: ffff ffff ffff ffff ffff ffff ffff ffff  ................
00019d80: ffff ffff ffff ffff ffff ffff ffff ffff  ................
00019d90: ffff ffff ffff ffff ffff ffff ffff ffff  ................
00019da0: ffff ffff ffff ffff ffff ffff ffff ffff  ................
00019db0: ffff ffff ffff ffff ffff ffff ffff ffff  ................
00019dc0: ffff ffff ffff ffff ffff ffff ffff ffff  ................
00019dd0: ffff ffff ffff ffff ffff ffff ffff ffff  ................
00019de0: ffff ffff ffff ffff ffff ffff ffff ffff  ................
00019df0: ffff ffff ffff ffff ffff ffff ffff ffff  ................
00019e00: ffff ffff ffff ffff ffff ffff ffff ffff  ................
00019e10: ffff ffff ffff ffff ffff ffff ffff ffff  ................
00019e20: ffff ffff ffff ffff ffff ffff ffff ffff  ................
00019e30: ffff ffff ffff ffff ffff ffff ffff ffff  ................
00019e40: ffff ffff ffff ffff ffff ffff ffff ffff  ................
00019e50: ffff ffff ffff ffff ffff ffff ffff ffff  ................
00019e60: ffff ffff ffff ffff ffff ffff ffff ffff  ................
00019e70: ffff ffff ffff ffff ffff ffff ffff ffff  ................
00019e80: ffff ffff ffff ffff ffff ffff ffff ffff  ................
00019e90: ffff ffff ffff ffff ffff ffff ffff ffff  ................
00019ea0: ffff ffff ffff ffff ffff ffff ffff ffff  ................
00019eb0: ffff ffff ffff ffff ffff ffff ffff ffff  ................
00019ec0: ffff ffff ffff ffff ffff ffff ffff ffff  ................
00019ed0: ffff ffff ffff ffff ffff ffff ffff ffff  ................
00019ee0: ffff ffff ffff ffff ffff ffff ffff ffff  ................
00019ef0: ffff ffff ffff ffff ffff ffff ffff ffff  ................
00019f00: ffff ffff ffff ffff ffff ffff ffff ffff  ................
00019f10: ffff ffff ffff ffff ffff ffff ffff ffff  ................
00019f20: ffff ffff ffff ffff ffff ffff ffff ffff  ................
00019f30: ffff ffff ffff ffff ffff ffff ffff ffff  ................
00019f40: ffff ffff ffff ffff ffff ffff ffff ffff  ................
00019f50: ffff ffff ffff ffff ffff ffff ffff ffff  ................
00019f60: ffff ffff ffff ffff ffff ffff ffff ffff  ................
00019f70: ffff ffff ffff ffff ffff ffff ffff ffff  ................
00019f80: ffff ffff ffff ffff ffff ffff ffff ffff  ................
00019f90: ffff ffff ffff ffff ffff ffff ffff ffff  ................
00019fa0: ffff ffff ffff ffff ffff ffff ffff ffff  ................
00019fb0: ffff ffff ffff ffff ffff ffff ffff ffff  ................
00019fc0: ffff ffff ffff ffff ffff ffff ffff ffff  ................
00019fd0: ffff ffff ffff ffff ffff ffff ffff ffff  ................
00019fe0: ffff ffff ffff ffff ffff ffff ffff ffff  ................
00019ff0: ffff ffff ffff ffff ffff ffff ffff ffff  ................
0001a000: ffff ffff ffff ffff ffff ffff ffff ffff  ................
0001a010: ffff ffff ffff ffff ffff ffff ffff ffff  ................
0001a020: ffff ffff ffff ffff ffff ffff ffff ffff  ................
0001a030: ffff ffff ffff ffff ffff ffff ffff ffff  ................
0001a040: ffff ffff ffff ffff ffff ffff ffff ffff  ................
0001a050: ffff ffff ffff ffff ffff ffff ffff ffff  ................
0001a060: ffff ffff ffff ffff ffff ffff ffff ffff  ................
0001a070: ffff ffff ffff ffff ffff ffff ffff ffff  ................
0001a080: ffff ffff ffff ffff ffff ffff ffff ffff  ................
0001a090: ffff ffff ffff ffff ffff ffff ffff ffff  ................
0001a0a0: ffff ffff ffff ffff ffff ffff ffff ffff  ................
0001a0b0: ffff ffff ffff ffff ffff ffff ffff ffff  ................
0001a0c0: ffff ffff ffff ffff ffff ffff ffff ffff  ................
0001a0d0: ffff ffff ffff ffff ffff ffff ffff ffff  ................
0001a0e0: ffff ffff ffff ffff ffff ffff ffff ffff  ................
0001a0f0: ffff ffff ffff ffff ffff ffff ffff ffff  ................
0001a100: ffff ffff ffff ffff ffff ffff ffff ffff  ................
0001a110: ffff ffff ffff ffff ffff ffff ffff ffff  ................
0001a120: ffff ffff ffff ffff ffff ffff ffff ffff  ................
0001a130: ffff ffff ffff ffff ffff ffff ffff ffff  ................
0001a140: ffff ffff ffff ffff ffff ffff ffff ffff  ................
0001a150: ffff ffff ffff ffff ffff ffff ffff ffff  ................
0001a160: ffff ffff ffff ffff ffff ffff ffff ffff  ................
0001a170: ffff ffff ffff ffff ffff ffff ffff ffff  ................
0001a180: ffff ffff ffff ffff ffff ffff ffff ffff  ................
0001a190: ffff ffff ffff ffff ffff ffff ffff ffff  ................
0001a1a0: ffff ffff ffff ffff ffff ffff ffff ffff  ................
0001a1b0: ffff ffff ffff ffff ffff ffff ffff ffff  ................
0001a1c0: ffff ffff ffff ffff ffff ffff ffff ffff  ................
0001a1d0: ffff ffff ffff ffff ffff ffff ffff ffff  ................
0001a1e0: ffff ffff ffff ffff ffff ffff ffff ffff  ................
0001a1f0: ffff ffff ffff ffff ffff ffff ffff ffff  ................
0001a200: ffff ffff ffff ffff ffff ffff ffff ffff  ................
0001a210: ffff ffff ffff ffff ffff ffff ffff ffff  ................
0001a220: ffff ffff ffff ffff ffff ffff ffff ffff  ................
0001a230: ffff ffff ffff ffff ffff ffff ffff ffff  ................
0001a240: ffff ffff ffff ffff ffff ffff ffff ffff  ................
0001a250: ffff ffff ffff ffff ffff ffff ffff ffff  ................
0001a260: ffff ffff ffff ffff ffff ffff ffff ffff  ................
0001a270: ffff ffff ffff ffff ffff ffff ffff ffff  ................
0001a280: ffff ffff ffff ffff ffff ffff ffff ffff  ................
0001a290: ffff ffff ffff ffff ffff ffff ffff ffff  ................
0001a2a0: ffff ffff ffff ffff ffff ffff ffff ffff  ................
0001a2b0: ffff ffff ffff ffff ffff ffff ffff ffff  ................
0001a2c0: ffff ffff ffff ffff ffff ffff ffff ffff  ................
0001a2d0: ffff ffff ffff ffff ffff ffff ffff ffff  ................
0001a2e0: ffff ffff ffff ffff ffff ffff ffff ffff  ................
0001a2f0: ffff ffff ffff ffff ffff ffff ffff ffff  ................
0001a300: ffff ffff ffff ffff ffff ffff ffff ffff  ................
0001a310: ffff ffff ffff ffff ffff ffff ffff ffff  ................
0001a320: ffff ffff ffff ffff ffff ffff ffff ffff  ................
0001a330: ffff ffff ffff ffff ffff ffff ffff ffff  ................
0001a340: ffff ffff ffff ffff ffff ffff ffff ffff  ................
0001a350: ffff ffff ffff ffff ffff ffff ffff ffff  ................
0001a360: ffff ffff ffff ffff ffff ffff ffff ffff  ................
0001a370: ffff ffff ffff ffff ffff ffff ffff ffff  ................
0001a380: ffff ffff ffff ffff ffff ffff ffff ffff  ................
0001a390: ffff ffff ffff ffff ffff ffff ffff ffff  ................
0001a3a0: ffff ffff ffff ffff ffff ffff ffff ffff  ................
0001a3b0: ffff ffff ffff ffff ffff ffff ffff ffff  ................
0001a3c0: ffff ffff ffff ffff ffff ffff ffff ffff  ................
0001a3d0: ffff ffff ffff ffff ffff ffff ffff ffff  ................
0001a3e0: ffff ffff ffff ffff ffff ffff ffff ffff  ................
0001a3f0: ffff ffff ffff ffff ffff ffff ffff ffff  ................
0001a400: ffff ffff ffff ffff ffff ffff ffff ffff  ................
0001a410: ffff ffff ffff ffff ffff ffff ffff ffff  ................
0001a420: ffff ffff ffff ffff ffff ffff ffff ffff  ................
0001a430: ffff ffff ffff ffff ffff ffff ffff ffff  ................
0001a440: ffff ffff ffff ffff ffff ffff ffff ffff  ................
0001a450: ffff ffff ffff ffff ffff ffff ffff ffff  ................
0001a460: ffff ffff ffff ffff ffff ffff ffff ffff  ................
0001a470: ffff ffff ffff ffff ffff ffff ffff ffff  ................
0001a480: ffff ffff ffff ffff ffff ffff ffff ffff  ................
0001a490: ffff ffff ffff ffff ffff ffff ffff ffff  ................
0001a4a0: ffff ffff ffff ffff ffff ffff ffff ffff  ................
0001a4b0: ffff ffff ffff ffff ffff ffff ffff ffff  ................
0001a4c0: ffff ffff ffff ffff ffff ffff ffff ffff  ................
0001a4d0: ffff ffff ffff ffff ffff ffff ffff ffff  ................
0001a4e0: ffff ffff ffff ffff ffff ffff ffff ffff  ................
0001a4f0: ffff ffff ffff ffff ffff ffff ffff ffff  ................
0001a500: ffff ffff ffff ffff ffff ffff ffff ffff  ................
0001a510: ffff ffff ffff ffff ffff ffff ffff ffff  ................
0001a520: ffff ffff ffff ffff ffff ffff ffff ffff  ................
0001a530: ffff ffff ffff ffff ffff ffff ffff ffff  ................
0001a540: ffff ffff ffff ffff ffff ffff ffff ffff  ................
0001a550: ffff ffff ffff ffff ffff ffff ffff ffff  ................
0001a560: ffff ffff ffff ffff ffff ffff ffff ffff  ................
0001a570: ffff ffff ffff ffff ffff ffff ffff ffff  ................
0001a580: ffff ffff ffff ffff ffff ffff ffff ffff  ................
0001a590: ffff ffff ffff ffff ffff ffff ffff ffff  ................
0001a5a0: ffff ffff ffff ffff ffff ffff ffff ffff  ................
0001a5b0: ffff ffff ffff ffff ffff ffff ffff ffff  ................
0001a5c0: ffff ffff ffff ffff ffff ffff ffff ffff  ................
0001a5d0: ffff ffff ffff ffff ffff ffff ffff ffff  ................
0001a5e0: ffff ffff ffff ffff ffff ffff ffff ffff  ................
0001a5f0: ffff ffff ffff ffff ffff ffff ffff ffff  ................
0001a600: ffff ffff ffff ffff ffff ffff ffff ffff  ................
0001a610: ffff ffff ffff ffff ffff ffff ffff ffff  ................
0001a620: ffff ffff ffff ffff ffff ffff ffff ffff  ................
0001a630: ffff ffff ffff ffff ffff ffff ffff ffff  ................
0001a640: ffff ffff ffff ffff ffff ffff ffff ffff  ................
0001a650: ffff ffff ffff ffff ffff ffff ffff ffff  ................
0001a660: ffff ffff ffff ffff ffff ffff ffff ffff  ................
0001a670: ffff ffff ffff ffff ffff ffff ffff ffff  ................
0001a680: ffff ffff ffff ffff ffff ffff ffff ffff  ................
0001a690: ffff ffff ffff ffff ffff ffff ffff ffff  ................
0001a6a0: ffff ffff ffff ffff ffff ffff ffff ffff  ................
0001a6b0: ffff ffff ffff ffff ffff ffff ffff ffff  ................
0001a6c0: ffff ffff ffff ffff ffff ffff ffff ffff  ................
0001a6d0: ffff ffff ffff ffff ffff ffff ffff ffff  ................
0001a6e0: ffff ffff ffff ffff ffff ffff ffff ffff  ................
0001a6f0: ffff ffff ffff ffff ffff ffff ffff ffff  ................
0001a700: ffff ffff ffff ffff ffff ffff ffff ffff  ................
0001a710: ffff ffff ffff ffff ffff ffff ffff ffff  ................
0001a720: ffff ffff ffff ffff ffff ffff ffff ffff  ................
0001a730: ffff ffff ffff ffff ffff ffff ffff ffff  ................
0001a740: ffff ffff ffff ffff ffff ffff ffff ffff  ................
0001a750: ffff ffff ffff ffff ffff ffff ffff ffff  ................
0001a760: ffff ffff ffff ffff ffff ffff ffff ffff  ................
0001a770: ffff ffff ffff ffff ffff ffff ffff ffff  ................
0001a780: ffff ffff ffff ffff ffff ffff ffff ffff  ................
0001a790: ffff ffff ffff ffff ffff ffff ffff ffff  ................
0001a7a0: ffff ffff ffff ffff ffff ffff ffff ffff  ................
0001a7b0: ffff ffff ffff ffff ffff ffff ffff ffff  ................
0001a7c0: ffff ffff ffff ffff ffff ffff ffff ffff  ................
0001a7d0: ffff ffff ffff ffff ffff ffff ffff ffff  ................
0001a7e0: ffff ffff ffff ffff ffff ffff ffff ffff  ................
0001a7f0: ffff ffff ffff ffff ffff ffff ffff ffff  ................
0001a800: ffff ffff ffff ffff ffff ffff ffff ffff  ................
0001a810: ffff ffff ffff ffff ffff ffff ffff ffff  ................
0001a820: ffff ffff ffff ffff ffff ffff ffff ffff  ................
0001a830: ffff ffff ffff ffff ffff ffff ffff ffff  ................
0001a840: ffff ffff ffff ffff ffff ffff ffff ffff  ................
0001a850: ffff ffff ffff ffff ffff ffff ffff ffff  ................
0001a860: ffff ffff ffff ffff ffff ffff ffff ffff  ................
0001a870: ffff ffff ffff ffff ffff ffff ffff ffff  ................
0001a880: ffff ffff ffff ffff ffff ffff ffff ffff  ................
0001a890: ffff ffff ffff ffff ffff ffff ffff ffff  ................
0001a8a0: ffff ffff ffff ffff ffff ffff ffff ffff  ................
0001a8b0: ffff ffff ffff ffff ffff ffff ffff ffff  ................
0001a8c0: ffff ffff ffff ffff ffff ffff ffff ffff  ................
0001a8d0: ffff ffff ffff ffff ffff ffff ffff ffff  ................
0001a8e0: ffff ffff ffff ffff ffff ffff ffff ffff  ................
0001a8f0: ffff ffff ffff ffff ffff ffff ffff ffff  ................
0001a900: ffff ffff ffff ffff ffff ffff ffff ffff  ................
0001a910: ffff ffff ffff ffff ffff ffff ffff ffff  ................
0001a920: ffff ffff ffff ffff ffff ffff ffff ffff  ................
0001a930: ffff ffff ffff ffff ffff ffff ffff ffff  ................
0001a940: ffff ffff ffff ffff ffff ffff ffff ffff  ................
0001a950: ffff ffff ffff ffff ffff ffff ffff ffff  ................
0001a960: ffff ffff ffff ffff ffff ffff ffff ffff  ................
0001a970: ffff ffff ffff ffff ffff ffff ffff ffff  ................
0001a980: ffff ffff ffff ffff ffff ffff ffff ffff  ................
0001a990: ffff ffff ffff ffff ffff ffff ffff ffff  ................
0001a9a0: ffff ffff ffff ffff ffff ffff ffff ffff  ................
0001a9b0: ffff ffff ffff ffff ffff ffff ffff ffff  ................
0001a9c0: ffff ffff ffff ffff ffff ffff ffff ffff  ................
0001a9d0: ffff ffff ffff ffff ffff ffff ffff ffff  ................
0001a9e0: ffff ffff ffff ffff ffff ffff ffff ffff  ................
0001a9f0: ffff ffff ffff ffff ffff ffff ffff ffff  ................
0001aa00: ffff ffff ffff ffff ffff ffff ffff ffff  ................
0001aa10: ffff ffff ffff ffff ffff ffff ffff ffff  ................
0001aa20: ffff ffff ffff ffff ffff ffff ffff ffff  ................
0001aa30: ffff ffff ffff ffff ffff ffff ffff ffff  ................
0001aa40: ffff ffff ffff ffff ffff ffff ffff ffff  ................
0001aa50: ffff ffff ffff ffff ffff ffff ffff ffff  ................
0001aa60: ffff ffff ffff ffff ffff ffff ffff ffff  ................
0001aa70: ffff ffff ffff ffff ffff ffff ffff ffff  ................
0001aa80: ffff ffff ffff ffff ffff ffff ffff ffff  ................
0001aa90: ffff ffff ffff ffff ffff ffff ffff ffff  ................
0001aaa0: ffff ffff ffff ffff ffff ffff ffff ffff  ................
0001aab0: ffff ffff ffff ffff ffff ffff ffff ffff  ................
0001aac0: ffff ffff ffff ffff ffff ffff ffff ffff  ................
0001aad0: ffff ffff ffff ffff ffff ffff ffff ffff  ................
0001aae0: ffff ffff ffff ffff ffff ffff ffff ffff  ................
0001aaf0: ffff ffff ffff ffff ffff ffff ffff ffff  ................
0001ab00: ffff ffff ffff ffff ffff ffff ffff ffff  ................
0001ab10: ffff ffff ffff ffff ffff ffff ffff ffff  ................
0001ab20: ffff ffff ffff ffff ffff ffff ffff ffff  ................
0001ab30: ffff ffff ffff ffff ffff ffff ffff ffff  ................
0001ab40: ffff ffff ffff ffff ffff ffff ffff ffff  ................
0001ab50: ffff ffff ffff ffff ffff ffff ffff ffff  ................
0001ab60: ffff ffff ffff ffff ffff ffff ffff ffff  ................
0001ab70: ffff ffff ffff ffff ffff ffff ffff ffff  ................
0001ab80: ffff ffff ffff ffff ffff ffff ffff ffff  ................
0001ab90: ffff ffff ffff ffff ffff ffff ffff ffff  ................
0001aba0: ffff ffff ffff ffff ffff ffff ffff ffff  ................
0001abb0: ffff ffff ffff ffff ffff ffff ffff ffff  ................
0001abc0: ffff ffff ffff ffff ffff ffff ffff ffff  ................
0001abd0: ffff ffff ffff ffff ffff ffff ffff ffff  ................
0001abe0: ffff ffff ffff ffff ffff ffff ffff ffff  ................
0001abf0: ffff ffff ffff ffff ffff ffff ffff ffff  ................
0001ac00: ffff ffff ffff ffff ffff ffff ffff ffff  ................
0001ac10: ffff ffff ffff ffff ffff ffff ffff ffff  ................
0001ac20: ffff ffff ffff ffff ffff ffff ffff ffff  ................
0001ac30: ffff ffff ffff ffff ffff ffff ffff ffff  ................
0001ac40: ffff ffff ffff ffff ffff ffff ffff ffff  ................
0001ac50: ffff ffff ffff ffff ffff ffff ffff ffff  ................
0001ac60: ffff ffff ffff ffff ffff ffff ffff ffff  ................
0001ac70: ffff ffff ffff ffff ffff ffff ffff ffff  ................
0001ac80: ffff ffff ffff ffff ffff ffff ffff ffff  ................
0001ac90: ffff ffff ffff ffff ffff ffff ffff ffff  ................
0001aca0: ffff ffff ffff ffff ffff ffff ffff ffff  ................
0001acb0: ffff ffff ffff ffff ffff ffff ffff ffff  ................
0001acc0: ffff ffff ffff ffff ffff ffff ffff ffff  ................
0001acd0: ffff ffff ffff ffff ffff ffff ffff ffff  ................
0001ace0: ffff ffff ffff ffff ffff ffff ffff ffff  ................
0001acf0: ffff ffff ffff ffff ffff ffff ffff ffff  ................
0001ad00: ffff ffff ffff ffff ffff ffff ffff ffff  ................
0001ad10: ffff ffff ffff ffff ffff ffff ffff ffff  ................
0001ad20: ffff ffff ffff ffff ffff ffff ffff ffff  ................
0001ad30: ffff ffff ffff ffff ffff ffff ffff ffff  ................
0001ad40: ffff ffff ffff ffff ffff ffff ffff ffff  ................
0001ad50: ffff ffff ffff ffff ffff ffff ffff ffff  ................
0001ad60: ffff ffff ffff ffff ffff ffff ffff ffff  ................
0001ad70: ffff ffff ffff ffff ffff ffff ffff ffff  ................
0001ad80: ffff ffff ffff ffff ffff ffff ffff ffff  ................
0001ad90: ffff ffff ffff ffff ffff ffff ffff ffff  ................
0001ada0: ffff ffff ffff ffff ffff ffff ffff ffff  ................
0001adb0: ffff ffff ffff ffff ffff ffff ffff ffff  ................
0001adc0: ffff ffff ffff ffff ffff ffff ffff ffff  ................
0001add0: ffff ffff ffff ffff ffff ffff ffff ffff  ................
0001ade0: ffff ffff ffff ffff ffff ffff ffff ffff  ................
0001adf0: ffff ffff ffff ffff ffff ffff ffff ffff  ................
0001ae00: ffff ffff ffff ffff ffff ffff ffff ffff  ................
0001ae10: ffff ffff ffff ffff ffff ffff ffff ffff  ................
0001ae20: ffff ffff ffff ffff ffff ffff ffff ffff  ................
0001ae30: ffff ffff ffff ffff ffff ffff ffff ffff  ................
0001ae40: ffff ffff ffff ffff ffff ffff ffff ffff  ................
0001ae50: ffff ffff ffff ffff ffff ffff ffff ffff  ................
0001ae60: ffff ffff ffff ffff ffff ffff ffff ffff  ................
0001ae70: ffff ffff ffff ffff ffff ffff ffff ffff  ................
0001ae80: ffff ffff ffff ffff ffff ffff ffff ffff  ................
0001ae90: ffff ffff ffff ffff ffff ffff ffff ffff  ................
0001aea0: ffff ffff ffff ffff ffff ffff ffff ffff  ................
0001aeb0: ffff ffff ffff ffff ffff ffff ffff ffff  ................
0001aec0: ffff ffff ffff ffff ffff ffff ffff ffff  ................
0001aed0: ffff ffff ffff ffff ffff ffff ffff ffff  ................
0001aee0: ffff ffff ffff ffff ffff ffff ffff ffff  ................
0001aef0: ffff ffff ffff ffff ffff ffff ffff ffff  ................
0001af00: ffff ffff ffff ffff ffff ffff ffff ffff  ................
0001af10: ffff ffff ffff ffff ffff ffff ffff ffff  ................
0001af20: ffff ffff ffff ffff ffff ffff ffff ffff  ................
0001af30: ffff ffff ffff ffff ffff ffff ffff ffff  ................
0001af40: ffff ffff ffff ffff ffff ffff ffff ffff  ................
0001af50: ffff ffff ffff ffff ffff ffff ffff ffff  ................
0001af60: ffff ffff ffff ffff ffff ffff ffff ffff  ................
0001af70: ffff ffff ffff ffff ffff ffff ffff ffff  ................
0001af80: ffff ffff ffff ffff ffff ffff ffff ffff  ................
0001af90: ffff ffff ffff ffff ffff ffff ffff ffff  ................
0001afa0: ffff ffff ffff ffff ffff ffff ffff ffff  ................
0001afb0: ffff ffff ffff ffff ffff ffff ffff ffff  ................
0001afc0: ffff ffff ffff ffff ffff ffff ffff ffff  ................
0001afd0: ffff ffff ffff ffff ffff ffff ffff ffff  ................
0001afe0: ffff ffff ffff ffff ffff ffff ffff ffff  ................
0001aff0: ffff ffff ffff ffff ffff ffff ffff ffff  ................
0001b000: ffff ffff ffff ffff ffff ffff ffff ffff  ................
0001b010: ffff ffff ffff ffff ffff ffff ffff ffff  ................
0001b020: ffff ffff ffff ffff ffff ffff ffff ffff  ................
0001b030: ffff ffff ffff ffff ffff ffff ffff ffff  ................
0001b040: ffff ffff ffff ffff ffff ffff ffff ffff  ................
0001b050: ffff ffff ffff ffff ffff ffff ffff ffff  ................
0001b060: ffff ffff ffff ffff ffff ffff ffff ffff  ................
0001b070: ffff ffff ffff ffff ffff ffff ffff ffff  ................
0001b080: ffff ffff ffff ffff ffff ffff ffff ffff  ................
0001b090: ffff ffff ffff ffff ffff ffff ffff ffff  ................
0001b0a0: ffff ffff ffff ffff ffff ffff ffff ffff  ................
0001b0b0: ffff ffff ffff ffff ffff ffff ffff ffff  ................
0001b0c0: ffff ffff ffff ffff ffff ffff ffff ffff  ................
0001b0d0: ffff ffff ffff ffff ffff ffff ffff ffff  ................
0001b0e0: ffff ffff ffff ffff ffff ffff ffff ffff  ................
0001b0f0: ffff ffff ffff ffff ffff ffff ffff ffff  ................
0001b100: ffff ffff ffff ffff ffff ffff ffff ffff  ................
0001b110: ffff ffff ffff ffff ffff ffff ffff ffff  ................
0001b120: ffff ffff ffff ffff ffff ffff ffff ffff  ................
0001b130: ffff ffff ffff ffff ffff ffff ffff ffff  ................
0001b140: ffff ffff ffff ffff ffff ffff ffff ffff  ................
0001b150: ffff ffff ffff ffff ffff ffff ffff ffff  ................
0001b160: ffff ffff ffff ffff ffff ffff ffff ffff  ................
0001b170: ffff ffff ffff ffff ffff ffff ffff ffff  ................
0001b180: ffff ffff ffff ffff ffff ffff ffff ffff  ................
0001b190: ffff ffff ffff ffff ffff ffff ffff ffff  ................
0001b1a0: ffff ffff ffff ffff ffff ffff ffff ffff  ................
0001b1b0: ffff ffff ffff ffff ffff ffff ffff ffff  ................
0001b1c0: ffff ffff ffff ffff ffff ffff ffff ffff  ................
0001b1d0: ffff ffff ffff ffff ffff ffff ffff ffff  ................
0001b1e0: ffff ffff ffff ffff ffff ffff ffff ffff  ................
0001b1f0: ffff ffff ffff ffff ffff ffff ffff ffff  ................
0001b200: ffff ffff ffff ffff ffff ffff ffff ffff  ................
0001b210: ffff ffff ffff ffff ffff ffff ffff ffff  ................
0001b220: ffff ffff ffff ffff ffff ffff ffff ffff  ................
0001b230: ffff ffff ffff ffff ffff ffff ffff ffff  ................
0001b240: ffff ffff ffff ffff ffff ffff ffff ffff  ................
0001b250: ffff ffff ffff ffff ffff ffff ffff ffff  ................
0001b260: ffff ffff ffff ffff ffff ffff ffff ffff  ................
0001b270: ffff ffff ffff ffff ffff ffff ffff ffff  ................
0001b280: ffff ffff ffff ffff ffff ffff ffff ffff  ................
0001b290: ffff ffff ffff ffff ffff ffff ffff ffff  ................
0001b2a0: ffff ffff ffff ffff ffff ffff ffff ffff  ................
0001b2b0: ffff ffff ffff ffff ffff ffff ffff ffff  ................
0001b2c0: ffff ffff ffff ffff ffff ffff ffff ffff  ................
0001b2d0: ffff ffff ffff ffff ffff ffff ffff ffff  ................
0001b2e0: ffff ffff ffff ffff ffff ffff ffff ffff  ................
0001b2f0: ffff ffff ffff ffff ffff ffff ffff ffff  ................
0001b300: ffff ffff ffff ffff ffff ffff ffff ffff  ................
0001b310: ffff ffff ffff ffff ffff ffff ffff ffff  ................
0001b320: ffff ffff ffff ffff ffff ffff ffff ffff  ................
0001b330: ffff ffff ffff ffff ffff ffff ffff ffff  ................
0001b340: ffff ffff ffff ffff ffff ffff ffff ffff  ................
0001b350: ffff ffff ffff ffff ffff ffff ffff ffff  ................
0001b360: ffff ffff ffff ffff ffff ffff ffff ffff  ................
0001b370: ffff ffff ffff ffff ffff ffff ffff ffff  ................
0001b380: ffff ffff ffff ffff ffff ffff ffff ffff  ................
0001b390: ffff ffff ffff ffff ffff ffff ffff ffff  ................
0001b3a0: ffff ffff ffff ffff ffff ffff ffff ffff  ................
0001b3b0: ffff ffff ffff ffff ffff ffff ffff ffff  ................
0001b3c0: ffff ffff ffff ffff ffff ffff ffff ffff  ................
0001b3d0: ffff ffff ffff ffff ffff ffff ffff ffff  ................
0001b3e0: ffff ffff ffff ffff ffff ffff ffff ffff  ................
0001b3f0: ffff ffff ffff ffff ffff ffff ffff ffff  ................
0001b400: ffff ffff ffff ffff ffff ffff ffff ffff  ................
0001b410: ffff ffff ffff ffff ffff ffff ffff ffff  ................
0001b420: ffff ffff ffff ffff ffff ffff ffff ffff  ................
0001b430: ffff ffff ffff ffff ffff ffff ffff ffff  ................
0001b440: ffff ffff ffff ffff ffff ffff ffff ffff  ................
0001b450: ffff ffff ffff ffff ffff ffff ffff ffff  ................
0001b460: ffff ffff ffff ffff ffff ffff ffff ffff  ................
0001b470: ffff ffff ffff ffff ffff ffff ffff ffff  ................
0001b480: ffff ffff ffff ffff ffff ffff ffff ffff  ................
0001b490: ffff ffff ffff ffff ffff ffff ffff ffff  ................
0001b4a0: ffff ffff ffff ffff ffff ffff ffff ffff  ................
0001b4b0: ffff ffff ffff ffff ffff ffff ffff ffff  ................
0001b4c0: ffff ffff ffff ffff ffff ffff ffff ffff  ................
0001b4d0: ffff ffff ffff ffff ffff ffff ffff ffff  ................
0001b4e0: ffff ffff ffff ffff ffff ffff ffff ffff  ................
0001b4f0: ffff ffff ffff ffff ffff ffff ffff ffff  ................
0001b500: ffff ffff ffff ffff ffff ffff ffff ffff  ................
0001b510: ffff ffff ffff ffff ffff ffff ffff ffff  ................
0001b520: ffff ffff ffff ffff ffff ffff ffff ffff  ................
0001b530: ffff ffff ffff ffff ffff ffff ffff ffff  ................
0001b540: ffff ffff ffff ffff ffff ffff ffff ffff  ................
0001b550: ffff ffff ffff ffff ffff ffff ffff ffff  ................
0001b560: ffff ffff ffff ffff ffff ffff ffff ffff  ................
0001b570: ffff ffff ffff ffff ffff ffff ffff ffff  ................
0001b580: ffff ffff ffff ffff ffff ffff ffff ffff  ................
0001b590: ffff ffff ffff ffff ffff ffff ffff ffff  ................
0001b5a0: ffff ffff ffff ffff ffff ffff ffff ffff  ................
0001b5b0: ffff ffff ffff ffff ffff ffff ffff ffff  ................
0001b5c0: ffff ffff ffff ffff ffff ffff ffff ffff  ................
0001b5d0: ffff ffff ffff ffff ffff ffff ffff ffff  ................
0001b5e0: ffff ffff ffff ffff ffff ffff ffff ffff  ................
0001b5f0: ffff ffff ffff ffff ffff ffff ffff ffff  ................
0001b600: ffff ffff ffff ffff ffff ffff ffff ffff  ................
0001b610: ffff ffff ffff ffff ffff ffff ffff ffff  ................
0001b620: ffff ffff ffff ffff ffff ffff ffff ffff  ................
0001b630: ffff ffff ffff ffff ffff ffff ffff ffff  ................
0001b640: ffff ffff ffff ffff ffff ffff ffff ffff  ................
0001b650: ffff ffff ffff ffff ffff ffff ffff ffff  ................
0001b660: ffff ffff ffff ffff ffff ffff ffff ffff  ................
0001b670: ffff ffff ffff ffff ffff ffff ffff ffff  ................
0001b680: ffff ffff ffff ffff ffff ffff ffff ffff  ................
0001b690: ffff ffff ffff ffff ffff ffff ffff ffff  ................
0001b6a0: ffff ffff ffff ffff ffff ffff ffff ffff  ................
0001b6b0: ffff ffff ffff ffff ffff ffff ffff ffff  ................
0001b6c0: ffff ffff ffff ffff ffff ffff ffff ffff  ................
0001b6d0: ffff ffff ffff ffff ffff ffff ffff ffff  ................
0001b6e0: ffff ffff ffff ffff ffff ffff ffff ffff  ................
0001b6f0: ffff ffff ffff ffff ffff ffff ffff ffff  ................
0001b700: ffff ffff ffff ffff ffff ffff ffff ffff  ................
0001b710: ffff ffff ffff ffff ffff ffff ffff ffff  ................
0001b720: ffff ffff ffff ffff ffff ffff ffff ffff  ................
0001b730: ffff ffff ffff ffff ffff ffff ffff ffff  ................
0001b740: ffff ffff ffff ffff ffff ffff ffff ffff  ................
0001b750: ffff ffff ffff ffff ffff ffff ffff ffff  ................
0001b760: ffff ffff ffff ffff ffff ffff ffff ffff  ................
0001b770: ffff ffff ffff ffff ffff ffff ffff ffff  ................
0001b780: ffff ffff ffff ffff ffff ffff ffff ffff  ................
0001b790: ffff ffff ffff ffff ffff ffff ffff ffff  ................
0001b7a0: ffff ffff ffff ffff ffff ffff ffff ffff  ................
0001b7b0: ffff ffff ffff ffff ffff ffff ffff ffff  ................
0001b7c0: ffff ffff ffff ffff ffff ffff ffff ffff  ................
0001b7d0: ffff ffff ffff ffff ffff ffff ffff ffff  ................
0001b7e0: ffff ffff ffff ffff ffff ffff ffff ffff  ................
0001b7f0: ffff ffff ffff ffff ffff ffff ffff ffff  ................
0001b800: ffff ffff ffff ffff ffff ffff ffff ffff  ................
0001b810: ffff ffff ffff ffff ffff ffff ffff ffff  ................
0001b820: ffff ffff ffff ffff ffff ffff ffff ffff  ................
0001b830: ffff ffff ffff ffff ffff ffff ffff ffff  ................
0001b840: ffff ffff ffff ffff ffff ffff ffff ffff  ................
0001b850: ffff ffff ffff ffff ffff ffff ffff ffff  ................
0001b860: ffff ffff ffff ffff ffff ffff ffff ffff  ................
0001b870: ffff ffff ffff ffff ffff ffff ffff ffff  ................
0001b880: ffff ffff ffff ffff ffff ffff ffff ffff  ................
0001b890: ffff ffff ffff ffff ffff ffff ffff ffff  ................
0001b8a0: ffff ffff ffff ffff ffff ffff ffff ffff  ................
0001b8b0: ffff ffff ffff ffff ffff ffff ffff ffff  ................
0001b8c0: ffff ffff ffff ffff ffff ffff ffff ffff  ................
0001b8d0: ffff ffff ffff ffff ffff ffff ffff ffff  ................
0001b8e0: ffff ffff ffff ffff ffff ffff ffff ffff  ................
0001b8f0: ffff ffff ffff ffff ffff ffff ffff ffff  ................
0001b900: ffff ffff ffff ffff ffff ffff ffff ffff  ................
0001b910: ffff ffff ffff ffff ffff ffff ffff ffff  ................
0001b920: ffff ffff ffff ffff ffff ffff ffff ffff  ................
0001b930: ffff ffff ffff ffff ffff ffff ffff ffff  ................
0001b940: ffff ffff ffff ffff ffff ffff ffff ffff  ................
0001b950: ffff ffff ffff ffff ffff ffff ffff ffff  ................
0001b960: ffff ffff ffff ffff ffff ffff ffff ffff  ................
0001b970: ffff ffff ffff ffff ffff ffff ffff ffff  ................
0001b980: ffff ffff ffff ffff ffff ffff ffff ffff  ................
0001b990: ffff ffff ffff ffff ffff ffff ffff ffff  ................
0001b9a0: ffff ffff ffff ffff ffff ffff ffff ffff  ................
0001b9b0: ffff ffff ffff ffff ffff ffff ffff ffff  ................
0001b9c0: ffff ffff ffff ffff ffff ffff ffff ffff  ................
0001b9d0: ffff ffff ffff ffff ffff ffff ffff ffff  ................
0001b9e0: ffff ffff ffff ffff ffff ffff ffff ffff  ................
0001b9f0: ffff ffff ffff ffff ffff ffff ffff ffff  ................
0001ba00: ffff ffff ffff ffff ffff ffff ffff ffff  ................
0001ba10: ffff ffff ffff ffff ffff ffff ffff ffff  ................
0001ba20: ffff ffff ffff ffff ffff ffff ffff ffff  ................
0001ba30: ffff ffff ffff ffff ffff ffff ffff ffff  ................
0001ba40: ffff ffff ffff ffff ffff ffff ffff ffff  ................
0001ba50: ffff ffff ffff ffff ffff ffff ffff ffff  ................
0001ba60: ffff ffff ffff ffff ffff ffff ffff ffff  ................
0001ba70: ffff ffff ffff ffff ffff ffff ffff ffff  ................
0001ba80: ffff ffff ffff ffff ffff ffff ffff ffff  ................
0001ba90: ffff ffff ffff ffff ffff ffff ffff ffff  ................
0001baa0: ffff ffff ffff ffff ffff ffff ffff ffff  ................
0001bab0: ffff ffff ffff ffff ffff ffff ffff ffff  ................
0001bac0: ffff ffff ffff ffff ffff ffff ffff ffff  ................
0001bad0: ffff ffff ffff ffff ffff ffff ffff ffff  ................
0001bae0: ffff ffff ffff ffff ffff ffff ffff ffff  ................
0001baf0: ffff ffff ffff ffff ffff ffff ffff ffff  ................
0001bb00: ffff ffff ffff ffff ffff ffff ffff ffff  ................
0001bb10: ffff ffff ffff ffff ffff ffff ffff ffff  ................
0001bb20: ffff ffff ffff ffff ffff ffff ffff ffff  ................
0001bb30: ffff ffff ffff ffff ffff ffff ffff ffff  ................
0001bb40: ffff ffff ffff ffff ffff ffff ffff ffff  ................
0001bb50: ffff ffff ffff ffff ffff ffff ffff ffff  ................
0001bb60: ffff ffff ffff ffff ffff ffff ffff ffff  ................
0001bb70: ffff ffff ffff ffff ffff ffff ffff ffff  ................
0001bb80: ffff ffff ffff ffff ffff ffff ffff ffff  ................
0001bb90: ffff ffff ffff ffff ffff ffff ffff ffff  ................
0001bba0: ffff ffff ffff ffff ffff ffff ffff ffff  ................
0001bbb0: ffff ffff ffff ffff ffff ffff ffff ffff  ................
0001bbc0: ffff ffff ffff ffff ffff ffff ffff ffff  ................
0001bbd0: ffff ffff ffff ffff ffff ffff ffff ffff  ................
0001bbe0: ffff ffff ffff ffff ffff ffff ffff ffff  ................
0001bbf0: ffff ffff ffff ffff ffff ffff ffff ffff  ................
0001bc00: ffff ffff ffff ffff ffff ffff ffff ffff  ................
0001bc10: ffff ffff ffff ffff ffff ffff ffff ffff  ................
0001bc20: ffff ffff ffff ffff ffff ffff ffff ffff  ................
0001bc30: ffff ffff ffff ffff ffff ffff ffff ffff  ................
0001bc40: ffff ffff ffff ffff ffff ffff ffff ffff  ................
0001bc50: ffff ffff ffff ffff ffff ffff ffff ffff  ................
0001bc60: ffff ffff ffff ffff ffff ffff ffff ffff  ................
0001bc70: ffff ffff ffff ffff ffff ffff ffff ffff  ................
0001bc80: ffff ffff ffff ffff ffff ffff ffff ffff  ................
0001bc90: ffff ffff ffff ffff ffff ffff ffff ffff  ................
0001bca0: ffff ffff ffff ffff ffff ffff ffff ffff  ................
0001bcb0: ffff ffff ffff ffff ffff ffff ffff ffff  ................
0001bcc0: ffff ffff ffff ffff ffff ffff ffff ffff  ................
0001bcd0: ffff ffff ffff ffff ffff ffff ffff ffff  ................
0001bce0: ffff ffff ffff ffff ffff ffff ffff ffff  ................
0001bcf0: ffff ffff ffff ffff ffff ffff ffff ffff  ................
0001bd00: ffff ffff ffff ffff ffff ffff ffff ffff  ................
0001bd10: ffff ffff ffff ffff ffff ffff ffff ffff  ................
0001bd20: ffff ffff ffff ffff ffff ffff ffff ffff  ................
0001bd30: ffff ffff ffff ffff ffff ffff ffff ffff  ................
0001bd40: ffff ffff ffff ffff ffff ffff ffff ffff  ................
0001bd50: ffff ffff ffff ffff ffff ffff ffff ffff  ................
0001bd60: ffff ffff ffff ffff ffff ffff ffff ffff  ................
0001bd70: ffff ffff ffff ffff ffff ffff ffff ffff  ................
0001bd80: ffff ffff ffff ffff ffff ffff ffff ffff  ................
0001bd90: ffff ffff ffff ffff ffff ffff ffff ffff  ................
0001bda0: ffff ffff ffff ffff ffff ffff ffff ffff  ................
0001bdb0: ffff ffff ffff ffff ffff ffff ffff ffff  ................
0001bdc0: ffff ffff ffff ffff ffff ffff ffff ffff  ................
0001bdd0: ffff ffff ffff ffff ffff ffff ffff ffff  ................
0001bde0: ffff ffff ffff ffff ffff ffff ffff ffff  ................
0001bdf0: ffff ffff ffff ffff ffff ffff ffff ffff  ................
0001be00: ffff ffff ffff ffff ffff ffff ffff ffff  ................
0001be10: ffff ffff ffff ffff ffff ffff ffff ffff  ................
0001be20: ffff ffff ffff ffff ffff ffff ffff ffff  ................
0001be30: ffff ffff ffff ffff ffff ffff ffff ffff  ................
0001be40: ffff ffff ffff ffff ffff ffff ffff ffff  ................
0001be50: ffff ffff ffff ffff ffff ffff ffff ffff  ................
0001be60: ffff ffff ffff ffff ffff ffff ffff ffff  ................
0001be70: ffff ffff ffff ffff ffff ffff ffff ffff  ................
0001be80: ffff ffff ffff ffff ffff ffff ffff ffff  ................
0001be90: ffff ffff ffff ffff ffff ffff ffff ffff  ................
0001bea0: ffff ffff ffff ffff ffff ffff ffff ffff  ................
0001beb0: ffff ffff ffff ffff ffff ffff ffff ffff  ................
0001bec0: ffff ffff ffff ffff ffff ffff ffff ffff  ................
0001bed0: ffff ffff ffff ffff ffff ffff ffff ffff  ................
0001bee0: ffff ffff ffff ffff ffff ffff ffff ffff  ................
0001bef0: ffff ffff ffff ffff ffff ffff ffff ffff  ................
0001bf00: ffff ffff ffff ffff ffff ffff ffff ffff  ................
0001bf10: ffff ffff ffff ffff ffff ffff ffff ffff  ................
0001bf20: ffff ffff ffff ffff ffff ffff ffff ffff  ................
0001bf30: ffff ffff ffff ffff ffff ffff ffff ffff  ................
0001bf40: ffff ffff ffff ffff ffff ffff ffff ffff  ................
0001bf50: ffff ffff ffff ffff ffff ffff ffff ffff  ................
0001bf60: ffff ffff ffff ffff ffff ffff ffff ffff  ................
0001bf70: ffff ffff ffff ffff ffff ffff ffff ffff  ................
0001bf80: ffff ffff ffff ffff ffff ffff ffff ffff  ................
0001bf90: ffff ffff ffff ffff ffff ffff ffff ffff  ................
0001bfa0: ffff ffff ffff ffff ffff ffff ffff ffff  ................
0001bfb0: ffff ffff ffff ffff ffff ffff ffff ffff  ................
0001bfc0: ffff ffff ffff ffff ffff ffff ffff ffff  ................
0001bfd0: ffff ffff ffff ffff ffff ffff ffff ffff  ................
0001bfe0: ffff ffff ffff ffff ffff ffff ffff ffff  ................
0001bff0: ffff ffff ffff ffff ffff ffff ffff ffff  ................
0001c000: ffff ffff ffff ffff ffff ffff ffff ffff  ................
0001c010: ffff ffff ffff ffff ffff ffff ffff ffff  ................
0001c020: ffff ffff ffff ffff ffff ffff ffff ffff  ................
0001c030: ffff ffff ffff ffff ffff ffff ffff ffff  ................
0001c040: ffff ffff ffff ffff ffff ffff ffff ffff  ................
0001c050: ffff ffff ffff ffff ffff ffff ffff ffff  ................
0001c060: ffff ffff ffff ffff ffff ffff ffff ffff  ................
0001c070: ffff ffff ffff ffff ffff ffff ffff ffff  ................
0001c080: ffff ffff ffff ffff ffff ffff ffff ffff  ................
0001c090: ffff ffff ffff ffff ffff ffff ffff ffff  ................
0001c0a0: ffff ffff ffff ffff ffff ffff ffff ffff  ................
0001c0b0: ffff ffff ffff ffff ffff ffff ffff ffff  ................
0001c0c0: ffff ffff ffff ffff ffff ffff ffff ffff  ................
0001c0d0: ffff ffff ffff ffff ffff ffff ffff ffff  ................
0001c0e0: ffff ffff ffff ffff ffff ffff ffff ffff  ................
0001c0f0: ffff ffff ffff ffff ffff ffff ffff ffff  ................
0001c100: ffff ffff ffff ffff ffff ffff ffff ffff  ................
0001c110: ffff ffff ffff ffff ffff ffff ffff ffff  ................
0001c120: ffff ffff ffff ffff ffff ffff ffff ffff  ................
0001c130: ffff ffff ffff ffff ffff ffff ffff ffff  ................
0001c140: ffff ffff ffff ffff ffff ffff ffff ffff  ................
0001c150: ffff ffff ffff ffff ffff ffff ffff ffff  ................
0001c160: ffff ffff ffff ffff ffff ffff ffff ffff  ................
0001c170: ffff ffff ffff ffff ffff ffff ffff ffff  ................
0001c180: ffff ffff ffff ffff ffff ffff ffff ffff  ................
0001c190: ffff ffff ffff ffff ffff ffff ffff ffff  ................
0001c1a0: ffff ffff ffff ffff ffff ffff ffff ffff  ................
0001c1b0: ffff ffff ffff ffff ffff ffff ffff ffff  ................
0001c1c0: ffff ffff ffff ffff ffff ffff ffff ffff  ................
0001c1d0: ffff ffff ffff ffff ffff ffff ffff ffff  ................
0001c1e0: ffff ffff ffff ffff ffff ffff ffff ffff  ................
0001c1f0: ffff ffff ffff ffff ffff ffff ffff ffff  ................
0001c200: ffff ffff ffff ffff ffff ffff ffff ffff  ................
0001c210: ffff ffff ffff ffff ffff ffff ffff ffff  ................
0001c220: ffff ffff ffff ffff ffff ffff ffff ffff  ................
0001c230: ffff ffff ffff ffff ffff ffff ffff ffff  ................
0001c240: ffff ffff ffff ffff ffff ffff ffff ffff  ................
0001c250: ffff ffff ffff ffff ffff ffff ffff ffff  ................
0001c260: ffff ffff ffff ffff ffff ffff ffff ffff  ................
0001c270: ffff ffff ffff ffff ffff ffff ffff ffff  ................
0001c280: ffff ffff ffff ffff ffff ffff ffff ffff  ................
0001c290: ffff ffff ffff ffff ffff ffff ffff ffff  ................
0001c2a0: ffff ffff ffff ffff ffff ffff ffff ffff  ................
0001c2b0: ffff ffff ffff ffff ffff ffff ffff ffff  ................
0001c2c0: ffff ffff ffff ffff ffff ffff ffff ffff  ................
0001c2d0: ffff ffff ffff ffff ffff ffff ffff ffff  ................
0001c2e0: ffff ffff ffff ffff ffff ffff ffff ffff  ................
0001c2f0: ffff ffff ffff ffff ffff ffff ffff ffff  ................
0001c300: ffff ffff ffff ffff ffff ffff ffff ffff  ................
0001c310: ffff ffff ffff ffff ffff ffff ffff ffff  ................
0001c320: ffff ffff ffff ffff ffff ffff ffff ffff  ................
0001c330: ffff ffff ffff ffff ffff ffff ffff ffff  ................
0001c340: ffff ffff ffff ffff ffff ffff ffff ffff  ................
0001c350: ffff ffff ffff ffff ffff ffff ffff ffff  ................
0001c360: ffff ffff ffff ffff ffff ffff ffff ffff  ................
0001c370: ffff ffff ffff ffff ffff ffff ffff ffff  ................
0001c380: ffff ffff ffff ffff ffff ffff ffff ffff  ................
0001c390: ffff ffff ffff ffff ffff ffff ffff ffff  ................
0001c3a0: ffff ffff ffff ffff ffff ffff ffff ffff  ................
0001c3b0: ffff ffff ffff ffff ffff ffff ffff ffff  ................
0001c3c0: ffff ffff ffff ffff ffff ffff ffff ffff  ................
0001c3d0: ffff ffff ffff ffff ffff ffff ffff ffff  ................
0001c3e0: ffff ffff ffff ffff ffff ffff ffff ffff  ................
0001c3f0: ffff ffff ffff ffff ffff ffff ffff ffff  ................
0001c400: ffff ffff ffff ffff ffff ffff ffff ffff  ................
0001c410: ffff ffff ffff ffff ffff ffff ffff ffff  ................
0001c420: ffff ffff ffff ffff ffff ffff ffff ffff  ................
0001c430: ffff ffff ffff ffff ffff ffff ffff ffff  ................
0001c440: ffff ffff ffff ffff ffff ffff ffff ffff  ................
0001c450: ffff ffff ffff ffff ffff ffff ffff ffff  ................
0001c460: ffff ffff ffff ffff ffff ffff ffff ffff  ................
0001c470: ffff ffff ffff ffff ffff ffff ffff ffff  ................
0001c480: ffff ffff ffff ffff ffff ffff ffff ffff  ................
0001c490: ffff ffff ffff ffff ffff ffff ffff ffff  ................
0001c4a0: ffff ffff ffff ffff ffff ffff ffff ffff  ................
0001c4b0: ffff ffff ffff ffff ffff ffff ffff ffff  ................
0001c4c0: ffff ffff ffff ffff ffff ffff ffff ffff  ................
0001c4d0: ffff ffff ffff ffff ffff ffff ffff ffff  ................
0001c4e0: ffff ffff ffff ffff ffff ffff ffff ffff  ................
0001c4f0: ffff ffff ffff ffff ffff ffff ffff ffff  ................
0001c500: ffff ffff ffff ffff ffff ffff ffff ffff  ................
0001c510: ffff ffff ffff ffff ffff ffff ffff ffff  ................
0001c520: ffff ffff ffff ffff ffff ffff ffff ffff  ................
0001c530: ffff ffff ffff ffff ffff ffff ffff ffff  ................
0001c540: ffff ffff ffff ffff ffff ffff ffff ffff  ................
0001c550: ffff ffff ffff ffff ffff ffff ffff ffff  ................
0001c560: ffff ffff ffff ffff ffff ffff ffff ffff  ................
0001c570: ffff ffff ffff ffff ffff ffff ffff ffff  ................
0001c580: ffff ffff ffff ffff ffff ffff ffff ffff  ................
0001c590: ffff ffff ffff ffff ffff ffff ffff ffff  ................
0001c5a0: ffff ffff ffff ffff ffff ffff ffff ffff  ................
0001c5b0: ffff ffff ffff ffff ffff ffff ffff ffff  ................
0001c5c0: ffff ffff ffff ffff ffff ffff ffff ffff  ................
0001c5d0: ffff ffff ffff ffff ffff ffff ffff ffff  ................
0001c5e0: ffff ffff ffff ffff ffff ffff ffff ffff  ................
0001c5f0: ffff ffff ffff ffff ffff ffff ffff ffff  ................
0001c600: ffff ffff ffff ffff ffff ffff ffff ffff  ................
0001c610: ffff ffff ffff ffff ffff ffff ffff ffff  ................
0001c620: ffff ffff ffff ffff ffff ffff ffff ffff  ................
0001c630: ffff ffff ffff ffff ffff ffff ffff ffff  ................
0001c640: ffff ffff ffff ffff ffff ffff ffff ffff  ................
0001c650: ffff ffff ffff ffff ffff ffff ffff ffff  ................
0001c660: ffff ffff ffff ffff ffff ffff ffff ffff  ................
0001c670: ffff ffff ffff ffff ffff ffff ffff ffff  ................
0001c680: ffff ffff ffff ffff ffff ffff ffff ffff  ................
0001c690: ffff ffff ffff ffff ffff ffff ffff ffff  ................
0001c6a0: ffff ffff ffff ffff ffff ffff ffff ffff  ................
0001c6b0: ffff ffff ffff ffff ffff ffff ffff ffff  ................
0001c6c0: ffff ffff ffff ffff ffff ffff ffff ffff  ................
0001c6d0: ffff ffff ffff ffff ffff ffff ffff ffff  ................
0001c6e0: ffff ffff ffff ffff ffff ffff ffff ffff  ................
0001c6f0: ffff ffff ffff ffff ffff ffff ffff ffff  ................
0001c700: ffff ffff ffff ffff ffff ffff ffff ffff  ................
0001c710: ffff ffff ffff ffff ffff ffff ffff ffff  ................
0001c720: ffff ffff ffff ffff ffff ffff ffff ffff  ................
0001c730: ffff ffff ffff ffff ffff ffff ffff ffff  ................
0001c740: ffff ffff ffff ffff ffff ffff ffff ffff  ................
0001c750: ffff ffff ffff ffff ffff ffff ffff ffff  ................
0001c760: ffff ffff ffff ffff ffff ffff ffff ffff  ................
0001c770: ffff ffff ffff ffff ffff ffff ffff ffff  ................
0001c780: ffff ffff ffff ffff ffff ffff ffff ffff  ................
0001c790: ffff ffff ffff ffff ffff ffff ffff ffff  ................
0001c7a0: ffff ffff ffff ffff ffff ffff ffff ffff  ................
0001c7b0: ffff ffff ffff ffff ffff ffff ffff ffff  ................
0001c7c0: ffff ffff ffff ffff ffff ffff ffff ffff  ................
0001c7d0: ffff ffff ffff ffff ffff ffff ffff ffff  ................
0001c7e0: ffff ffff ffff ffff ffff ffff ffff ffff  ................
0001c7f0: ffff ffff ffff ffff ffff ffff ffff ffff  ................
0001c800: ffff ffff ffff ffff ffff ffff ffff ffff  ................
0001c810: ffff ffff ffff ffff ffff ffff ffff ffff  ................
0001c820: ffff ffff ffff ffff ffff ffff ffff ffff  ................
0001c830: ffff ffff ffff ffff ffff ffff ffff ffff  ................
0001c840: ffff ffff ffff ffff ffff ffff ffff ffff  ................
0001c850: ffff ffff ffff ffff ffff ffff ffff ffff  ................
0001c860: ffff ffff ffff ffff ffff ffff ffff ffff  ................
0001c870: ffff ffff ffff ffff ffff ffff ffff ffff  ................
0001c880: ffff ffff ffff ffff ffff ffff ffff ffff  ................
0001c890: ffff ffff ffff ffff ffff ffff ffff ffff  ................
0001c8a0: ffff ffff ffff ffff ffff ffff ffff ffff  ................
0001c8b0: ffff ffff ffff ffff ffff ffff ffff ffff  ................
0001c8c0: ffff ffff ffff ffff ffff ffff ffff ffff  ................
0001c8d0: ffff ffff ffff ffff ffff ffff ffff ffff  ................
0001c8e0: ffff ffff ffff ffff ffff ffff ffff ffff  ................
0001c8f0: ffff ffff ffff ffff ffff ffff ffff ffff  ................
0001c900: ffff ffff ffff ffff ffff ffff ffff ffff  ................
0001c910: ffff ffff ffff ffff ffff ffff ffff ffff  ................
0001c920: ffff ffff ffff ffff ffff ffff ffff ffff  ................
0001c930: ffff ffff ffff ffff ffff ffff ffff ffff  ................
0001c940: ffff ffff ffff ffff ffff ffff ffff ffff  ................
0001c950: ffff ffff ffff ffff ffff ffff ffff ffff  ................
0001c960: ffff ffff ffff ffff ffff ffff ffff ffff  ................
0001c970: ffff ffff ffff ffff ffff ffff ffff ffff  ................
0001c980: ffff ffff ffff ffff ffff ffff ffff ffff  ................
0001c990: ffff ffff ffff ffff ffff ffff ffff ffff  ................
0001c9a0: ffff ffff ffff ffff ffff ffff ffff ffff  ................
0001c9b0: ffff ffff ffff ffff ffff ffff ffff ffff  ................
0001c9c0: ffff ffff ffff ffff ffff ffff ffff ffff  ................
0001c9d0: ffff ffff ffff ffff ffff ffff ffff ffff  ................
0001c9e0: ffff ffff ffff ffff ffff ffff ffff ffff  ................
0001c9f0: ffff ffff ffff ffff ffff ffff ffff ffff  ................
0001ca00: ffff ffff ffff ffff ffff ffff ffff ffff  ................
0001ca10: ffff ffff ffff ffff ffff ffff ffff ffff  ................
0001ca20: ffff ffff ffff ffff ffff ffff ffff ffff  ................
0001ca30: ffff ffff ffff ffff ffff ffff ffff ffff  ................
0001ca40: ffff ffff ffff ffff ffff ffff ffff ffff  ................
0001ca50: ffff ffff ffff ffff ffff ffff ffff ffff  ................
0001ca60: ffff ffff ffff ffff ffff ffff ffff ffff  ................
0001ca70: ffff ffff ffff ffff ffff ffff ffff ffff  ................
0001ca80: ffff ffff ffff ffff ffff ffff ffff ffff  ................
0001ca90: ffff ffff ffff ffff ffff ffff ffff ffff  ................
0001caa0: ffff ffff ffff ffff ffff ffff ffff ffff  ................
0001cab0: ffff ffff ffff ffff ffff ffff ffff ffff  ................
0001cac0: ffff ffff ffff ffff ffff ffff ffff ffff  ................
0001cad0: ffff ffff ffff ffff ffff ffff ffff ffff  ................
0001cae0: ffff ffff ffff ffff ffff ffff ffff ffff  ................
0001caf0: ffff ffff ffff ffff ffff ffff ffff ffff  ................
0001cb00: ffff ffff ffff ffff ffff ffff ffff ffff  ................
0001cb10: ffff ffff ffff ffff ffff ffff ffff ffff  ................
0001cb20: ffff ffff ffff ffff ffff ffff ffff ffff  ................
0001cb30: ffff ffff ffff ffff ffff ffff ffff ffff  ................
0001cb40: ffff ffff ffff ffff ffff ffff ffff ffff  ................
0001cb50: ffff ffff ffff ffff ffff ffff ffff ffff  ................
0001cb60: ffff ffff ffff ffff ffff ffff ffff ffff  ................
0001cb70: ffff ffff ffff ffff ffff ffff ffff ffff  ................
0001cb80: ffff ffff ffff ffff ffff ffff ffff ffff  ................
0001cb90: ffff ffff ffff ffff ffff ffff ffff ffff  ................
0001cba0: ffff ffff ffff ffff ffff ffff ffff ffff  ................
0001cbb0: ffff ffff ffff ffff ffff ffff ffff ffff  ................
0001cbc0: ffff ffff ffff ffff ffff ffff ffff ffff  ................
0001cbd0: ffff ffff ffff ffff ffff ffff ffff ffff  ................
0001cbe0: ffff ffff ffff ffff ffff ffff ffff ffff  ................
0001cbf0: ffff ffff ffff ffff ffff ffff ffff ffff  ................
0001cc00: ffff ffff ffff ffff ffff ffff ffff ffff  ................
0001cc10: ffff ffff ffff ffff ffff ffff ffff ffff  ................
0001cc20: ffff ffff ffff ffff ffff ffff ffff ffff  ................
0001cc30: ffff ffff ffff ffff ffff ffff ffff ffff  ................
0001cc40: ffff ffff ffff ffff ffff ffff ffff ffff  ................
0001cc50: ffff ffff ffff ffff ffff ffff ffff ffff  ................
0001cc60: ffff ffff ffff ffff ffff ffff ffff ffff  ................
0001cc70: ffff ffff ffff ffff ffff ffff ffff ffff  ................
0001cc80: ffff ffff ffff ffff ffff ffff ffff ffff  ................
0001cc90: ffff ffff ffff ffff ffff ffff ffff ffff  ................
0001cca0: ffff ffff ffff ffff ffff ffff ffff ffff  ................
0001ccb0: ffff ffff ffff ffff ffff ffff ffff ffff  ................
0001ccc0: ffff ffff ffff ffff ffff ffff ffff ffff  ................
0001ccd0: ffff ffff ffff ffff ffff ffff ffff ffff  ................
0001cce0: ffff ffff ffff ffff ffff ffff ffff ffff  ................
0001ccf0: ffff ffff ffff ffff ffff ffff ffff ffff  ................
0001cd00: ffff ffff ffff ffff ffff ffff ffff ffff  ................
0001cd10: ffff ffff ffff ffff ffff ffff ffff ffff  ................
0001cd20: ffff ffff ffff ffff ffff ffff ffff ffff  ................
0001cd30: ffff ffff ffff ffff ffff ffff ffff ffff  ................
0001cd40: ffff ffff ffff ffff ffff ffff ffff ffff  ................
0001cd50: ffff ffff ffff ffff ffff ffff ffff ffff  ................
0001cd60: ffff ffff ffff ffff ffff ffff ffff ffff  ................
0001cd70: ffff ffff ffff ffff ffff ffff ffff ffff  ................
0001cd80: ffff ffff ffff ffff ffff ffff ffff ffff  ................
0001cd90: ffff ffff ffff ffff ffff ffff ffff ffff  ................
0001cda0: ffff ffff ffff ffff ffff ffff ffff ffff  ................
0001cdb0: ffff ffff ffff ffff ffff ffff ffff ffff  ................
0001cdc0: ffff ffff ffff ffff ffff ffff ffff ffff  ................
0001cdd0: ffff ffff ffff ffff ffff ffff ffff ffff  ................
0001cde0: ffff ffff ffff ffff ffff ffff ffff ffff  ................
0001cdf0: ffff ffff ffff ffff ffff ffff ffff ffff  ................
0001ce00: ffff ffff ffff ffff ffff ffff ffff ffff  ................
0001ce10: ffff ffff ffff ffff ffff ffff ffff ffff  ................
0001ce20: ffff ffff ffff ffff ffff ffff ffff ffff  ................
0001ce30: ffff ffff ffff ffff ffff ffff ffff ffff  ................
0001ce40: ffff ffff ffff ffff ffff ffff ffff ffff  ................
0001ce50: ffff ffff ffff ffff ffff ffff ffff ffff  ................
0001ce60: ffff ffff ffff ffff ffff ffff ffff ffff  ................
0001ce70: ffff ffff ffff ffff ffff ffff ffff ffff  ................
0001ce80: ffff ffff ffff ffff ffff ffff ffff ffff  ................
0001ce90: ffff ffff ffff ffff ffff ffff ffff ffff  ................
0001cea0: ffff ffff ffff ffff ffff ffff ffff ffff  ................
0001ceb0: ffff ffff ffff ffff ffff ffff ffff ffff  ................
0001cec0: ffff ffff ffff ffff ffff ffff ffff ffff  ................
0001ced0: ffff ffff ffff ffff ffff ffff ffff ffff  ................
0001cee0: ffff ffff ffff ffff ffff ffff ffff ffff  ................
0001cef0: ffff ffff ffff ffff ffff ffff ffff ffff  ................
0001cf00: ffff ffff ffff ffff ffff ffff ffff ffff  ................
0001cf10: ffff ffff ffff ffff ffff ffff ffff ffff  ................
0001cf20: ffff ffff ffff ffff ffff ffff ffff ffff  ................
0001cf30: ffff ffff ffff ffff ffff ffff ffff ffff  ................
0001cf40: ffff ffff ffff ffff ffff ffff ffff ffff  ................
0001cf50: ffff ffff ffff ffff ffff ffff ffff ffff  ................
0001cf60: ffff ffff ffff ffff ffff ffff ffff ffff  ................
0001cf70: ffff ffff ffff ffff ffff ffff ffff ffff  ................
0001cf80: ffff ffff ffff ffff ffff ffff ffff ffff  ................
0001cf90: ffff ffff ffff ffff ffff ffff ffff ffff  ................
0001cfa0: ffff ffff ffff ffff ffff ffff ffff ffff  ................
0001cfb0: ffff ffff ffff ffff ffff ffff ffff ffff  ................
0001cfc0: ffff ffff ffff ffff ffff ffff ffff ffff  ................
0001cfd0: ffff ffff ffff ffff ffff ffff ffff ffff  ................
0001cfe0: ffff ffff ffff ffff ffff ffff ffff ffff  ................
0001cff0: ffff ffff ffff ffff ffff ffff ffff ffff  ................
0001d000: ffff ffff ffff ffff ffff ffff ffff ffff  ................
0001d010: ffff ffff ffff ffff ffff ffff ffff ffff  ................
0001d020: ffff ffff ffff ffff ffff ffff ffff ffff  ................
0001d030: ffff ffff ffff ffff ffff ffff ffff ffff  ................
0001d040: ffff ffff ffff ffff ffff ffff ffff ffff  ................
0001d050: ffff ffff ffff ffff ffff ffff ffff ffff  ................
0001d060: ffff ffff ffff ffff ffff ffff ffff ffff  ................
0001d070: ffff ffff ffff ffff ffff ffff ffff ffff  ................
0001d080: ffff ffff ffff ffff ffff ffff ffff ffff  ................
0001d090: ffff ffff ffff ffff ffff ffff ffff ffff  ................
0001d0a0: ffff ffff ffff ffff ffff ffff ffff ffff  ................
0001d0b0: ffff ffff ffff ffff ffff ffff ffff ffff  ................
0001d0c0: ffff ffff ffff ffff ffff ffff ffff ffff  ................
0001d0d0: ffff ffff ffff ffff ffff ffff ffff ffff  ................
0001d0e0: ffff ffff ffff ffff ffff ffff ffff ffff  ................
0001d0f0: ffff ffff ffff ffff ffff ffff ffff ffff  ................
0001d100: ffff ffff ffff ffff ffff ffff ffff ffff  ................
0001d110: ffff ffff ffff ffff ffff ffff ffff ffff  ................
0001d120: ffff ffff ffff ffff ffff ffff ffff ffff  ................
0001d130: ffff ffff ffff ffff ffff ffff ffff ffff  ................
0001d140: ffff ffff ffff ffff ffff ffff ffff ffff  ................
0001d150: ffff ffff ffff ffff ffff ffff ffff ffff  ................
0001d160: ffff ffff ffff ffff ffff ffff ffff ffff  ................
0001d170: ffff ffff ffff ffff ffff ffff ffff ffff  ................
0001d180: ffff ffff ffff ffff ffff ffff ffff ffff  ................
0001d190: ffff ffff ffff ffff ffff ffff ffff ffff  ................
0001d1a0: ffff ffff ffff ffff ffff ffff ffff ffff  ................
0001d1b0: ffff ffff ffff ffff ffff ffff ffff ffff  ................
0001d1c0: ffff ffff ffff ffff ffff ffff ffff ffff  ................
0001d1d0: ffff ffff ffff ffff ffff ffff ffff ffff  ................
0001d1e0: ffff ffff ffff ffff ffff ffff ffff ffff  ................
0001d1f0: ffff ffff ffff ffff ffff ffff ffff ffff  ................
0001d200: ffff ffff ffff ffff ffff ffff ffff ffff  ................
0001d210: ffff ffff ffff ffff ffff ffff ffff ffff  ................
0001d220: ffff ffff ffff ffff ffff ffff ffff ffff  ................
0001d230: ffff ffff ffff ffff ffff ffff ffff ffff  ................
0001d240: ffff ffff ffff ffff ffff ffff ffff ffff  ................
0001d250: ffff ffff ffff ffff ffff ffff ffff ffff  ................
0001d260: ffff ffff ffff ffff ffff ffff ffff ffff  ................
0001d270: ffff ffff ffff ffff ffff ffff ffff ffff  ................
0001d280: ffff ffff ffff ffff ffff ffff ffff ffff  ................
0001d290: ffff ffff ffff ffff ffff ffff ffff ffff  ................
0001d2a0: ffff ffff ffff ffff ffff ffff ffff ffff  ................
0001d2b0: ffff ffff ffff ffff ffff ffff ffff ffff  ................
0001d2c0: ffff ffff ffff ffff ffff ffff ffff ffff  ................
0001d2d0: ffff ffff ffff ffff ffff ffff ffff ffff  ................
0001d2e0: ffff ffff ffff ffff ffff ffff ffff ffff  ................
0001d2f0: ffff ffff ffff ffff ffff ffff ffff ffff  ................
0001d300: ffff ffff ffff ffff ffff ffff ffff ffff  ................
0001d310: ffff ffff ffff ffff ffff ffff ffff ffff  ................
0001d320: ffff ffff ffff ffff ffff ffff ffff ffff  ................
0001d330: ffff ffff ffff ffff ffff ffff ffff ffff  ................
0001d340: ffff ffff ffff ffff ffff ffff ffff ffff  ................
0001d350: ffff ffff ffff ffff ffff ffff ffff ffff  ................
0001d360: ffff ffff ffff ffff ffff ffff ffff ffff  ................
0001d370: ffff ffff ffff ffff ffff ffff ffff ffff  ................
0001d380: ffff ffff ffff ffff ffff ffff ffff ffff  ................
0001d390: ffff ffff ffff ffff ffff ffff ffff ffff  ................
0001d3a0: ffff ffff ffff ffff ffff ffff ffff ffff  ................
0001d3b0: ffff ffff ffff ffff ffff ffff ffff ffff  ................
0001d3c0: ffff ffff ffff ffff ffff ffff ffff ffff  ................
0001d3d0: ffff ffff ffff ffff ffff ffff ffff ffff  ................
0001d3e0: ffff ffff ffff ffff ffff ffff ffff ffff  ................
0001d3f0: ffff ffff ffff ffff ffff ffff ffff ffff  ................
0001d400: ffff ffff ffff ffff ffff ffff ffff ffff  ................
0001d410: ffff ffff ffff ffff ffff ffff ffff ffff  ................
0001d420: ffff ffff ffff ffff ffff ffff ffff ffff  ................
0001d430: ffff ffff ffff ffff ffff ffff ffff ffff  ................
0001d440: ffff ffff ffff ffff ffff ffff ffff ffff  ................
0001d450: ffff ffff ffff ffff ffff ffff ffff ffff  ................
0001d460: ffff ffff ffff ffff ffff ffff ffff ffff  ................
0001d470: ffff ffff ffff ffff ffff ffff ffff ffff  ................
0001d480: ffff ffff ffff ffff ffff ffff ffff ffff  ................
0001d490: ffff ffff ffff ffff ffff ffff ffff ffff  ................
0001d4a0: ffff ffff ffff ffff ffff ffff ffff ffff  ................
0001d4b0: ffff ffff ffff ffff ffff ffff ffff ffff  ................
0001d4c0: ffff ffff ffff ffff ffff ffff ffff ffff  ................
0001d4d0: ffff ffff ffff ffff ffff ffff ffff ffff  ................
0001d4e0: ffff ffff ffff ffff ffff ffff ffff ffff  ................
0001d4f0: ffff ffff ffff ffff ffff ffff ffff ffff  ................
0001d500: ffff ffff ffff ffff ffff ffff ffff ffff  ................
0001d510: ffff ffff ffff ffff ffff ffff ffff ffff  ................
0001d520: ffff ffff ffff ffff ffff ffff ffff ffff  ................
0001d530: ffff ffff ffff ffff ffff ffff ffff ffff  ................
0001d540: ffff ffff ffff ffff ffff ffff ffff ffff  ................
0001d550: ffff ffff ffff ffff ffff ffff ffff ffff  ................
0001d560: ffff ffff ffff ffff ffff ffff ffff ffff  ................
0001d570: ffff ffff ffff ffff ffff ffff ffff ffff  ................
0001d580: ffff ffff ffff ffff ffff ffff ffff ffff  ................
0001d590: ffff ffff ffff ffff ffff ffff ffff ffff  ................
0001d5a0: ffff ffff ffff ffff ffff ffff ffff ffff  ................
0001d5b0: ffff ffff ffff ffff ffff ffff ffff ffff  ................
0001d5c0: ffff ffff ffff ffff ffff ffff ffff ffff  ................
0001d5d0: ffff ffff ffff ffff ffff ffff ffff ffff  ................
0001d5e0: ffff ffff ffff ffff ffff ffff ffff ffff  ................
0001d5f0: ffff ffff ffff ffff ffff ffff ffff ffff  ................
0001d600: ffff ffff ffff ffff ffff ffff ffff ffff  ................
0001d610: ffff ffff ffff ffff ffff ffff ffff ffff  ................
0001d620: ffff ffff ffff ffff ffff ffff ffff ffff  ................
0001d630: ffff ffff ffff ffff ffff ffff ffff ffff  ................
0001d640: ffff ffff ffff ffff ffff ffff ffff ffff  ................
0001d650: ffff ffff ffff ffff ffff ffff ffff ffff  ................
0001d660: ffff ffff ffff ffff ffff ffff ffff ffff  ................
0001d670: ffff ffff ffff ffff ffff ffff ffff ffff  ................
0001d680: ffff ffff ffff ffff ffff ffff ffff ffff  ................
0001d690: ffff ffff ffff ffff ffff ffff ffff ffff  ................
0001d6a0: ffff ffff ffff ffff ffff ffff ffff ffff  ................
0001d6b0: ffff ffff ffff ffff ffff ffff ffff ffff  ................
0001d6c0: ffff ffff ffff ffff ffff ffff ffff ffff  ................
0001d6d0: ffff ffff ffff ffff ffff ffff ffff ffff  ................
0001d6e0: ffff ffff ffff ffff ffff ffff ffff ffff  ................
0001d6f0: ffff ffff ffff ffff ffff ffff ffff ffff  ................
0001d700: ffff ffff ffff ffff ffff ffff ffff ffff  ................
0001d710: ffff ffff ffff ffff ffff ffff ffff ffff  ................
0001d720: ffff ffff ffff ffff ffff ffff ffff ffff  ................
0001d730: ffff ffff ffff ffff ffff ffff ffff ffff  ................
0001d740: ffff ffff ffff ffff ffff ffff ffff ffff  ................
0001d750: ffff ffff ffff ffff ffff ffff ffff ffff  ................
0001d760: ffff ffff ffff ffff ffff ffff ffff ffff  ................
0001d770: ffff ffff ffff ffff ffff ffff ffff ffff  ................
0001d780: ffff ffff ffff ffff ffff ffff ffff ffff  ................
0001d790: ffff ffff ffff ffff ffff ffff ffff ffff  ................
0001d7a0: ffff ffff ffff ffff ffff ffff ffff ffff  ................
0001d7b0: ffff ffff ffff ffff ffff ffff ffff ffff  ................
0001d7c0: ffff ffff ffff ffff ffff ffff ffff ffff  ................
0001d7d0: ffff ffff ffff ffff ffff ffff ffff ffff  ................
0001d7e0: ffff ffff ffff ffff ffff ffff ffff ffff  ................
0001d7f0: ffff ffff ffff ffff ffff ffff ffff ffff  ................
0001d800: ffff ffff ffff ffff ffff ffff ffff ffff  ................
0001d810: ffff ffff ffff ffff ffff ffff ffff ffff  ................
0001d820: ffff ffff ffff ffff ffff ffff ffff ffff  ................
0001d830: ffff ffff ffff ffff ffff ffff ffff ffff  ................
0001d840: ffff ffff ffff ffff ffff ffff ffff ffff  ................
0001d850: ffff ffff ffff ffff ffff ffff ffff ffff  ................
0001d860: ffff ffff ffff ffff ffff ffff ffff ffff  ................
0001d870: ffff ffff ffff ffff ffff ffff ffff ffff  ................
0001d880: ffff ffff ffff ffff ffff ffff ffff ffff  ................
0001d890: ffff ffff ffff ffff ffff ffff ffff ffff  ................
0001d8a0: ffff ffff ffff ffff ffff ffff ffff ffff  ................
0001d8b0: ffff ffff ffff ffff ffff ffff ffff ffff  ................
0001d8c0: ffff ffff ffff ffff ffff ffff ffff ffff  ................
0001d8d0: ffff ffff ffff ffff ffff ffff ffff ffff  ................
0001d8e0: ffff ffff ffff ffff ffff ffff ffff ffff  ................
0001d8f0: ffff ffff ffff ffff ffff ffff ffff ffff  ................
0001d900: ffff ffff ffff ffff ffff ffff ffff ffff  ................
0001d910: ffff ffff ffff ffff ffff ffff ffff ffff  ................
0001d920: ffff ffff ffff ffff ffff ffff ffff ffff  ................
0001d930: ffff ffff ffff ffff ffff ffff ffff ffff  ................
0001d940: ffff ffff ffff ffff ffff ffff ffff ffff  ................
0001d950: ffff ffff ffff ffff ffff ffff ffff ffff  ................
0001d960: ffff ffff ffff ffff ffff ffff ffff ffff  ................
0001d970: ffff ffff ffff ffff ffff ffff ffff ffff  ................
0001d980: ffff ffff ffff ffff ffff ffff ffff ffff  ................
0001d990: ffff ffff ffff ffff ffff ffff ffff ffff  ................
0001d9a0: ffff ffff ffff ffff ffff ffff ffff ffff  ................
0001d9b0: ffff ffff ffff ffff ffff ffff ffff ffff  ................
0001d9c0: ffff ffff ffff ffff ffff ffff ffff ffff  ................
0001d9d0: ffff ffff ffff ffff ffff ffff ffff ffff  ................
0001d9e0: ffff ffff ffff ffff ffff ffff ffff ffff  ................
0001d9f0: ffff ffff ffff ffff ffff ffff ffff ffff  ................
0001da00: ffff ffff ffff ffff ffff ffff ffff ffff  ................
0001da10: ffff ffff ffff ffff ffff ffff ffff ffff  ................
0001da20: ffff ffff ffff ffff ffff ffff ffff ffff  ................
0001da30: ffff ffff ffff ffff ffff ffff ffff ffff  ................
0001da40: ffff ffff ffff ffff ffff ffff ffff ffff  ................
0001da50: ffff ffff ffff ffff ffff ffff ffff ffff  ................
0001da60: ffff ffff ffff ffff ffff ffff ffff ffff  ................
0001da70: ffff ffff ffff ffff ffff ffff ffff ffff  ................
0001da80: ffff ffff ffff ffff ffff ffff ffff ffff  ................
0001da90: ffff ffff ffff ffff ffff ffff ffff ffff  ................
0001daa0: ffff ffff ffff ffff ffff ffff ffff ffff  ................
0001dab0: ffff ffff ffff ffff ffff ffff ffff ffff  ................
0001dac0: ffff ffff ffff ffff ffff ffff ffff ffff  ................
0001dad0: ffff ffff ffff ffff ffff ffff ffff ffff  ................
0001dae0: ffff ffff ffff ffff ffff ffff ffff ffff  ................
0001daf0: ffff ffff ffff ffff ffff ffff ffff ffff  ................
0001db00: ffff ffff ffff ffff ffff ffff ffff ffff  ................
0001db10: ffff ffff ffff ffff ffff ffff ffff ffff  ................
0001db20: ffff ffff ffff ffff ffff ffff ffff ffff  ................
0001db30: ffff ffff ffff ffff ffff ffff ffff ffff  ................
0001db40: ffff ffff ffff ffff ffff ffff ffff ffff  ................
0001db50: ffff ffff ffff ffff ffff ffff ffff ffff  ................
0001db60: ffff ffff ffff ffff ffff ffff ffff ffff  ................
0001db70: ffff ffff ffff ffff ffff ffff ffff ffff  ................
0001db80: ffff ffff ffff ffff ffff ffff ffff ffff  ................
0001db90: ffff ffff ffff ffff ffff ffff ffff ffff  ................
0001dba0: ffff ffff ffff ffff ffff ffff ffff ffff  ................
0001dbb0: ffff ffff ffff ffff ffff ffff ffff ffff  ................
0001dbc0: ffff ffff ffff ffff ffff ffff ffff ffff  ................
0001dbd0: ffff ffff ffff ffff ffff ffff ffff ffff  ................
0001dbe0: ffff ffff ffff ffff ffff ffff ffff ffff  ................
0001dbf0: ffff ffff ffff ffff ffff ffff ffff ffff  ................
0001dc00: ffff ffff ffff ffff ffff ffff ffff ffff  ................
0001dc10: ffff ffff ffff ffff ffff ffff ffff ffff  ................
0001dc20: ffff ffff ffff ffff ffff ffff ffff ffff  ................
0001dc30: ffff ffff ffff ffff ffff ffff ffff ffff  ................
0001dc40: ffff ffff ffff ffff ffff ffff ffff ffff  ................
0001dc50: ffff ffff ffff ffff ffff ffff ffff ffff  ................
0001dc60: ffff ffff ffff ffff ffff ffff ffff ffff  ................
0001dc70: ffff ffff ffff ffff ffff ffff ffff ffff  ................
0001dc80: ffff ffff ffff ffff ffff ffff ffff ffff  ................
0001dc90: ffff ffff ffff ffff ffff ffff ffff ffff  ................
0001dca0: ffff ffff ffff ffff ffff ffff ffff ffff  ................
0001dcb0: ffff ffff ffff ffff ffff ffff ffff ffff  ................
0001dcc0: ffff ffff ffff ffff ffff ffff ffff ffff  ................
0001dcd0: ffff ffff ffff ffff ffff ffff ffff ffff  ................
0001dce0: ffff ffff ffff ffff ffff ffff ffff ffff  ................
0001dcf0: ffff ffff ffff ffff ffff ffff ffff ffff  ................
0001dd00: ffff ffff ffff ffff ffff ffff ffff ffff  ................
0001dd10: ffff ffff ffff ffff ffff ffff ffff ffff  ................
0001dd20: ffff ffff ffff ffff ffff ffff ffff ffff  ................
0001dd30: ffff ffff ffff ffff ffff ffff ffff ffff  ................
0001dd40: ffff ffff ffff ffff ffff ffff ffff ffff  ................
0001dd50: ffff ffff ffff ffff ffff ffff ffff ffff  ................
0001dd60: ffff ffff ffff ffff ffff ffff ffff ffff  ................
0001dd70: ffff ffff ffff ffff ffff ffff ffff ffff  ................
0001dd80: ffff ffff ffff ffff ffff ffff ffff ffff  ................
0001dd90: ffff ffff ffff ffff ffff ffff ffff ffff  ................
0001dda0: ffff ffff ffff ffff ffff ffff ffff ffff  ................
0001ddb0: ffff ffff ffff ffff ffff ffff ffff ffff  ................
0001ddc0: ffff ffff ffff ffff ffff ffff ffff ffff  ................
0001ddd0: ffff ffff ffff ffff ffff ffff ffff ffff  ................
0001dde0: ffff ffff ffff ffff ffff ffff ffff ffff  ................
0001ddf0: ffff ffff ffff ffff ffff ffff ffff ffff  ................
0001de00: ffff ffff ffff ffff ffff ffff ffff ffff  ................
0001de10: ffff ffff ffff ffff ffff ffff ffff ffff  ................
0001de20: ffff ffff ffff ffff ffff ffff ffff ffff  ................
0001de30: ffff ffff ffff ffff ffff ffff ffff ffff  ................
0001de40: ffff ffff ffff ffff ffff ffff ffff ffff  ................
0001de50: ffff ffff ffff ffff ffff ffff ffff ffff  ................
0001de60: ffff ffff ffff ffff ffff ffff ffff ffff  ................
0001de70: ffff ffff ffff ffff ffff ffff ffff ffff  ................
0001de80: ffff ffff ffff ffff ffff ffff ffff ffff  ................
0001de90: ffff ffff ffff ffff ffff ffff ffff ffff  ................
0001dea0: ffff ffff ffff ffff ffff ffff ffff ffff  ................
0001deb0: ffff ffff ffff ffff ffff ffff ffff ffff  ................
0001dec0: ffff ffff ffff ffff ffff ffff ffff ffff  ................
0001ded0: ffff ffff ffff ffff ffff ffff ffff ffff  ................
0001dee0: ffff ffff ffff ffff ffff ffff ffff ffff  ................
0001def0: ffff ffff ffff ffff ffff ffff ffff ffff  ................
0001df00: ffff ffff ffff ffff ffff ffff ffff ffff  ................
0001df10: ffff ffff ffff ffff ffff ffff ffff ffff  ................
0001df20: ffff ffff ffff ffff ffff ffff ffff ffff  ................
0001df30: ffff ffff ffff ffff ffff ffff ffff ffff  ................
0001df40: ffff ffff ffff ffff ffff ffff ffff ffff  ................
0001df50: ffff ffff ffff ffff ffff ffff ffff ffff  ................
0001df60: ffff ffff ffff ffff ffff ffff ffff ffff  ................
0001df70: ffff ffff ffff ffff ffff ffff ffff ffff  ................
0001df80: ffff ffff ffff ffff ffff ffff ffff ffff  ................
0001df90: ffff ffff ffff ffff ffff ffff ffff ffff  ................
0001dfa0: ffff ffff ffff ffff ffff ffff ffff ffff  ................
0001dfb0: ffff ffff ffff ffff ffff ffff ffff ffff  ................
0001dfc0: ffff ffff ffff ffff ffff ffff ffff ffff  ................
0001dfd0: ffff ffff ffff ffff ffff ffff ffff ffff  ................
0001dfe0: ffff ffff ffff ffff ffff ffff ffff ffff  ................
0001dff0: ffff ffff ffff ffff ffff ffff ffff ffff  ................
0001e000: ffff ffff ffff ffff ffff ffff ffff ffff  ................
0001e010: ffff ffff ffff ffff ffff ffff ffff ffff  ................
0001e020: ffff ffff ffff ffff ffff ffff ffff ffff  ................
0001e030: ffff ffff ffff ffff ffff ffff ffff ffff  ................
0001e040: ffff ffff ffff ffff ffff ffff ffff ffff  ................
0001e050: ffff ffff ffff ffff ffff ffff ffff ffff  ................
0001e060: ffff ffff ffff ffff ffff ffff ffff ffff  ................
0001e070: ffff ffff ffff ffff ffff ffff ffff ffff  ................
0001e080: ffff ffff ffff ffff ffff ffff ffff ffff  ................
0001e090: ffff ffff ffff ffff ffff ffff ffff ffff  ................
0001e0a0: ffff ffff ffff ffff ffff ffff ffff ffff  ................
0001e0b0: ffff ffff ffff ffff ffff ffff ffff ffff  ................
0001e0c0: ffff ffff ffff ffff ffff ffff ffff ffff  ................
0001e0d0: ffff ffff ffff ffff ffff ffff ffff ffff  ................
0001e0e0: ffff ffff ffff ffff ffff ffff ffff ffff  ................
0001e0f0: ffff ffff ffff ffff ffff ffff ffff ffff  ................
0001e100: ffff ffff ffff ffff ffff ffff ffff ffff  ................
0001e110: ffff ffff ffff ffff ffff ffff ffff ffff  ................
0001e120: ffff ffff ffff ffff ffff ffff ffff ffff  ................
0001e130: ffff ffff ffff ffff ffff ffff ffff ffff  ................
0001e140: ffff ffff ffff ffff ffff ffff ffff ffff  ................
0001e150: ffff ffff ffff ffff ffff ffff ffff ffff  ................
0001e160: ffff ffff ffff ffff ffff ffff ffff ffff  ................
0001e170: ffff ffff ffff ffff ffff ffff ffff ffff  ................
0001e180: ffff ffff ffff ffff ffff ffff ffff ffff  ................
0001e190: ffff ffff ffff ffff ffff ffff ffff ffff  ................
0001e1a0: ffff ffff ffff ffff ffff ffff ffff ffff  ................
0001e1b0: ffff ffff ffff ffff ffff ffff ffff ffff  ................
0001e1c0: ffff ffff ffff ffff ffff ffff ffff ffff  ................
0001e1d0: ffff ffff ffff ffff ffff ffff ffff ffff  ................
0001e1e0: ffff ffff ffff ffff ffff ffff ffff ffff  ................
0001e1f0: ffff ffff ffff ffff ffff ffff ffff ffff  ................
0001e200: ffff ffff ffff ffff ffff ffff ffff ffff  ................
0001e210: ffff ffff ffff ffff ffff ffff ffff ffff  ................
0001e220: ffff ffff ffff ffff ffff ffff ffff ffff  ................
0001e230: ffff ffff ffff ffff ffff ffff ffff ffff  ................
0001e240: ffff ffff ffff ffff ffff ffff ffff ffff  ................
0001e250: ffff ffff ffff ffff ffff ffff ffff ffff  ................
0001e260: ffff ffff ffff ffff ffff ffff ffff ffff  ................
0001e270: ffff ffff ffff ffff ffff ffff ffff ffff  ................
0001e280: ffff ffff ffff ffff ffff ffff ffff ffff  ................
0001e290: ffff ffff ffff ffff ffff ffff ffff ffff  ................
0001e2a0: ffff ffff ffff ffff ffff ffff ffff ffff  ................
0001e2b0: ffff ffff ffff ffff ffff ffff ffff ffff  ................
0001e2c0: ffff ffff ffff ffff ffff ffff ffff ffff  ................
0001e2d0: ffff ffff ffff ffff ffff ffff ffff ffff  ................
0001e2e0: ffff ffff ffff ffff ffff ffff ffff ffff  ................
0001e2f0: ffff ffff ffff ffff ffff ffff ffff ffff  ................
0001e300: ffff ffff ffff ffff ffff ffff ffff ffff  ................
0001e310: ffff ffff ffff ffff ffff ffff ffff ffff  ................
0001e320: ffff ffff ffff ffff ffff ffff ffff ffff  ................
0001e330: ffff ffff ffff ffff ffff ffff ffff ffff  ................
0001e340: ffff ffff ffff ffff ffff ffff ffff ffff  ................
0001e350: ffff ffff ffff ffff ffff ffff ffff ffff  ................
0001e360: ffff ffff ffff ffff ffff ffff ffff ffff  ................
0001e370: ffff ffff ffff ffff ffff ffff ffff ffff  ................
0001e380: ffff ffff ffff ffff ffff ffff ffff ffff  ................
0001e390: ffff ffff ffff ffff ffff ffff ffff ffff  ................
0001e3a0: ffff ffff ffff ffff ffff ffff ffff ffff  ................
0001e3b0: ffff ffff ffff ffff ffff ffff ffff ffff  ................
0001e3c0: ffff ffff ffff ffff ffff ffff ffff ffff  ................
0001e3d0: ffff ffff ffff ffff ffff ffff ffff ffff  ................
0001e3e0: ffff ffff ffff ffff ffff ffff ffff ffff  ................
0001e3f0: ffff ffff ffff ffff ffff ffff ffff ffff  ................
0001e400: ffff ffff ffff ffff ffff ffff ffff ffff  ................
0001e410: ffff ffff ffff ffff ffff ffff ffff ffff  ................
0001e420: ffff ffff ffff ffff ffff ffff ffff ffff  ................
0001e430: ffff ffff ffff ffff ffff ffff ffff ffff  ................
0001e440: ffff ffff ffff ffff ffff ffff ffff ffff  ................
0001e450: ffff ffff ffff ffff ffff ffff ffff ffff  ................
0001e460: ffff ffff ffff ffff ffff ffff ffff ffff  ................
0001e470: ffff ffff ffff ffff ffff ffff ffff ffff  ................
0001e480: ffff ffff ffff ffff ffff ffff ffff ffff  ................
0001e490: ffff ffff ffff ffff ffff ffff ffff ffff  ................
0001e4a0: ffff ffff ffff ffff ffff ffff ffff ffff  ................
0001e4b0: ffff ffff ffff ffff ffff ffff ffff ffff  ................
0001e4c0: ffff ffff ffff ffff ffff ffff ffff ffff  ................
0001e4d0: ffff ffff ffff ffff ffff ffff ffff ffff  ................
0001e4e0: ffff ffff ffff ffff ffff ffff ffff ffff  ................
0001e4f0: ffff ffff ffff ffff ffff ffff ffff ffff  ................
0001e500: ffff ffff ffff ffff ffff ffff ffff ffff  ................
0001e510: ffff ffff ffff ffff ffff ffff ffff ffff  ................
0001e520: ffff ffff ffff ffff ffff ffff ffff ffff  ................
0001e530: ffff ffff ffff ffff ffff ffff ffff ffff  ................
0001e540: ffff ffff ffff ffff ffff ffff ffff ffff  ................
0001e550: ffff ffff ffff ffff ffff ffff ffff ffff  ................
0001e560: ffff ffff ffff ffff ffff ffff ffff ffff  ................
0001e570: ffff ffff ffff ffff ffff ffff ffff ffff  ................
0001e580: ffff ffff ffff ffff ffff ffff ffff ffff  ................
0001e590: ffff ffff ffff ffff ffff ffff ffff ffff  ................
0001e5a0: ffff ffff ffff ffff ffff ffff ffff ffff  ................
0001e5b0: ffff ffff ffff ffff ffff ffff ffff ffff  ................
0001e5c0: ffff ffff ffff ffff ffff ffff ffff ffff  ................
0001e5d0: ffff ffff ffff ffff ffff ffff ffff ffff  ................
0001e5e0: ffff ffff ffff ffff ffff ffff ffff ffff  ................
0001e5f0: ffff ffff ffff ffff ffff ffff ffff ffff  ................
0001e600: ffff ffff ffff ffff ffff ffff ffff ffff  ................
0001e610: ffff ffff ffff ffff ffff ffff ffff ffff  ................
0001e620: ffff ffff ffff ffff ffff ffff ffff ffff  ................
0001e630: ffff ffff ffff ffff ffff ffff ffff ffff  ................
0001e640: ffff ffff ffff ffff ffff ffff ffff ffff  ................
0001e650: ffff ffff ffff ffff ffff ffff ffff ffff  ................
0001e660: ffff ffff ffff ffff ffff ffff ffff ffff  ................
0001e670: ffff ffff ffff ffff ffff ffff ffff ffff  ................
0001e680: ffff ffff ffff ffff ffff ffff ffff ffff  ................
0001e690: ffff ffff ffff ffff ffff ffff ffff ffff  ................
0001e6a0: ffff ffff ffff ffff ffff ffff ffff ffff  ................
0001e6b0: ffff ffff ffff ffff ffff ffff ffff ffff  ................
0001e6c0: ffff ffff ffff ffff ffff ffff ffff ffff  ................
0001e6d0: ffff ffff ffff ffff ffff ffff ffff ffff  ................
0001e6e0: ffff ffff ffff ffff ffff ffff ffff ffff  ................
0001e6f0: ffff ffff ffff ffff ffff ffff ffff ffff  ................
0001e700: ffff ffff ffff ffff ffff ffff ffff ffff  ................
0001e710: ffff ffff ffff ffff ffff ffff ffff ffff  ................
0001e720: ffff ffff ffff ffff ffff ffff ffff ffff  ................
0001e730: ffff ffff ffff ffff ffff ffff ffff ffff  ................
0001e740: ffff ffff ffff ffff ffff ffff ffff ffff  ................
0001e750: ffff ffff ffff ffff ffff ffff ffff ffff  ................
0001e760: ffff ffff ffff ffff ffff ffff ffff ffff  ................
0001e770: ffff ffff ffff ffff ffff ffff ffff ffff  ................
0001e780: ffff ffff ffff ffff ffff ffff ffff ffff  ................
0001e790: ffff ffff ffff ffff ffff ffff ffff ffff  ................
0001e7a0: ffff ffff ffff ffff ffff ffff ffff ffff  ................
0001e7b0: ffff ffff ffff ffff ffff ffff ffff ffff  ................
0001e7c0: ffff ffff ffff ffff ffff ffff ffff ffff  ................
0001e7d0: ffff ffff ffff ffff ffff ffff ffff ffff  ................
0001e7e0: ffff ffff ffff ffff ffff ffff ffff ffff  ................
0001e7f0: ffff ffff ffff ffff ffff ffff ffff ffff  ................
0001e800: ffff ffff ffff ffff ffff ffff ffff ffff  ................
0001e810: ffff ffff ffff ffff ffff ffff ffff ffff  ................
0001e820: ffff ffff ffff ffff ffff ffff ffff ffff  ................
0001e830: ffff ffff ffff ffff ffff ffff ffff ffff  ................
0001e840: ffff ffff ffff ffff ffff ffff ffff ffff  ................
0001e850: ffff ffff ffff ffff ffff ffff ffff ffff  ................
0001e860: ffff ffff ffff ffff ffff ffff ffff ffff  ................
0001e870: ffff ffff ffff ffff ffff ffff ffff ffff  ................
0001e880: ffff ffff ffff ffff ffff ffff ffff ffff  ................
0001e890: ffff ffff ffff ffff ffff ffff ffff ffff  ................
0001e8a0: ffff ffff ffff ffff ffff ffff ffff ffff  ................
0001e8b0: ffff ffff ffff ffff ffff ffff ffff ffff  ................
0001e8c0: ffff ffff ffff ffff ffff ffff ffff ffff  ................
0001e8d0: ffff ffff ffff ffff ffff ffff ffff ffff  ................
0001e8e0: ffff ffff ffff ffff ffff ffff ffff ffff  ................
0001e8f0: ffff ffff ffff ffff ffff ffff ffff ffff  ................
0001e900: ffff ffff ffff ffff ffff ffff ffff ffff  ................
0001e910: ffff ffff ffff ffff ffff ffff ffff ffff  ................
0001e920: ffff ffff ffff ffff ffff ffff ffff ffff  ................
0001e930: ffff ffff ffff ffff ffff ffff ffff ffff  ................
0001e940: ffff ffff ffff ffff ffff ffff ffff ffff  ................
0001e950: ffff ffff ffff ffff ffff ffff ffff ffff  ................
0001e960: ffff ffff ffff ffff ffff ffff ffff ffff  ................
0001e970: ffff ffff ffff ffff ffff ffff ffff ffff  ................
0001e980: ffff ffff ffff ffff ffff ffff ffff ffff  ................
0001e990: ffff ffff ffff ffff ffff ffff ffff ffff  ................
0001e9a0: ffff ffff ffff ffff ffff ffff ffff ffff  ................
0001e9b0: ffff ffff ffff ffff ffff ffff ffff ffff  ................
0001e9c0: ffff ffff ffff ffff ffff ffff ffff ffff  ................
0001e9d0: ffff ffff ffff ffff ffff ffff ffff ffff  ................
0001e9e0: ffff ffff ffff ffff ffff ffff ffff ffff  ................
0001e9f0: ffff ffff ffff ffff ffff ffff ffff ffff  ................
0001ea00: ffff ffff ffff ffff ffff ffff ffff ffff  ................
0001ea10: ffff ffff ffff ffff ffff ffff ffff ffff  ................
0001ea20: ffff ffff ffff ffff ffff ffff ffff ffff  ................
0001ea30: ffff ffff ffff ffff ffff ffff ffff ffff  ................
0001ea40: ffff ffff ffff ffff ffff ffff ffff ffff  ................
0001ea50: ffff ffff ffff ffff ffff ffff ffff ffff  ................
0001ea60: ffff ffff ffff ffff ffff ffff ffff ffff  ................
0001ea70: ffff ffff ffff ffff ffff ffff ffff ffff  ................
0001ea80: ffff ffff ffff ffff ffff ffff ffff ffff  ................
0001ea90: ffff ffff ffff ffff ffff ffff ffff ffff  ................
0001eaa0: ffff ffff ffff ffff ffff ffff ffff ffff  ................
0001eab0: ffff ffff ffff ffff ffff ffff ffff ffff  ................
0001eac0: ffff ffff ffff ffff ffff ffff ffff ffff  ................
0001ead0: ffff ffff ffff ffff ffff ffff ffff ffff  ................
0001eae0: ffff ffff ffff ffff ffff ffff ffff ffff  ................
0001eaf0: ffff ffff ffff ffff ffff ffff ffff ffff  ................
0001eb00: ffff ffff ffff ffff ffff ffff ffff ffff  ................
0001eb10: ffff ffff ffff ffff ffff ffff ffff ffff  ................
0001eb20: ffff ffff ffff ffff ffff ffff ffff ffff  ................
0001eb30: ffff ffff ffff ffff ffff ffff ffff ffff  ................
0001eb40: ffff ffff ffff ffff ffff ffff ffff ffff  ................
0001eb50: ffff ffff ffff ffff ffff ffff ffff ffff  ................
0001eb60: ffff ffff ffff ffff ffff ffff ffff ffff  ................
0001eb70: ffff ffff ffff ffff ffff ffff ffff ffff  ................
0001eb80: ffff ffff ffff ffff ffff ffff ffff ffff  ................
0001eb90: ffff ffff ffff ffff ffff ffff ffff ffff  ................
0001eba0: ffff ffff ffff ffff ffff ffff ffff ffff  ................
0001ebb0: ffff ffff ffff ffff ffff ffff ffff ffff  ................
0001ebc0: ffff ffff ffff ffff ffff ffff ffff ffff  ................
0001ebd0: ffff ffff ffff ffff ffff ffff ffff ffff  ................
0001ebe0: ffff ffff ffff ffff ffff ffff ffff ffff  ................
0001ebf0: ffff ffff ffff ffff ffff ffff ffff ffff  ................
0001ec00: ffff ffff ffff ffff ffff ffff ffff ffff  ................
0001ec10: ffff ffff ffff ffff ffff ffff ffff ffff  ................
0001ec20: ffff ffff ffff ffff ffff ffff ffff ffff  ................
0001ec30: ffff ffff ffff ffff ffff ffff ffff ffff  ................
0001ec40: ffff ffff ffff ffff ffff ffff ffff ffff  ................
0001ec50: ffff ffff ffff ffff ffff ffff ffff ffff  ................
0001ec60: ffff ffff ffff ffff ffff ffff ffff ffff  ................
0001ec70: ffff ffff ffff ffff ffff ffff ffff ffff  ................
0001ec80: ffff ffff ffff ffff ffff ffff ffff ffff  ................
0001ec90: ffff ffff ffff ffff ffff ffff ffff ffff  ................
0001eca0: ffff ffff ffff ffff ffff ffff ffff ffff  ................
0001ecb0: ffff ffff ffff ffff ffff ffff ffff ffff  ................
0001ecc0: ffff ffff ffff ffff ffff ffff ffff ffff  ................
0001ecd0: ffff ffff ffff ffff ffff ffff ffff ffff  ................
0001ece0: ffff ffff ffff ffff ffff ffff ffff ffff  ................
0001ecf0: ffff ffff ffff ffff ffff ffff ffff ffff  ................
0001ed00: ffff ffff ffff ffff ffff ffff ffff ffff  ................
0001ed10: ffff ffff ffff ffff ffff ffff ffff ffff  ................
0001ed20: ffff ffff ffff ffff ffff ffff ffff ffff  ................
0001ed30: ffff ffff ffff ffff ffff ffff ffff ffff  ................
0001ed40: ffff ffff ffff ffff ffff ffff ffff ffff  ................
0001ed50: ffff ffff ffff ffff ffff ffff ffff ffff  ................
0001ed60: ffff ffff ffff ffff ffff ffff ffff ffff  ................
0001ed70: ffff ffff ffff ffff ffff ffff ffff ffff  ................
0001ed80: ffff ffff ffff ffff ffff ffff ffff ffff  ................
0001ed90: ffff ffff ffff ffff ffff ffff ffff ffff  ................
0001eda0: ffff ffff ffff ffff ffff ffff ffff ffff  ................
0001edb0: ffff ffff ffff ffff ffff ffff ffff ffff  ................
0001edc0: ffff ffff ffff ffff ffff ffff ffff ffff  ................
0001edd0: ffff ffff ffff ffff ffff ffff ffff ffff  ................
0001ede0: ffff ffff ffff ffff ffff ffff ffff ffff  ................
0001edf0: ffff ffff ffff ffff ffff ffff ffff ffff  ................
0001ee00: ffff ffff ffff ffff ffff ffff ffff ffff  ................
0001ee10: ffff ffff ffff ffff ffff ffff ffff ffff  ................
0001ee20: ffff ffff ffff ffff ffff ffff ffff ffff  ................
0001ee30: ffff ffff ffff ffff ffff ffff ffff ffff  ................
0001ee40: ffff ffff ffff ffff ffff ffff ffff ffff  ................
0001ee50: ffff ffff ffff ffff ffff ffff ffff ffff  ................
0001ee60: ffff ffff ffff ffff ffff ffff ffff ffff  ................
0001ee70: ffff ffff ffff ffff ffff ffff ffff ffff  ................
0001ee80: ffff ffff ffff ffff ffff ffff ffff ffff  ................
0001ee90: ffff ffff ffff ffff ffff ffff ffff ffff  ................
0001eea0: ffff ffff ffff ffff ffff ffff ffff ffff  ................
0001eeb0: ffff ffff ffff ffff ffff ffff ffff ffff  ................
0001eec0: ffff ffff ffff ffff ffff ffff ffff ffff  ................
0001eed0: ffff ffff ffff ffff ffff ffff ffff ffff  ................
0001eee0: ffff ffff ffff ffff ffff ffff ffff ffff  ................
0001eef0: ffff ffff ffff ffff ffff ffff ffff ffff  ................
0001ef00: ffff ffff ffff ffff ffff ffff ffff ffff  ................
0001ef10: ffff ffff ffff ffff ffff ffff ffff ffff  ................
0001ef20: ffff ffff ffff ffff ffff ffff ffff ffff  ................
0001ef30: ffff ffff ffff ffff ffff ffff ffff ffff  ................
0001ef40: ffff ffff ffff ffff ffff ffff ffff ffff  ................
0001ef50: ffff ffff ffff ffff ffff ffff ffff ffff  ................
0001ef60: ffff ffff ffff ffff ffff ffff ffff ffff  ................
0001ef70: ffff ffff ffff ffff ffff ffff ffff ffff  ................
0001ef80: ffff ffff ffff ffff ffff ffff ffff ffff  ................
0001ef90: ffff ffff ffff ffff ffff ffff ffff ffff  ................
0001efa0: ffff ffff ffff ffff ffff ffff ffff ffff  ................
0001efb0: ffff ffff ffff ffff ffff ffff ffff ffff  ................
0001efc0: ffff ffff ffff ffff ffff ffff ffff ffff  ................
0001efd0: ffff ffff ffff ffff ffff ffff ffff ffff  ................
0001efe0: ffff ffff ffff ffff ffff ffff ffff ffff  ................
0001eff0: ffff ffff ffff ffff ffff ffff ffff ffff  ................
0001f000: ffff ffff ffff ffff bf1a be01 bcfe bbff  ................
0001f010: baeb 9b00 9a00 9900 96d6 94e1 92e0 90df  ................
0001f020: 8ede 8cdd 8adc 88db 86da 84d9 82d8 80d2  ................
0001f030: f7ff bed1 f7ff bcd5 f7ff bab3 f7ff b8d4  ................
0001f040: f7ff b6eb f7ff b4e5 f7ff b2f7 f7ff b0ea  ................
0001f050: f7ff aee8 f7ff ace3 f7ff aae7 f7ff a8f3  ................
0001f060: f7ff a6ed f7ff a4ec f7ff a2d0 f7ff a0cf  ................
0001f070: f7ff 9ece f7ff 9cb4 f7ff 9ac6 f7ff 98fb  ................
0001f080: f7ff 96e9 f7ff 94f8 f7ff 92f6 f7ff 90f5  ................
0001f090: f7ff 8ef4 f7ff 8cf2 f7ff 8af1 f7ff 88f0  ................
0001f0a0: f7ff 86cc f7ff 84cb f7ff 82d7 f7ff 80b3  ................
0001f0b0: f7ff 7eb1 f7ff 7c1e f7ff 7a1e f7ff 78e2  ..~...|...z...x.
0001f0c0: f7ff 76e4 f7ff 74f9 f7ff 72e6 f7ff 70fa  ..v...t...r...p.
0001f0d0: f7ff 6eee f7ff 6cef f7ff 6ac9 f7ff 68c8  ..n...l...j...h.
0001f0e0: f7ff 66c7 f7ff 641a f7ff 62ad f7ff 60b2  ..f...d...b...`.
0001f0f0: f7ff 5e1f f7ff 5c1c f7ff 5a1d f7ff 54d3  ..^...\...Z...T.
0001f100: f7ff 52d3 f7ff 4c19 f7ff 4a1b f7ff 49ad  ..R...L...J...I.
0001f110: f7ff 48de f7ff 46af f7ff 44ae f7ff 42b0  ..H...F...D...B.
0001f120: f7ff 40ca f7ff 3ec5 f7ff 3cc4 f7ff 3ac3  ..@...>...<...:.
0001f130: f7ff 38c2 f7ff 36c1 f7ff 34c0 f7ff 32bf  ..8...6...4...2.
0001f140: f7ff 30be f7ff 2ebd f7ff 2cbc f7ff 2abb  ..0.......,...*.
0001f150: f7ff 28ba f7ff 2697 f7ff 24fe f7ff 2187  ..(...&...$...!.
0001f160: f7ff 20dd f7ff 1f87 f7ff 1ede f7ff 1d87  .. .............
0001f170: f7ff 1cdb f7ff 1b87 f7ff 1adc f7ff 18fe  ................
0001f180: f7ff 16fe f7ff 14fe f7ff 12fe f7ff 10fe  ................
0001f190: f7ff 0efe f7ff 0cfe f7ff 0afe f7ff 08fe  ................
0001f1a0: f7ff 06fe f7ff 04fe f7ff 0387 f7ff 02d9  ................
0001f1b0: f7ff 0187 f7ff 00da f7fe ff87 f7fe fed7  ................
0001f1c0: f7fe fd87 f7fe fcd8 f7fe fafe f7fe f8fe  ................
0001f1d0: f7fe f6fe f7fe f4fe f7fe f2fe f7fe f0fe  ................
0001f1e0: f7fe eefe f7fe ecfe f7fe eafe f7fe e8fe  ................
0001f1f0: f7fe e6fe f7fe e4fe f7fe e2fe f7fe e0fe  ................
0001f200: f7fe defe f7fe dcfe f7fe dafe f7fe d8fe  ................
0001f210: f7fe d6fe f7fe d4fe f7fe d2fe f7fe d0fe  ................
0001f220: f7fe cf87 f7fe cedf f7fe ccfe f7fe cafe  ................
0001f230: f7fe c8fe f7fe c6fe f7fe c4fe f7fe befe  ................
0001f240: f7fe bcfe f7fe b6fe f7fe b4fe f7fe b2fe  ................
0001f250: f7fe b187 f7fe b0de f7fe aefe f7fe ad87  ................
0001f260: f7fe acdd f7fe aafe f7fe a8fe f7fe a6fe  ................
0001f270: f7fe a4fe f7fe a2fe f7fe a0fe f7fe 9efe  ................
0001f280: f7fe 9cfe f7fe 9afe f7fe 98fe f7fe 96fe  ................
0001f290: f7fe 94fe f7fe 92fe f7fe 90fe f7fe 8efe  ................
0001f2a0: f7fe 8cfe f7fe 8afe f7fe 88fe f7fe 86fe  ................
0001f2b0: f7fe 84fe f7fe 82fe f7fe 80fe f7fe 7efe  ..............~.
0001f2c0: f7fe 7cfe f7fe 7afe f7fe 78fe f7fe 76fe  ..|...z...x...v.
0001f2d0: f7fe 74fe f7fe 72fe f7fe 70fe f7fe 6efe  ..t...r...p...n.
0001f2e0: f7fe 6cfe f7fe 6afe f7fe 68fe f7fe 66fe  ..l...j...h...f.
0001f2f0: f7fe 64fe f7fe 62fe f7fe 60fe f7fe 5efe  ..d...b...`...^.
0001f300: f7fe 5cfe f7fe 5afe f7fe 58fe f7fe 56fe  ..\...Z...X...V.
0001f310: f7fe 54fe f7fe 52fe f7fe 50fe f7fe 4efe  ..T...R...P...N.
0001f320: f7fe 4cfe f7fe 4afe f7fe 48fe f7fe 46fe  ..L...J...H...F.
0001f330: f7fe 44fe f7fe 42fe f7fe 40fe f7fe 3efe  ..D...B...@...>.
0001f340: f7fe 3cfe f7fe 3afe f7fe 3987 f7fe 38df  ..<...:...9...8.
0001f350: f7fe 36fe f7fe 34fe f7fe 32fe f7fe 30fe  ..6...4...2...0.
0001f360: f7fe 2efe f7fe 28fe f7fe 26fe f7fe 20fe  ......(...&... .
0001f370: f7fe 1efe f7fe 1cfe f7fe 1b87 f7fe 1ade  ................
0001f380: f7fe 18fe f7fe 1787 f7fe 16dd f7fe 14fe  ................
0001f390: f7fe 12fe f7fe 10fe f7fe 0efe f7fe 0cfe  ................
0001f3a0: f7fe 0afe f7fe 08fe f7fe 06fe f7fe 04fe  ................
0001f3b0: f7fe 02fe f7fe 00fe f7fd fefe f7fd fcfe  ................
0001f3c0: f7fd fafe f7fd f8fe f7fd f6fe f7fd f4fe  ................
0001f3d0: f7fd f2fe f7fd f0fe f7fd eefe f7fd ecfe  ................
0001f3e0: f7fd eafe f7fd e8fe f7fd e6fe f7fd e4fe  ................
0001f3f0: f7fd e2fe f7fd e0fe f7fd defe f7fd dcfe  ................
0001f400: f7fd dafe f7fd d8fe f7fd d6fe f7fd d4fe  ................
0001f410: f7fd d2fe f7fd d0fe f7fd cefe f7fd ccfe  ................
0001f420: f7fd cafe f7fd c8fe f7fd c6fe f7fd c4fe  ................
0001f430: f7fd c2fe f7fd c0fe f7fd befe f7fd bcfe  ................
0001f440: f7fd bafe f7fd b8fe f7fd b6fe f7fd b4fe  ................
0001f450: f7fd b2fe f7fd b0fe f7fd aefe f7fd acfe  ................
0001f460: f7fd aafe f7fd a8fe f7fd a6fe f7fd a4fe  ................
0001f470: f7fd a2fe f7fd a0fe f7fd 9efe f7fd 9cfe  ................
0001f480: f7fd 9afe f7fd 98fe f7fd 92fe f7fd 90fe  ................
0001f490: f7fd 8afe f7fd 88fe f7fd 86fe f7fd 84fe  ................
0001f4a0: f7fd 82fe f7fd 80fe 9bdb 9af7 99e9 b7da  ................
0001f4b0: b6ff b500 b400 b7db b6ff b500 b400 ffff  ................
0001f4c0: ffff ffff ffff ffff ffff ffff ffff ffff  ................
0001f4d0: ffff ffff ffff ffff ffff ffff ffff ffff  ................
0001f4e0: ffff ffff ffff ffff ffff ffff ffff ffff  ................
0001f4f0: ffff ffff ffff ffff ffff ffff ffff ffff  ................
0001f500: ffff ffff ffff ffff ffff ffff ffff ffff  ................
0001f510: ffff ffff ffff ffff ffff ffff ffff ffff  ................
0001f520: ffff ffff ffff ffff ffff ffff ffff ffff  ................
0001f530: ffff ffff ffff ffff ffff ffff ffff ffff  ................
0001f540: ffff ffff ffff ffff ffff ffff ffff ffff  ................
0001f550: ffff ffff ffff ffff ffff ffff ffff ffff  ................
0001f560: ffff ffff ffff ffff ffff ffff ffff ffff  ................
0001f570: ffff ffff ffff ffff ffff ffff ffff ffff  ................
0001f580: ffff ffff ffff ffff ffff ffff ffff ffff  ................
0001f590: ffff ffff ffff ffff ffff ffff ffff ffff  ................
0001f5a0: ffff ffff ffff ffff ffff ffff ffff ffff  ................
0001f5b0: ffff ffff ffff ffff ffff ffff ffff ffff  ................
0001f5c0: ffff ffff ffff ffff ffff ffff ffff ffff  ................
0001f5d0: ffff ffff ffff ffff ffff ffff ffff ffff  ................
0001f5e0: ffff ffff ffff ffff ffff ffff ffff ffff  ................
0001f5f0: ffff ffff ffff ffff ffff ffff ffff ffff  ................
0001f600: ffff ffff ffff ffff ffff ffff ffff ffff  ................
0001f610: ffff ffff ffff ffff ffff ffff ffff ffff  ................
0001f620: ffff ffff ffff ffff ffff ffff ffff ffff  ................
0001f630: ffff ffff ffff ffff ffff ffff ffff ffff  ................
0001f640: ffff ffff ffff ffff ffff ffff ffff ffff  ................
0001f650: ffff ffff ffff ffff ffff ffff ffff ffff  ................
0001f660: ffff ffff ffff ffff ffff ffff ffff ffff  ................
0001f670: ffff ffff ffff ffff ffff ffff ffff ffff  ................
0001f680: ffff ffff ffff ffff ffff ffff ffff ffff  ................
0001f690: ffff ffff ffff ffff ffff ffff ffff ffff  ................
0001f6a0: ffff ffff ffff ffff ffff ffff ffff ffff  ................
0001f6b0: ffff ffff ffff ffff ffff ffff ffff ffff  ................
0001f6c0: ffff ffff ffff ffff ffff ffff ffff ffff  ................
0001f6d0: ffff ffff ffff ffff ffff ffff ffff ffff  ................
0001f6e0: ffff ffff ffff ffff ffff ffff ffff ffff  ................
0001f6f0: ffff ffff ffff ffff ffff ffff ffff ffff  ................
0001f700: ffff ffff ffff ffff ffff ffff ffff ffff  ................
0001f710: ffff ffff ffff ffff ffff ffff ffff ffff  ................
0001f720: ffff ffff ffff ffff ffff ffff ffff ffff  ................
0001f730: ffff ffff ffff ffff ffff ffff ffff ffff  ................
0001f740: ffff ffff ffff ffff ffff ffff ffff ffff  ................
0001f750: ffff ffff ffff ffff ffff ffff ffff ffff  ................
0001f760: ffff ffff ffff ffff ffff ffff ffff ffff  ................
0001f770: ffff ffff ffff ffff ffff ffff ffff ffff  ................
0001f780: ffff ffff ffff ffff ffff ffff ffff ffff  ................
0001f790: ffff ffff ffff ffff ffff ffff ffff ffff  ................
0001f7a0: ffff ffff ffff ffff ffff ffff ffff ffff  ................
0001f7b0: ffff ffff ffff ffff ffff ffff ffff ffff  ................
0001f7c0: ffff ffff ffff ffff ffff ffff ffff ffff  ................
0001f7d0: ffff ffff ffff ffff ffff ffff ffff ffff  ................
0001f7e0: ffff ffff ffff ffff ffff ffff ffff ffff  ................
0001f7f0: ffff ffff ffff ffff ffff ffff ffff ffff  ................
0001f800: ffff ffff ffff ffff ffff ffff ffff ffff  ................
0001f810: ffff ffff ffff ffff ffff ffff ffff ffff  ................
0001f820: ffff ffff ffff ffff ffff ffff ffff ffff  ................
0001f830: ffff ffff ffff ffff ffff ffff ffff ffff  ................
0001f840: ffff ffff ffff ffff ffff ffff ffff ffff  ................
0001f850: ffff ffff ffff ffff ffff ffff ffff ffff  ................
0001f860: ffff ffff ffff ffff ffff ffff ffff ffff  ................
0001f870: ffff ffff ffff ffff ffff ffff ffff ffff  ................
0001f880: ffff ffff ffff ffff ffff ffff ffff ffff  ................
0001f890: ffff ffff ffff ffff ffff ffff ffff ffff  ................
0001f8a0: ffff ffff ffff ffff ffff ffff ffff ffff  ................
0001f8b0: ffff ffff ffff ffff ffff ffff ffff ffff  ................
0001f8c0: ffff ffff ffff ffff ffff ffff ffff ffff  ................
0001f8d0: ffff ffff ffff ffff ffff ffff ffff ffff  ................
0001f8e0: ffff ffff ffff ffff ffff ffff ffff ffff  ................
0001f8f0: ffff ffff ffff ffff ffff ffff ffff ffff  ................
0001f900: ffff ffff ffff ffff ffff ffff ffff ffff  ................
0001f910: ffff ffff ffff ffff ffff ffff ffff ffff  ................
0001f920: ffff ffff ffff ffff ffff ffff ffff ffff  ................
0001f930: ffff ffff ffff ffff ffff ffff ffff ffff  ................
0001f940: ffff ffff ffff ffff ffff ffff ffff ffff  ................
0001f950: ffff ffff ffff ffff ffff ffff ffff ffff  ................
0001f960: ffff ffff ffff ffff ffff ffff ffff ffff  ................
0001f970: ffff ffff ffff ffff ffff ffff ffff ffff  ................
0001f980: ffff ffff ffff ffff ffff ffff ffff ffff  ................
0001f990: ffff ffff ffff ffff ffff ffff ffff ffff  ................
0001f9a0: ffff ffff ffff ffff ffff ffff ffff ffff  ................
0001f9b0: ffff ffff ffff ffff ffff ffff ffff ffff  ................
0001f9c0: ffff ffff ffff ffff ffff ffff ffff ffff  ................
0001f9d0: ffff ffff ffff ffff ffff ffff ffff ffff  ................
0001f9e0: ffff ffff ffff ffff ffff ffff ffff ffff  ................
0001f9f0: ffff ffff ffff ffff ffff ffff ffff ffff  ................
0001fa00: ffff ffff ffff ffff ffff ffff ffff ffff  ................
0001fa10: ffff ffff ffff ffff ffff ffff ffff ffff  ................
0001fa20: ffff ffff ffff ffff ffff ffff ffff ffff  ................
0001fa30: ffff ffff ffff ffff ffff ffff ffff ffff  ................
0001fa40: ffff ffff ffff ffff ffff ffff ffff ffff  ................
0001fa50: ffff ffff ffff ffff ffff ffff ffff ffff  ................
0001fa60: ffff ffff ffff ffff ffff ffff ffff ffff  ................
0001fa70: ffff ffff ffff ffff ffff ffff ffff ffff  ................
0001fa80: ffff ffff ffff ffff ffff ffff ffff ffff  ................
0001fa90: ffff ffff ffff ffff ffff ffff ffff ffff  ................
0001faa0: ffff ffff ffff ffff ffff ffff ffff ffff  ................
0001fab0: ffff ffff ffff ffff ffff ffff ffff ffff  ................
0001fac0: ffff ffff ffff ffff ffff ffff ffff ffff  ................
0001fad0: ffff ffff ffff ffff ffff ffff ffff ffff  ................
0001fae0: ffff ffff ffff ffff ffff ffff ffff ffff  ................
0001faf0: ffff ffff ffff ffff ffff ffff ffff ffff  ................
0001fb00: ffff ffff ffff ffff ffff ffff ffff ffff  ................
0001fb10: ffff ffff ffff ffff ffff ffff ffff ffff  ................
0001fb20: ffff ffff ffff ffff ffff ffff ffff ffff  ................
0001fb30: ffff ffff ffff ffff ffff ffff ffff ffff  ................
0001fb40: ffff ffff ffff ffff ffff ffff ffff ffff  ................
0001fb50: ffff ffff ffff ffff ffff ffff ffff ffff  ................
0001fb60: ffff ffff ffff ffff ffff ffff ffff ffff  ................
0001fb70: ffff ffff ffff ffff ffff ffff ffff ffff  ................
0001fb80: ffff ffff ffff ffff ffff ffff ffff ffff  ................
0001fb90: ffff ffff ffff ffff ffff ffff ffff ffff  ................
0001fba0: ffff ffff ffff ffff ffff ffff ffff ffff  ................
0001fbb0: ffff ffff ffff ffff ffff ffff ffff ffff  ................
0001fbc0: ffff ffff ffff ffff ffff ffff ffff ffff  ................
0001fbd0: ffff ffff ffff ffff ffff ffff ffff ffff  ................
0001fbe0: ffff ffff ffff ffff ffff ffff ffff ffff  ................
0001fbf0: ffff ffff ffff ffff ffff ffff ffff ffff  ................
0001fc00: ffff ffff ffff ffff ffff ffff ffff ffff  ................
0001fc10: ffff ffff ffff ffff ffff ffff ffff ffff  ................
0001fc20: ffff ffff ffff ffff ffff ffff ffff ffff  ................
0001fc30: ffff ffff ffff ffff ffff ffff ffff ffff  ................
0001fc40: ffff ffff ffff ffff ffff ffff ffff ffff  ................
0001fc50: ffff ffff ffff ffff ffff ffff ffff ffff  ................
0001fc60: ffff ffff ffff ffff ffff ffff ffff ffff  ................
0001fc70: ffff ffff ffff ffff ffff ffff ffff ffff  ................
0001fc80: ffff ffff ffff ffff ffff ffff ffff ffff  ................
0001fc90: ffff ffff ffff ffff ffff ffff ffff ffff  ................
0001fca0: ffff ffff ffff ffff ffff ffff ffff ffff  ................
0001fcb0: ffff ffff ffff ffff ffff ffff ffff ffff  ................
0001fcc0: ffff ffff ffff ffff ffff ffff ffff ffff  ................
0001fcd0: ffff ffff ffff ffff ffff ffff ffff ffff  ................
0001fce0: ffff ffff ffff ffff ffff ffff ffff ffff  ................
0001fcf0: ffff ffff ffff ffff ffff ffff ffff ffff  ................
0001fd00: ffff ffff ffff ffff ffff ffff ffff ffff  ................
0001fd10: ffff ffff ffff ffff ffff ffff ffff ffff  ................
0001fd20: ffff ffff ffff ffff ffff ffff ffff ffff  ................
0001fd30: ffff ffff ffff ffff ffff ffff ffff ffff  ................
0001fd40: ffff ffff ffff ffff ffff ffff ffff ffff  ................
0001fd50: ffff ffff ffff ffff ffff ffff ffff ffff  ................
0001fd60: ffff ffff ffff ffff ffff ffff ffff ffff  ................
0001fd70: ffff ffff ffff ffff ffff ffff ffff ffff  ................
0001fd80: ffff ffff ffff ffff ffff ffff ffff ffff  ................
0001fd90: ffff ffff ffff ffff ffff ffff ffff ffff  ................
0001fda0: ffff ffff ffff ffff ffff ffff ffff ffff  ................
0001fdb0: ffff ffff ffff ffff ffff ffff ffff ffff  ................
0001fdc0: ffff ffff ffff ffff ffff ffff ffff ffff  ................
0001fdd0: ffff ffff ffff ffff ffff ffff ffff ffff  ................
0001fde0: ffff ffff ffff ffff ffff ffff ffff ffff  ................
0001fdf0: ffff ffff ffff ffff ffff ffff ffff ffff  ................
0001fe00: ffff ffff ffff ffff ffff ffff ffff ffff  ................
0001fe10: ffff ffff ffff ffff ffff ffff ffff ffff  ................
0001fe20: ffff ffff ffff ffff ffff ffff ffff ffff  ................
0001fe30: ffff ffff ffff ffff ffff ffff ffff ffff  ................
0001fe40: ffff ffff ffff ffff ffff ffff ffff ffff  ................
0001fe50: ffff ffff ffff ffff ffff ffff ffff ffff  ................
0001fe60: ffff ffff ffff ffff ffff ffff ffff ffff  ................
0001fe70: ffff ffff ffff ffff ffff ffff ffff ffff  ................
0001fe80: ffff ffff ffff ffff ffff ffff ffff ffff  ................
0001fe90: ffff ffff ffff ffff ffff ffff ffff ffff  ................
0001fea0: ffff ffff ffff ffff ffff ffff ffff ffff  ................
0001feb0: ffff ffff ffff ffff ffff ffff ffff ffff  ................
0001fec0: ffff ffff ffff ffff ffff ffff ffff ffff  ................
0001fed0: ffff ffff ffff ffff ffff ffff ffff ffff  ................
0001fee0: ffff ffff ffff ffff ffff ffff ffff ffff  ................
0001fef0: ffff ffff ffff ffff ffff ffff ffff ffff  ................
0001ff00: ffff ffff ffff ffff ffff ffff ffff ffff  ................
0001ff10: ffff ffff ffff ffff ffff ffff ffff ffff  ................
0001ff20: ffff ffff ffff ffff ffff ffff ffff ffff  ................
0001ff30: ffff ffff ffff ffff ffff ffff ffff ffff  ................
0001ff40: ffff ffff ffff ffff ffff ffff ffff ffff  ................
0001ff50: ffff ffff ffff ffff ffff ffff ffff ffff  ................
0001ff60: ffff ffff ffff ffff ffff ffff ffff ffff  ................
0001ff70: ffff ffff ffff ffff ffff ffff ffff ffff  ................
0001ff80: ffff ffff ffff ffff ffff ffff ffff ffff  ................
0001ff90: ffff ffff ffff ffff ffff ffff ffff ffff  ................
0001ffa0: ffff ffff ffff ffff ffff ffff ffff ffff  ................
0001ffb0: ffff ffff ffff ffff ffff ffff ffff ffff  ................
0001ffc0: ffff ffff ffff ffff ffff ffff ffff ffff  ................
0001ffd0: ffff ffff ffff ffff ffff ffff ffff ffff  ................
0001ffe0: ffff ffff ffff ffff ffff ffff ffff ffff  ................
0001fff0: ffff ffff ffff ffff ffff ffff ffff ff    ...............
