00000000: 0050 0020 f959 0008 255c 0008 275c 0008  .P. .Y..%\..'\..
00000010: 295c 0008 2b5c 0008 2d5c 0008 0000 0000  )\..+\..-\......
00000020: 0000 0000 0000 0000 0000 0000 2f5c 0008  ............/\..
00000030: 315c 0008 0000 0000 335c 0008 355c 0008  1\......3\..5\..
00000040: 415a 0008 415a 0008 415a 0008 415a 0008  AZ..AZ..AZ..AZ..
00000050: 415a 0008 415a 0008 415a 0008 415a 0008  AZ..AZ..AZ..AZ..
00000060: 415a 0008 415a 0008 415a 0008 415a 0008  AZ..AZ..AZ..AZ..
00000070: 415a 0008 415a 0008 415a 0008 415a 0008  AZ..AZ..AZ..AZ..
00000080: 415a 0008 415a 0008 415a 0008 415a 0008  AZ..AZ..AZ..AZ..
00000090: 192f 0008 415a 0008 415a 0008 415a 0008  ./..AZ..AZ..AZ..
000000a0: 415a 0008 415a 0008 415a 0008 415a 0008  AZ..AZ..AZ..AZ..
000000b0: 415a 0008 415a 0008 415a 0008 415a 0008  AZ..AZ..AZ..AZ..
000000c0: 415a 0008 415a 0008 415a 0008 415a 0008  AZ..AZ..AZ..AZ..
000000d0: 415a 0008 415a 0008 415a 0008 415a 0008  AZ..AZ..AZ..AZ..
000000e0: 415a 0008 415a 0008 415a 0008 0000 0000  AZ..AZ..AZ......
000000f0: 0000 0000 0000 0000 0000 0000 0000 0000  ................
00000100: 0000 0000 0000 0000 5ff8 08f1 70b5 0d4e  ........_...p..N
00000110: 0d4d 761b b610 06d0 0024 0134 55f8 043b  .Mv......$.4U..;
00000120: 9847 a642 f9d1 094e 094d 05f0 89fd 761b  .G.B...N.M....v.
00000130: b610 06d0 0024 0134 55f8 043b 9847 a642  .....$.4U..;.G.B
00000140: f9d1 70bd c862 0008 c862 0008 cc62 0008  ..p..b...b...b..
00000150: c862 0008 f0b4 8607 46d0 541e 002a 3cd0  .b......F.T..*<.
00000160: cab2 0346 02e0 14f1 ff34 36d3 03f8 012b  ...F.....46....+
00000170: 9d07 f8d1 032c 29d9 cdb2 45ea 0525 0f2c  .....,)...E..%.,
00000180: 45ea 0545 33d9 a4f1 1006 3609 03f1 2007  E..E3.....6... .
00000190: 07eb 0617 03f1 1002 42e9 0455 42e9 0255  ........B..UB..U
000001a0: 1032 ba42 f8d1 721c 14f0 0c0f 03eb 0212  .2.B..r.........
000001b0: 04f0 0f06 13d0 331f 23f0 0303 0433 1344  ......3.#....3.D
000001c0: 42f8 045b 9342 fbd1 06f0 0304 2cb1 c9b2  B..[.B......,...
000001d0: 1c44 03f8 011b 9c42 fbd1 f0bc 7047 3446  .D.....B....pG4F
000001e0: 1346 002c f3d1 f8e7 1446 0346 c2e7 1a46  .F.,.....F.F...F
000001f0: 2646 e0e7 7047 00bf 7047 00bf 7047 00bf  &F..pG..pG..pG..
00000200: 7047 00bf 7047 00bf 7047 00bf 0120 7047  pG..pG..pG... pG
00000210: 0120 7047 7047 00bf 7047 00bf 014b 1868  . pGpG..pG...K.h
00000220: 7047 00bf 0000 0020 032a 70b4 12d9 40ea  pG..... .*p...@.
00000230: 0105 ad07 0446 0b46 20d1 1946 2046 53f8  .....F.F ..F FS.
00000240: 045b 54f8 046b ae42 18d1 043a 032a 2046  .[T..k.B...:.* F
00000250: 1946 f2d8 541e 72b1 0378 0a78 9a42 08bf  .F..T.r..x.x.B..
00000260: 2418 06d0 0ce0 10f8 013f 11f8 012f 9342  $........?.../.B
00000270: 06d1 a042 f7d1 0020 70bc 7047 541e ebe7  ...B... p.pGT...
00000280: 981a 70bc 7047 00bf 8446 41ea 0003 13f0  ..p.pG...FA.....
00000290: 0303 49d1 403a 23d3 0b68 0360 4b68 4360  ..I.@:#..h.`KhC`
000002a0: 8b68 8360 cb68 c360 0b69 0361 4b69 4361  .h.`.h.`.i.aKiCa
000002b0: 8b69 8361 cb69 c361 0b6a 0362 4b6a 4362  .i.a.i.a.j.bKjCb
000002c0: 8b6a 8362 cb6a c362 0b6b 0363 4b6b 4363  .j.b.j.b.k.cKkCc
000002d0: 8b6b 8363 cb6b c363 4030 4031 403a dbd2  .k.c.k.c@0@1@:..
000002e0: 3032 0bd3 0b68 0360 4b68 4360 8b68 8360  02...h.`KhC`.h.`
000002f0: cb68 c360 1030 1031 103a f3d2 0c32 05d3  .h.`.0.1.:...2..
00000300: 51f8 043b 40f8 043b 043a f9d2 0432 08d0  Q..;@..;.:...2..
00000310: d207 1cbf 11f8 013b 00f8 013b 01d3 0b88  .......;...;....
00000320: 0380 6046 7047 00bf 082a 13d3 8b07 b1d0  ..`FpG...*......
00000330: 10f0 0303 aed0 c3f1 0403 d21a db07 1cbf  ................
00000340: 11f8 013b 00f8 013b a4d3 31f8 023b 20f8  ...;...;..1..; .
00000350: 023b 9fe7 043a d9d3 013a 11f8 013b 00f8  .;...:...:...;..
00000360: 013b f9d2 0b78 0370 4b78 4370 8b78 8370  .;...x.pKxCp.x.p
00000370: 6046 7047 0eb4 30b5 0446 82b0 08b1 8369  `FpG..0..F.....i
00000380: 63b1 06ad 2b46 059a a168 2046 0195 00f0  c...+F...h F....
00000390: 87fd 02b0 bde8 3040 03b0 7047 00f0 aafa  ......0@..pG....
000003a0: efe7 00bf 0fb4 30b5 0b4b 83b0 1c68 0cb1  ......0..K...h..
000003b0: a369 63b1 07ad 2b46 069a a168 2046 0195  .ic...+F...h F..
000003c0: 00f0 6efd 03b0 bde8 3040 04b0 7047 2046  ..n.....0@..pG F
000003d0: 00f0 90fa eee7 00bf 0000 0020 8369 70b5  ........... .ip.
000003e0: 0646 0d46 4bb3 8468 354b 9c42 31d0 354b  .F.FK..h5K.B1.5K
000003f0: 9c42 30d0 344b 9c42 08bf f468 626e a389  .B0.4K.B...hbn..
00000400: d207 01d4 9805 51d5 1907 36d5 2369 002b  ......Q...6.#i.+
00000410: 33d0 013d a368 15f8 011f 013b a360 0029  3..=.h.....;.`.)
00000420: 32d0 002b 04da a269 9a42 16dc 0a29 14d0  2..+...i.B...)..
00000430: 2368 5a1c 2260 1970 ece7 00f0 5bfa b369  #hZ."`.p....[..i
00000440: b468 002b d0d1 3046 00f0 54fa 1c4b 9c42  .h.+..0F..T..K.B
00000450: cdd1 7468 d2e7 b468 d0e7 2246 3046 00f0  ..th...h.."F0F..
00000460: 3df8 0130 d6d1 4ff0 ff35 636e da07 02d4  =..0..O..5cn....
00000470: a389 9b05 1fd5 2846 70bd 2146 3046 00f0  ......(Fp.!F0F..
00000480: 8df8 0028 c5d0 eee7 002b 08da 3046 2246  ...(.....+..0F"F
00000490: 0a21 00f0 23f8 0130 e5d0 0a25 e5e7 0a22  .!..#..0...%..."
000004a0: 2368 1546 591c 2160 1a70 dee7 a06d fff7  #h.FY.!`.p...m..
000004b0: abfe a389 a8e7 a06d fff7 aefe 2846 70bd  .......m....(Fp.
000004c0: 005d 0008 e05c 0008 c05c 0008 024b 0146  .]...\...\...K.F
000004d0: 1868 fff7 83bf 00bf 0000 0020 f8b5 0d46  .h......... ...F
000004e0: 1446 0646 08b1 8369 43b3 254b 9c42 2ad0  .F.F...iC.%K.B*.
000004f0: 244b 9c42 29d0 244b 9c42 08bf f468 a269  $K.B).$K.B...h.i
00000500: a389 a260 1a07 22d5 2369 03b3 2268 6169  ...`..".#i.."hai
00000510: d31a edb2 9942 2f46 29dd 0133 a168 501c  .....B/F)..3.hP.
00000520: 0139 a160 2060 1570 6269 9a42 16d0 a389  .9.` `.pbi.B....
00000530: db07 01d5 0a2d 11d0 3846 f8bd 00f0 daf9  .....-..8F......
00000540: 0f4b 9c42 d4d1 7468 d9e7 b468 d7e7 2146  .K.B..th...h..!F
00000550: 3046 00f0 23f8 38b9 2369 d7e7 2146 3046  0F..#.8.#i..!F0F
00000560: 00f0 32f9 0028 e7d0 4ff0 ff37 e4e7 2146  ..2..(..O..7..!F
00000570: 3046 00f0 29f9 0028 f6d1 0123 2268 cde7  0F..)..(...#"h..
00000580: 005d 0008 e05c 0008 c05c 0008 024b 0a46  .]...\...\...K.F
00000590: 0146 1868 fff7 a2bf 0000 0020 3b4b 70b5  .F.h....... ;Kp.
000005a0: 1d68 0646 0c46 0db1 ab69 dbb1 384b 9c42  .h.F.F...i..8K.B
000005b0: 1ed0 384b 9c42 4ad0 374b 9c42 08bf ec68  ..8K.BJ.7K.B...h
000005c0: b4f9 0c20 93b2 1907 18d5 2069 08b3 13f0  ... ...... i....
000005d0: 0102 2cd0 0022 6369 a260 5b42 a361 60b3  ..,.."ci.`[B.a`.
000005e0: 0020 70bd 2846 00f0 85f9 294b 9c42 e0d1  . p.(F....)K.B..
000005f0: 6c68 b4f9 0c20 93b2 1907 e6d4 dd06 3cd5  lh... ........<.
00000600: 5807 26d4 2069 42f0 0803 a381 9bb2 0028  X.&. iB........(
00000610: ddd1 03f4 2072 b2f5 007f d8d0 3046 2146  .... r......0F!F
00000620: 00f0 fafa a389 2069 13f0 0102 d2d1 9907  ...... i........
00000630: 58bf 6269 a260 0028 d2d1 b4f9 0c30 1a06  X.bi.`.(.....0..
00000640: cfd5 43f0 4003 a381 4ff0 ff30 70bd ac68  ..C.@...O..0p..h
00000650: b6e7 616b 51b1 04f1 4403 9942 04d0 3046  ..akQ...D..B..0F
00000660: 00f0 24fb b4f9 0c20 0023 6363 0023 2069  ..$.... .#cc.# i
00000670: 22f0 2402 c4e9 0003 c5e7 0923 42f0 4002  ".$........#B.@.
00000680: 3360 4ff0 ff30 a281 70bd 00bf 0000 0020  3`O..0..p...... 
00000690: 005d 0008 e05c 0008 c05c 0008 2de9 f041  .]...\...\..-..A
000006a0: 8f89 0c46 3a07 8046 41d4 4b68 002b 59dd  ...F:..FA.Kh.+Y.
000006b0: e66a 002e 53d0 0023 17f4 8052 d8f8 0050  .j..S..#...R...P
000006c0: 216a c8f8 0030 51d1 0123 4046 b047 431c  !j...0Q..#@F.GC.
000006d0: 5fd0 a789 e66a 216a 7f07 05d5 6268 636b  _....j!j....bhck
000006e0: 801a 0bb1 236c c01a 0246 0023 4046 b047  ....#l...F.#@F.G
000006f0: 461c 45d1 d8f8 0030 b4f9 0c20 002b 55d0  F.E....0... .+U.
00000700: 1d2b 01d0 162b 5ad1 0022 2369 c4e9 0032  .+...+Z.."#i...2
00000710: 616b c8f8 0050 11b3 04f1 4403 9942 02d0  ak...P....D..B..
00000720: 4046 00f0 c3fa 0020 6063 bde8 f081 0e69  @F..... `c.....i
00000730: aeb1 0d68 0e60 b907 14bf 0023 6369 ad1b  ...h.`.....#ci..
00000740: a360 0ae0 2b46 3246 a76a 216a 4046 b847  .`..+F2F.j!j@F.G
00000750: 0028 a5eb 0005 0644 0add 002d f2dc 0020  .(.....D...-... 
00000760: bde8 f081 0b6c 002b a2dc f8e7 606d b3e7  .....l.+....`m..
00000770: a389 4ff0 ff30 43f0 4003 a381 bde8 f081  ..O..0C.@.......
00000780: 0023 2269 6360 a389 2260 da04 c0d5 6065  .#"ic`.."`....`e
00000790: bee7 d8f8 0030 002b 9bd0 1d2b 0cd0 162b  .....0.+...+...+
000007a0: 0ad0 a389 43f0 4003 a381 d9e7 2169 c4e9  ....C.@.....!i..
000007b0: 0013 d304 acd5 eae7 c8f8 0050 cfe7 42f0  ...........P..B.
000007c0: 4002 a281 cce7 00bf 38b5 0b69 1bb3 0c46  @.......8..i...F
000007d0: 0546 08b1 8369 1bb3 184b 9c42 1ed0 184b  .F...i...K.B...K
000007e0: 9c42 20d0 174b 9c42 08bf ec68 b4f9 0c30  .B ..K.B...h...0
000007f0: 8bb1 626e d007 01d4 9905 16d5 2846 2146  ..bn........(F!F
00000800: fff7 4cff 636e 0546 da07 02d4 a389 9b05  ..L.cn.F........
00000810: 0fd5 2846 38bd 0025 2846 38bd 6c68 e5e7  ..(F8..%(F8.lh..
00000820: 00f0 68f8 d8e7 ac68 e0e7 a06d fff7 ecfc  ..h....h...m....
00000830: e4e7 a06d fff7 f0fc ebe7 00bf 005d 0008  ...m.........]..
00000840: e05c 0008 c05c 0008 20b1 054b 0146 1868  .\...\.. ..K.F.h
00000850: fff7 babf 034b 0449 1868 00f0 87b9 00bf  .....K.I.h......
00000860: 0000 0020 585c 0008 c907 0008 0149 00f0  ... X\.......I..
00000870: 7db9 00bf c907 0008 08b5 436e da07 02d4  }.........Cn....
00000880: 8389 9b05 01d5 0020 08bd 806d fff7 bcfc  ....... ...m....
00000890: 0020 08bd 08b5 436e da07 02d4 8389 9b05  . ....Cn........
000008a0: 01d5 0020 08bd 806d fff7 b6fc 0020 08bd  ... ...m..... ..
000008b0: 70b5 6825 4a1e 05fb 02f5 0e46 05f1 7401  p.h%J......F..t.
000008c0: 00f0 48fa 0446 40b1 0021 0c30 6660 05f1  ..H..F@..!.0f`..
000008d0: 6802 2160 a060 fff7 3dfc 2046 70bd 00bf  h.!`.`..=. Fp...
000008e0: 024b 0349 1868 00f0 41b9 00bf 585c 0008  .K.I.h..A...X\..
000008f0: c907 0008 2de9 f84f 0546 3a48 fff7 84fc  ....-..O.F:H....
00000900: ab69 002b 69d1 384a c5e9 1233 1268 2b65  .i.+i.8J...3.h+e
00000910: aa42 08bf 0123 3549 08bf ab61 a962 2846  .B...#5I...a.b(F
00000920: 00f0 72f8 6860 2846 00f0 6ef8 a860 2846  ..r.h`(F..n..`(F
00000930: 0024 00f0 69f8 0423 6e68 e860 2146 7466  .$..i..#nh.`!Ftf
00000940: c6e9 0044 b460 c6e9 0444 b461 f360 06f1  ...D.`...D.a.`..
00000950: 5c00 0822 fff7 fefb dff8 9cb0 af68 dff8  \..".........h..
00000960: 9ca0 dff8 9c90 dff8 9c80 214b c6e9 086b  ..........!K...k
00000970: c6e9 0aa9 c6f8 3080 2146 fb60 7c66 c7e9  ......0.!F.`|f..
00000980: 0044 bc60 c7e9 0444 bc61 07f1 5c00 0822  .D.`...D.a..\.."
00000990: fff7 e0fb ee68 174b c7e9 087b c7e9 0aa9  .....h.K...{....
000009a0: c7f8 3080 2146 f360 7466 c6e9 0044 b460  ..0.!F.`tf...D.`
000009b0: c6e9 0444 b461 06f1 5c00 0822 fff7 cafb  ...D.a..\.."....
000009c0: 0123 c6e9 086b c6e9 0aa9 c6f8 3080 0548  .#...k......0..H
000009d0: ab61 bde8 f84f fff7 1fbc 0248 bde8 f84f  .a...O.....H...O
000009e0: fff7 1abc 8c13 0020 585c 0008 6d08 0008  ....... X\..m...
000009f0: 0900 0100 1200 0200 a915 0008 d115 0008  ................
00000a00: 1116 0008 3116 0008 70b5 0646 2448 fff7  ....1...p..F$H..
00000a10: fbfb 244b 1d68 ab69 7bb3 4835 d5e9 0134  ..$K.h.i{.H5...4
00000a20: 013b 05d5 25e0 013b 5a1c 04f1 6804 20d0  .;..%..;Z...h. .
00000a30: b4f9 0c20 002a f6d1 0025 1b4b 04f1 5800  ... .*...%.K..X.
00000a40: e360 6566 fff7 d8fb 1548 fff7 e5fb 2560  .`ef.....H....%`
00000a50: c4e9 0155 c4e9 0455 a561 2946 0822 04f1  ...U...U.a)F."..
00000a60: 5c00 fff7 77fb c4e9 0d55 c4e9 1255 2046  \...w....U...U F
00000a70: 70bd 2c68 2cb1 2546 d0e7 2846 fff7 3aff  p.,h,.%F..(F..:.
00000a80: cbe7 0421 3046 fff7 13ff 0446 2860 0028  ...!0F.....F(`.(
00000a90: f1d1 0348 fff7 c0fb 0c23 3360 e7e7 00bf  ...H.....#3`....
00000aa0: a013 0020 585c 0008 0100 ffff 0148 fff7  ... X\.......H..
00000ab0: abbb 00bf a013 0020 0148 fff7 adbb 00bf  ....... .H......
00000ac0: a013 0020 0148 fff7 9fbb 00bf 8c13 0020  ... .H......... 
00000ad0: 0148 fff7 a1bb 00bf 8c13 0020 08b5 0548  .H......... ...H
00000ae0: fff7 92fb 044b 0549 1868 bde8 0840 00f0  .....K.I.h...@..
00000af0: 19b8 00bf a013 0020 0000 0020 7908 0008  ....... ... y...
00000b00: 08b5 054b 0549 1868 00f0 0cf8 bde8 0840  ...K.I.h.......@
00000b10: 0348 fff7 81bb 00bf 0000 0020 9508 0008  .H......... ....
00000b20: a013 0020 2de9 f041 10f1 4807 1ad0 8846  ... -..A..H....F
00000b30: 0026 d7e9 0154 013d 0ed4 a389 013d 012b  .&...T.=.....=.+
00000b40: 06d9 b4f9 0e30 0133 02d0 2046 c047 0643  .....0.3.. F.G.C
00000b50: 6b1c 04f1 6804 f0d1 3f68 002f e9d1 3046  k...h...?h./..0F
00000b60: bde8 f081 3e46 3046 bde8 f081 2de9 f843  ....>F0F....-..C
00000b70: 10f1 4806 1ed0 8846 0746 4ff0 0009 d6e9  ..H....F.FO.....
00000b80: 0154 013d 10d4 a389 013d 012b 08d9 b4f9  .T.=.....=.+....
00000b90: 0e30 0133 04d0 2146 3846 c047 49ea 0009  .0.3..!F8F.GI...
00000ba0: 6b1c 04f1 6804 eed1 3668 002e e7d1 4846  k...h...6h....HF
00000bb0: bde8 f883 b146 4846 bde8 f883 70b5 0c46  .....FHF....p..F
00000bc0: b1f9 0e10 96b0 0029 1646 1d46 13db 6a46  .......).F.F..jF
00000bd0: 00f0 5afd 0028 0edb 019a 4ff4 8063 02f4  ..Z..(....O..c..
00000be0: 7042 a2f5 0052 b2fa 82f2 0020 5209 2a60  pB...R..... R.*`
00000bf0: 3360 16b0 70bd 0022 a389 2a60 1b06 04d5  3`..p.."..*`....
00000c00: 4023 0020 3360 16b0 70bd 4ff4 8063 0020  @#. 3`..p.O..c. 
00000c10: 3360 16b0 70bd 00bf 8a89 0b46 9207 06d5  3`..p......F....
00000c20: 0121 03f1 4702 5961 1a60 1a61 7047 70b5  .!..G.Ya.`.apGp.
00000c30: 82b0 01ab 6a46 0c46 0646 fff7 bfff 0099  ....jF.F.F......
00000c40: 0546 3046 00f0 86f8 b4f9 0c30 70b1 164a  .F0F.......0p..J
00000c50: 0099 b262 019a 43f0 8003 a381 2060 c4e9  ...b..C..... `..
00000c60: 0401 8ab9 2b43 a381 02b0 70bd 9a05 fbd4  ....+C....p.....
00000c70: 0121 23f0 0303 04f1 4702 43f0 0203 a381  .!#.....G.C.....
00000c80: 6161 2260 2261 efe7 3046 b4f9 0e10 00f0  aa"`"a..0F......
00000c90: 8ffe 10b9 b4f9 0c30 e4e7 a389 23f0 0303  .......0....#...
00000ca0: 43f0 0103 1bb2 dde7 6d08 0008 0029 3ad0  C.......m....):.
00000cb0: 38b5 51f8 043c 0c1f 002b b8bf e418 0546  8.Q..<...+.....F
00000cc0: 00f0 4aff 224b 1a68 2ab1 a242 0dd9 2168  ..J."K.h*..B..!h
00000cd0: 6018 8242 21d0 6260 2846 1c60 bde8 3840  `..B!.b`(F.`..8@
00000ce0: 00f0 40bf a342 03d8 1a46 5368 002b f9d1  ..@..B...FSh.+..
00000cf0: 1168 5018 a042 17d0 22d8 2168 6018 8342  .hP..B..".!h`..B
00000d00: 03bf d3e9 0003 0918 c4e9 0013 6360 5460  ............c`T`
00000d10: 2846 bde8 3840 00f0 25bf d2e9 0002 0144  (F..8@..%......D
00000d20: c4e9 0012 d8e7 7047 2068 0144 5018 8342  ......pG h.DP..B
00000d30: 1160 edd1 d3e9 0003 0144 c2e9 0013 e7e7  .`.......D......
00000d40: 0c23 2846 2b60 bde8 3840 00f0 0bbf 00bf  .#(F+`..8@......
00000d50: 1005 0020 f8b5 cd1c 25f0 0305 0835 0c2d  ... ....%....5.-
00000d60: 38bf 0c25 002d 0646 33db a942 31d8 2a4f  8..%.-.F3..B1.*O
00000d70: 00f0 f2fe 3a68 52b1 1368 5b1b 04d4 3fe0  ....:hR..h[...?.
00000d80: 2368 5b1b 29d5 2246 5468 002c f8d1 7968  #h[.)."FTh.,..yh
00000d90: 0029 3bd0 2946 3046 00f0 f4fb 431c 28d0  .);.)F0F....C.(.
00000da0: c41c 24f0 0304 a042 05d0 211a 3046 00f0  ..$....B..!.0F..
00000db0: e9fb 0130 1dd0 2560 3046 00f0 d3fe 04f1  ...0..%`0F......
00000dc0: 0b00 20f0 0700 231d c21a 01d0 1b1a a350  .. ...#........P
00000dd0: f8bd 0c22 0020 3260 f8bd 0b2b 05d8 a242  ...". 2`...+...B
00000de0: 6368 11d0 5360 e7e7 1446 2360 1c44 2560  ch..S`...F#`.D%`
00000df0: e2e7 0c23 3046 3360 00f0 b4fe 0020 f8bd  ...#0F3`..... ..
00000e00: 0b2b f1d8 1446 5368 3b60 d5e7 3046 00f0  .+...FSh;`..0F..
00000e10: b9fb 7860 bee7 00bf 1005 0020 9368 013b  ..x`....... .h.;
00000e20: 002b 9360 0fda 10b4 9469 a342 08db 0a29  .+.`.....i.B...)
00000e30: 06d0 1368 581c 1060 1970 0846 10bc 7047  ...hX..`.p.F..pG
00000e40: 10bc fff7 4bbb 1368 581c 1060 1970 0846  ....K..hX..`.p.F
00000e50: 7047 00bf 9bb1 f8b5 1344 0f46 0646 5d1e  pG.......D.F.F].
00000e60: 541e 01e0 ac42 08d0 3a46 14f8 011f 3046  T....B..:F....0F
00000e70: fff7 d4ff 431c f5d1 f8bd 0020 f8bd 0020  ....C...... ... 
00000e80: 7047 00bf 9368 10b5 1446 13b9 5360 1846  pG...h...F..S`.F
00000e90: 10bd 00f0 0dfc 0023 c4e9 0133 10bd 00bf  .......#...3....
00000ea0: 2de9 f04f 9fb0 8b46 9046 1c46 0390 18b1  -..O...F.F.F....
00000eb0: 8369 002b 00f0 c880 b54b 9b45 00f0 ca80  .i.+.....K.E....
00000ec0: b44b 9b45 00f0 ca80 b34b 9b45 04bf 039b  .K.E.....K.E....
00000ed0: d3f8 0cb0 dbf8 6430 bbf8 0c20 db07 02d4  ......d0... ....
00000ee0: 9705 40f1 4781 1607 40f1 2b81 dbf8 1030  ..@.G...@.+....0
00000ef0: 002b 00f0 2681 0020 2021 3022 98f8 0030  .+..&..  !0"...0
00000f00: 0127 0594 0b90 8df8 3110 a44e 8df8 3220  .'......1..N..2 
00000f10: 002b 00f0 8880 252b 00f0 1181 4546 03e0  .+....%+....EF..
00000f20: 252b 00f0 9f80 2546 6b78 6c1c 002b f7d1  %+....%Fkxl..+..
00000f30: b4eb 080a 77d0 4246 5346 5946 0398 fff7  ....w.BFSFYF....
00000f40: 89ff 0130 6fd0 0b9b 6a78 5344 0b93 002a  ...0o...jxSD...*
00000f50: 69d0 0023 4ff0 ff32 0134 0693 cde9 0833  i..#O..2.4.....3
00000f60: 8df8 5b30 1c93 0792 06e0 2c46 069b 801b  ..[0......,F....
00000f70: 07fa 00f0 1843 0690 2546 0522 15f8 011b  .....C..%F."....
00000f80: 3046 00f0 3dfd aa46 0028 eed1 069b d806  0F..=..F.(......
00000f90: 44bf 2022 8df8 5b20 1907 48bf 2b22 2178  D. "..[ ..H.+"!x
00000fa0: 48bf 8df8 5b20 2a29 61d1 059a 1168 0432  H...[ *)a....h.2
00000fb0: 0029 0592 c0f2 9880 0991 6178 a51c 2e29  .)........ax...)
00000fc0: 6ed0 774c 0322 2046 00f0 1afd 0028 00f0  n.wL." F.....(..
00000fd0: 8180 4022 069b 001b 02fa 00f0 0343 0693  ..@".........C..
00000fe0: 05f1 0108 2b78 0622 1946 6e48 8df8 3030  ....+x.".FnH..00
00000ff0: 00f0 06fd 0028 7dd0 6b4b 002b 6dd0 05ab  .....(}.kK.+m...
00001000: 0093 5a46 694b 06a9 0398 aff3 0080 8146  ..ZFiK.........F
00001010: b9f1 ff3f 07d0 0b9b 4b44 0b93 98f8 0030  ...?....KD.....0
00001020: 002b 7ff4 78af dbf8 6430 13f0 010f bbf8  .+..x...d0......
00001030: 0c30 02d1 9a05 40f1 a480 5b06 00f1 9480  .0....@...[.....
00001040: 0b98 1fb0 bde8 f08f fff7 54fc 504b 9b45  ..........T.PK.E
00001050: 7ff4 36af 039b d3f8 04b0 3be7 039b d3f8  ..6.......;.....
00001060: 08b0 37e7 b4eb 080a 3ff4 73af 63e7 a1f1  ..7.....?.s.c...
00001070: 3002 092a 88bf a246 a1d8 099b 01e0 2c46  0..*...F......,F
00001080: 0135 2978 03eb 8303 02eb 4303 a1f1 3002  .5)x......C...0.
00001090: 092a aa46 f3d9 2e29 04f1 0205 0993 90d1  .*.F...)........
000010a0: 9af8 0110 2a29 2fd1 059b 0af1 0200 1a68  ....*)/........h
000010b0: 0433 002a 0792 0593 9af8 0210 0af1 0305  .3.*............
000010c0: 38db 374c 8246 0322 2046 00f0 99fc 0028  8.7L.F." F.....(
000010d0: 7ff4 7faf a846 5546 84e7 059b 0733 23f0  .....FUF.....3#.
000010e0: 0703 0833 0593 96e7 4942 43f0 0203 0991  ...3....IBC.....
000010f0: 0693 62e7 05ab 0093 5a46 2c4b 06a9 0398  ..b.....ZF,K....
00001100: 00f0 f6f8 8146 83e7 0023 a1f1 3002 092a  .....F...#..0..*
00001110: 0793 01d9 2be0 5546 6978 03eb 8303 02eb  ....+.UFix......
00001120: 4303 a1f1 3002 092a 05f1 010a f3d9 0235  C...0..*.......5
00001130: 0793 46e7 4ff0 ff33 8246 0793 41e7 4446  ..F.O..3.F..A.DF
00001140: 07e7 5946 0398 fff7 29fa 0028 3ff4 d3ae  ..YF....)..(?...
00001150: dbf8 6430 dd07 07d4 bbf8 0c30 9c05 03d4  ..d0.......0....
00001160: dbf8 5800 fff7 58f8 4ff0 ff30 69e7 aa46  ..X...X.O..0i..F
00001170: 0135 26e7 dbf8 5800 fff7 46f8 bbf8 0c20  .5&...X...F.... 
00001180: b1e6 dbf8 5800 fff7 47f8 bbf8 0c30 54e7  ....X...G....0T.
00001190: 005d 0008 e05c 0008 c05c 0008 8c62 0008  .]...\...\...b..
000011a0: 9462 0008 9862 0008 0000 0000 550e 0008  .b...b......U...
000011b0: 10b4 044c 1346 0a46 0146 2068 10bc fff7  ...L.F.F.F h....
000011c0: 6fbe 00bf 0000 0020 2de9 f047 0c46 0969  o...... -..G.F.i
000011d0: a568 9146 8d42 b8bf 0d46 1560 94f8 4310  .h.F.B...F.`..C.
000011e0: 0646 1f46 ddf8 2080 11b1 6a1c c9f8 0020  .F.F.. ...j.... 
000011f0: 2368 9906 5cd5 d9f8 0020 0232 c9f8 0020  #h..\.... .2... 
00001200: 2368 13f0 060f 1946 1dd1 e168 8a1a 002a  #h.....F...h...*
00001210: d8bf 1946 17dd 0025 04f1 190a 05e0 e368  ...F...%.......h
00001220: d9f8 0020 9b1a ab42 0cdd 0123 5246 3946  ... ...B...#RF9F
00001230: 3046 c047 0130 05f1 0105 f0d1 4ff0 ff30  0F.G.0......O..0
00001240: bde8 f087 2168 94f8 4330 0033 18bf 0123  ....!h..C0.3...#
00001250: 8a06 0ad5 3021 e218 82f8 4310 94f8 4510  ....0!....C...E.
00001260: 5a1c 2244 82f8 4310 0233 04f1 4302 3946  Z."D..C..3..C.9F
00001270: 3046 c047 0130 e1d0 2368 a268 03f0 0603  0F.G.0..#h.h....
00001280: 042b 2169 1dd0 8a42 26dd 4ff0 0009 521a  .+!i...B&.O...R.
00001290: 9144 0025 1a34 01e0 4d45 1dda 0123 2246  .D.%.4..ME...#"F
000012a0: 3946 3046 c047 0130 05f1 0105 f4d1 c5e7  9F0F.G.0........
000012b0: 13f0 060f 13d0 94f8 4330 0033 18bf 0123  ........C0.3...#
000012c0: d3e7 d9f8 0000 e368 8a42 a3eb 0003 23ea  .......h.B....#.
000012d0: e379 dcdc 002b dcdc 0020 bde8 f087 e168  .y...+... .....h
000012e0: d9f8 0020 8a1a 002a d8bf 1946 93dc aae7  ... ...*...F....
000012f0: 2de9 f043 0c46 097e 85b0 6e29 0646 1746  -..C.F.~..n).F.F
00001300: 9846 04f1 430c 0c98 6dd0 39d9 7329 00f0  .F..C...m.9.s)..
00001310: f480 44d9 7529 00f0 0281 7829 40f0 0f81  ..D.u)....x)@...
00001320: 7823 2268 dff8 54e2 84f8 4530 0168 1506  x#"h..T...E0.h..
00001330: 51f8 043b 0160 40f1 a180 d107 44bf 42f0  Q..;.`@.....D.B.
00001340: 2002 2260 002b 00f0 9380 1022 0021 84f8   ."`.+.....".!..
00001350: 4310 6068 0028 a060 c0f2 c680 2168 21f0  C.`h.(.`....!h!.
00001360: 0401 2160 002b 40f0 a280 0028 40f0 be80  ..!`.+@....(@...
00001370: 6546 082a 00f0 ab80 aceb 0503 2361 41e0  eF.*........#aA.
00001380: 6329 00f0 e380 1ad8 0029 38d0 5829 40f0  c).......)8.X)@.
00001390: d680 84f8 4510 2268 dff8 e4e1 c6e7 6f29  ....E."h......o)
000013a0: 00f0 bd80 7029 40f0 ca80 7823 2268 dff8  ....p)@...x#"h..
000013b0: cce1 42f0 2002 2260 84f8 4530 b6e7 6429  ..B. ."`..E0..d)
000013c0: 02d0 6929 40f0 bb80 2268 0368 1106 03f1  ..i)@..."h.h....
000013d0: 0405 57d5 1968 0560 0b46 0029 59db 0a22  ..W..h.`.F.)Y.."
000013e0: dff8 9ce1 b5e7 0368 2268 1d1d 6169 0560  .......h"h..ai.`
000013f0: 1506 1b68 02d4 5006 00f1 bb80 1960 0023  ...h..P......`.#
00001400: 6546 2361 cdf8 0080 3b46 03aa 2146 3046  eF#a....;F..!F0F
00001410: fff7 dafe 0130 20d0 2a46 2369 3946 3046  .....0 .*F#i9F0F
00001420: c047 0130 19d0 2268 0398 9207 e368 19d5  .G.0.."h.....h..
00001430: 1a1a 002a 16dd 0025 04f1 1909 04e0 e368  ...*...%.......h
00001440: 0398 1a1a aa42 0ddd 0123 4a46 3946 3046  .....B...#JF9F0F
00001450: c047 0130 05f1 0105 f1d1 4ff0 ff30 05b0  .G.0......O..0..
00001460: bde8 f083 9842 b8bf 1846 05b0 bde8 f083  .....B...F......
00001470: 2168 1022 21f0 2001 2160 67e7 5006 48bf  !h."!. .!`g.P.H.
00001480: 9bb2 5ae7 5106 a5d5 b3f9 0030 0560 1946  ..Z.Q......0.`.F
00001490: a3e7 2d20 6168 5b42 0029 84f8 4300 a160  ..- ah[B.)..C..`
000014a0: 02db 22f0 0402 2260 0a22 dff8 d4e0 6546  .."..."`."....eF
000014b0: 00e0 0b46 b3fb f2f1 02fb 1130 1ef8 0000  ...F.......0....
000014c0: 9342 05f8 010d f4d2 082a 7ff4 55af 2368  .B.......*..U.#h
000014d0: db07 7ff5 51af 6268 2369 9a42 3ff7 4caf  ....Q.bh#i.B?.L.
000014e0: 3023 013d 2b70 47e7 002b e0d1 9ef8 0030  0#.=+pG..+.....0
000014f0: 04f1 4205 84f8 4230 3be7 0368 6268 191d  ..B...B0;..hbh..
00001500: 0160 1d68 0021 2846 00f0 7afa 0028 32d0  .`.h.!(F..z..(2.
00001510: 401b 6060 2061 0023 84f8 4330 72e7 2268  @.`` a.#..C0r."h
00001520: 0368 12f0 800f 03f1 0405 1ad0 1b68 0560  .h...........h.`
00001530: 6f29 0cbf 0822 0a22 dff8 44e0 06e7 0123  o)..."."..D....#
00001540: 84f8 4210 2361 04f1 4205 e4e7 0122 0368  ..B.#a..B....".h
00001550: 04f1 4205 191d 1b68 0160 84f8 4230 2261  ..B....h.`..B0"a
00001560: d9e7 12f0 400f 0dbf 1b68 0560 1b88 0560  ....@....h.`...`
00001570: dee7 1980 43e7 6068 cce7 00bf b462 0008  ....C.`h.....b..
00001580: a062 0008 38b5 0023 064c 0546 0846 2360  .b..8..#.L.F.F#`
00001590: 00f0 32fb 431c 00d0 38bd 2368 002b fbd0  ..2.C...8.#h.+..
000015a0: 2b60 38bd a413 0020 10b5 0c46 b1f9 0e10  +`8.... ...F....
000015b0: 00f0 04fb 0028 03db 636d 0344 6365 10bd  .....(..cm.Dce..
000015c0: a389 23f4 8053 a381 10bd 00bf 0020 7047  ..#..S....... pG
000015d0: 2de9 f041 b1f9 0c40 9846 e305 0d46 1746  -..A...@.F...F.F
000015e0: b1f9 0e10 0646 09d4 24f4 8054 ac81 4346  .....F..$..T..CF
000015f0: 3a46 3046 bde8 f041 00f0 1eb8 0223 0022  :F0F...A.....#."
00001600: 00f0 e8f9 b5f9 0c40 b5f9 0e10 ece7 00bf  .......@........
00001610: 10b5 0c46 b1f9 0e10 00f0 dcf9 a389 421c  ...F..........B.
00001620: 0ebf 23f4 8053 43f4 8053 6065 a381 10bd  ..#..SC..S`e....
00001630: b1f9 0e10 00f0 16b8 f8b5 0e46 0025 084c  ...........F.%.L
00001640: 1146 0746 1a46 3046 2560 00f0 27fb 431c  .F.F.F0F%`..'.C.
00001650: 00d0 f8bd 2368 002b fbd0 3b60 f8bd 00bf  ....#h.+..;`....
00001660: a413 0020 38b5 0023 064c 0546 0846 2360  ... 8..#.L.F.F#`
00001670: 00f0 3dfb 431c 00d0 38bd 2368 002b fbd0  ..=.C...8.#h.+..
00001680: 2b60 38bd a413 0020 70b5 0d46 0023 074c  +`8.... p..F.#.L
00001690: 0646 1146 2846 2360 00f0 3dfb 431c 00d0  .F.F(F#`..=.C...
000016a0: 70bd 2368 002b fbd0 3360 70bd a413 0020  p.#h.+..3`p.... 
000016b0: 9368 002b 00f0 fc80 2de9 f04f b1f9 0c30  .h.+....-..O...0
000016c0: 0c46 9bb2 1907 83b0 8246 9046 2bd5 2269  .F.......F.F+."i
000016d0: 4ab3 13f0 0202 d8f8 0060 33d0 0027 3d46  J........`3..'=F
000016e0: d4f8 28b0 216a dff8 c492 c5b1 4d45 2b46  ..(.!j......ME+F
000016f0: 3a46 28bf 4b46 5046 d847 0028 40f3 ce80  :F(.KFPF.G.(@...
00001700: d8f8 0830 0744 1b1a 2d1a c8f8 0830 002b  ...0.D..-....0.+
00001710: 00f0 b380 d4f8 28b0 216a 002d e6d1 d6e9  ......(.!j.-....
00001720: 0075 0836 e1e7 2146 5046 fef7 37ff 0028  .u.6..!FPF..7..(
00001730: 40f0 3781 b4f9 0c30 d8f8 0060 9bb2 13f0  @.7....0...`....
00001740: 0202 cbd1 13f0 0109 40f0 b480 4d46 a768  ........@...MF.h
00001750: 2068 002d 55d0 9a05 40f1 c080 af42 bb46   h.-U...@....B.F
00001760: 00f2 ee80 13f4 906f 2fd0 d4e9 0417 07eb  .......o/.......
00001770: 4707 a0eb 010b 07eb d777 681c 7f10 5844  G........wh...XD
00001780: b842 3a46 84bf 0746 3a46 5b05 40f1 f080  .B:F...F:F[.@...
00001790: 1146 5046 fff7 defa 0028 00f0 fc80 5a46  .FPF.....(....ZF
000017a0: 2169 0190 fef7 70fd a289 019b 22f4 9062  !i....p....."..b
000017b0: 42f0 8002 a281 a7eb 0b02 03eb 0b00 6761  B.............ga
000017c0: ab46 2f46 2361 2060 a260 5a46 4946 00f0  .F/F#a `.`ZFIF..
000017d0: 5df9 2368 a268 5b44 ab46 0025 d71b a760  ].#h.h[D.F.%...`
000017e0: 2360 d8f8 0870 d944 a7eb 0b07 c8f8 0870  #`...p.D.......p
000017f0: 002f 42d0 b4f9 0c30 a768 9bb2 2068 002d  ./B....0.h.. h.-
00001800: a9d1 d6e9 0095 0836 a3e7 0bf1 0803 53f8  .......6......S.
00001810: 047c 9b46 53f8 086c 0833 002f f7d0 3a46  .|.FS..l.3./..:F
00001820: 0a21 3046 00f0 ecf8 0028 54d0 0130 a0eb  .!0F.....(T..0..
00001830: 0609 4b46 2068 2169 bb42 28bf 3b46 8842  ..KF h!i.B(.;F.B
00001840: 6269 03d9 a568 1544 ab42 1adc 9a42 00f3  bi...h.D.B...B..
00001850: 8180 1346 a56a 3246 216a 5046 a847 051e  ...F.j2F!jPF.G..
00001860: 1cdd b9eb 0509 6ed0 0120 d8f8 0830 2e44  ......n.. ...0.D
00001870: 5b1b 7f1b c8f8 0830 13bb 0020 03b0 bde8  [......0... ....
00001880: f08f 3146 2a46 00f0 01f9 2368 2146 2b44  ..1F*F....#h!F+D
00001890: 2360 5046 fef7 98ff 0028 e2d0 b4f9 0c30  #`PF.....(.....0
000018a0: 4ff0 ff30 43f0 4003 a381 03b0 bde8 f08f  O..0C.@.........
000018b0: 0020 7047 3346 9146 1046 1746 4e46 9b46  . pG3F.F.F.FNF.F
000018c0: 002f a2d0 0028 b4d1 3a46 0a21 3046 00f0  ./...(..:F.!0F..
000018d0: 97f8 0028 aad1 7b1c 9946 abe7 2369 8342  ...(..{..F..#i.B
000018e0: 17d3 6269 aa42 14d8 2f4b a76a 9d42 94bf  ..bi.B../K.j.B..
000018f0: 2b46 6ff0 0043 93fb f2f3 216a 02fb 03f3  +Fo..C....!j....
00001900: 5046 4a46 b847 b0f1 000b c7dd a5eb 0b05  PFJF.G..........
00001910: 67e7 af42 28bf 2f46 4946 3a46 00f0 b6f8  g..B(./FIF:F....
00001920: a368 2268 db1b 3a44 bb46 a360 2260 002b  .h"h..:D.F.`"`.+
00001930: ecd1 2146 5046 fef7 47ff 0028 e6d0 ade7  ..!FPF..G..(....
00001940: 2f46 ab46 41e7 2146 5046 fef7 3dff 0028  /F.FA.!FPF..=..(
00001950: 8bd0 a3e7 1a46 3146 1d46 0193 00f0 96f8  .....F1F.F......
00001960: a168 2268 019b c91a 1344 a160 2360 78e7  .h"h.....D.`#`x.
00001970: 5046 00f0 fdf8 0346 0028 7ff4 1caf 2169  PF.....F.(....!i
00001980: 5046 fff7 93f9 0c22 b4f9 0c30 caf8 0020  PF....."...0... 
00001990: 23f0 8003 84e7 0c22 b4f9 0c30 caf8 0020  #......"...0... 
000019a0: 7ee7 4ff0 ff30 69e7 feff ff7f 00fc ff7f  ~.O..0i.........
000019b0: 38b5 0023 064c 0546 0846 2360 00f0 8cf9  8..#.L.F.F#`....
000019c0: 431c 00d0 38bd 2368 002b fbd0 2b60 38bd  C...8.#h.+..+`8.
000019d0: a413 0020 f8b5 0e46 0025 084c 1146 0746  ... ...F.%.L.F.F
000019e0: 1a46 3046 2560 00f0 8ef9 431c 00d0 f8bd  .F0F%`....C.....
000019f0: 2368 002b fbd0 3b60 f8bd 00bf a413 0020  #h.+..;`....... 
00001a00: 8307 70b4 cdb2 3dd0 541e 0ab3 0378 ab42  ..p...=.T....x.B
00001a10: 1fd0 431c 05e0 14f1 ff34 19d3 0278 aa42  ..C......4...x.B
00001a20: 17d0 13f0 030f 1846 03f1 0103 f3d1 032c  .......F.......,
00001a30: 11d8 4cb3 0378 ab42 0bd0 0444 431c 02e0  ..L..x.B...DC...
00001a40: 0278 aa42 05d0 9c42 1846 03f1 0103 f7d1  .x.B...B.F......
00001a50: 0020 70bc 7047 0246 0e02 b6b2 2e43 46ea  . p.pG.F.....CF.
00001a60: 0646 1368 1046 7340 a3f1 0131 21ea 0303  .F.h.Fs@...1!...
00001a70: 13f0 803f 02f1 0402 dcd1 043c 032c 1046  ...?.......<.,.F
00001a80: efd8 d6e7 1446 d2e7 2046 e2e7 8842 f0b4  .....F.. F...B..
00001a90: 0dd9 8b18 8342 0ad9 8418 32b1 2246 13f8  .....B....2."F..
00001aa0: 014d 9942 02f8 014d f9d1 f0bc 7047 0f2a  .M.B...M....pG.*
00001ab0: 0ed8 0346 541e 002a f7d0 0134 0c44 013b  ...FT..*...4.D.;
00001ac0: 11f8 012b a142 03f8 012f f9d1 f0bc 7047  ...+.B.../....pG
00001ad0: 40ea 0103 9b07 3ad1 a2f1 1007 3f09 01f1  @.....:.....?...
00001ae0: 2006 06eb 0716 01f1 1003 00f1 1004 53f8   .............S.
00001af0: 105c 1033 44f8 105c 53f8 1c5c 1034 44f8  .\.3D..\S..\.4D.
00001b00: 1c5c 53f8 185c 44f8 185c 53f8 145c b342  .\S..\D..\S..\.B
00001b10: 44f8 145c ebd1 7b1c 1b01 12f0 0c0f 1944  D..\..{........D
00001b20: 02f0 0f05 0344 15d0 0e46 043d ad08 03eb  .....D...F.=....
00001b30: 850c 1c1f 56f8 047b 44f8 047f 6445 f9d1  ....V..{D...dE..
00001b40: 0135 ad00 2b44 2944 02f0 0302 b2e7 541e  .5..+D)D......T.
00001b50: 0346 b2e7 2a46 ade7 0148 fef7 55bb 00bf  .F..*F...H..U...
00001b60: 9013 0020 0148 fef7 57bb 00bf 9013 0020  ... .H..W...... 
00001b70: 09b3 f8b5 1446 cab1 0646 0d46 00f0 34f8  .....F...F.F..4.
00001b80: a042 02d3 2f46 3846 f8bd 2146 3046 fff7  .B../F8F..!F0F..
00001b90: e1f8 0746 0028 f6d0 2246 2946 fef7 74fb  ...F.(.."F)F..t.
00001ba0: 3046 2946 fff7 82f8 3846 f8bd 2746 fff7  0F)F....8F..'F..
00001bb0: 7df8 3846 f8bd 1146 fff7 ccb8 f8b5 0e46  }.8F...F.......F
00001bc0: 0025 084c 1146 0746 1a46 3046 2560 00f0  .%.L.F.F.F0F%`..
00001bd0: 73f8 431c 00d0 f8bd 2368 002b fbd0 3b60  s.C.....#h.+..;`
00001be0: f8bd 00bf a413 0020 51f8 043c 181f 002b  ....... Q..<...+
00001bf0: bcbf 0b58 c018 7047 044a 0549 1368 002b  ...X..pG.J.I.h.+
00001c00: 08bf 0b46 1844 1060 1846 7047 1805 0020  ...F.D.`.FpG... 
00001c10: a813 0020 10b5 054c 2378 33b9 044b 13b1  ... ...L#x3..K..
00001c20: 0448 aff3 0080 0123 2370 10bd 1c05 0020  .H.....##p..... 
00001c30: 0000 0000 405c 0008 08b5 034b 1bb1 0349  ....@\.....K...I
00001c40: 0348 aff3 0080 08bd 0000 0000 2005 0020  .H.......... .. 
00001c50: 405c 0008 00b5 83b0 0a4b da69 42f4 0002  @\.......K.iB...
00001c60: da61 db69 03f4 0003 0193 019b 0022 1146  .a.i.........".F
00001c70: 1420 03f0 5ffc 1420 03f0 94fc 03b0 5df8  . .._.. ......].
00001c80: 04fb 00bf 0010 0240 10b5 0446 c1b2 0020  .......@...F... 
00001c90: 03f0 0aff 2046 10bd 0020 7047 70b5 0c46  .... F... pGp..F
00001ca0: 1646 0025 04e0 14f8 010b fff7 edff 0135  .F.%...........5
00001cb0: b542 f8db 3046 70bd 70b5 0c46 1646 0025  .B..0Fp.p..F.F.%
00001cc0: 06e0 fff7 e9ff 2146 01f8 010b 0135 0c46  ......!F.....5.F
00001cd0: b542 f6db 3046 70bd 0228 01d8 0120 7047  .B..0Fp..(... pG
00001ce0: 08b5 fef7 9bfa 0923 0360 0020 08bd 0228  .......#.`. ...(
00001cf0: 01d8 0020 7047 08b5 fef7 90fa 0923 0360  ... pG.......#.`
00001d00: 4ff0 ff30 08bd 08b5 fef7 88fa 0923 0360  O..0.........#.`
00001d10: 4ff0 ff30 08bd 08b5 0228 04d8 4ff4 0053  O..0.....(..O..S
00001d20: 4b60 0020 08bd fef7 79fa 0923 0360 f8e7  K`. ....y..#.`..
00001d30: 08b5 02f0 53f9 fee7 72b6 fee7 00b5 95b0  ....S...r.......
00001d40: 2822 0021 0deb 0200 fef7 04fa 0023 0593  (".!.........#..
00001d50: 0693 0793 0893 0993 0193 0293 0393 0493  ................
00001d60: 0122 0a92 4ff4 8033 0b93 4ff4 0031 0c91  ."..O..3..O..1..
00001d70: 0e92 0222 1192 1293 4ff4 e013 1393 0aa8  ..."....O.......
00001d80: 02f0 82fe c0b9 0f23 0593 0221 0691 0023  .......#...!...#
00001d90: 0793 4ff4 8062 0892 0993 05a8 03f0 b8f8  ..O..b..........
00001da0: 60b9 1023 0193 0023 0493 01a8 03f0 8cf9  `..#...#........
00001db0: 30b9 15b0 5df8 04fb fff7 beff fff7 bcff  0...]...........
00001dc0: fff7 baff 08b5 0a48 0a4b 0360 4ff4 e133  .......H.K.`O..3
00001dd0: 4360 0023 8360 c360 0361 0c22 4261 8361  C`.#.`.`.a."Ba.a
00001de0: c361 03f0 c1fd 00b9 08bd fff7 a5ff 00bf  .a..............
00001df0: 3805 0020 0038 0140 034b 93f8 2801 0038  8.. .8.@.K..(..8
00001e00: 18bf 0120 7047 00bf b800 0020 38b5 0378  ... pG..... 8..x
00001e10: 03f0 0303 012b 1dd0 022b 20d1 0023 23e0  .....+...+ ..##.
00001e20: 0133 dbb2 1b4c 94f8 4c41 9c42 14d9 03f1  .3...L..LA.B....
00001e30: 4a04 184d 05eb 8404 6468 002c f0d0 2568  J..M....dh.,..%h
00001e40: 002d edd0 94f8 18c0 8488 e4b2 a445 e7d1  .-...........E..
00001e50: a847 1ee0 0023 e5e7 4ff0 ff30 19e0 4ff0  .G...#..O..0..O.
00001e60: ff30 16e0 0133 dbb2 0a4c 94f8 4c41 9c42  .0...3...L..LA.B
00001e70: 0dd9 03f1 4a0c 074c 04eb 8c0c dcf8 0440  ....J..L.......@
00001e80: 002c efd0 6468 002c ecd0 a047 01e0 4ff0  .,..dh.,...G..O.
00001e90: ff30 38bd b800 0020 70b5 0646 0d46 0024  .08.... p..F.F.$
00001ea0: 07e0 23b1 db68 13b1 2946 3046 9847 0134  ..#..h..)F0F.G.4
00001eb0: e4b2 0d4b 93f8 4c31 a342 14d9 04f1 4a03  ...K..L1.B....J.
00001ec0: 094a 02eb 8303 5b68 002d ead0 002b eed0  .J....[h.-...+..
00001ed0: da68 002a ebd0 a978 1b7e 9942 e7d1 2946  .h.*...x.~.B..)F
00001ee0: 3046 9047 e3e7 70bd b800 0020 00b5 83b0  0F.G..p.... ....
00001ef0: 8378 8df8 0030 8388 c3f3 0a03 adf8 0230  .x...0.........0
00001f00: c378 03f0 0303 8df8 0130 0c48 fef7 4afa  .x.......0.H..J.
00001f10: bdf8 0230 9df8 0120 9df8 0010 0848 fef7  ...0... .....H..
00001f20: 41fa 0848 fef7 3efa 6846 00f0 43fd b0fa  A..H..>.hF..C...
00001f30: 80f0 4009 03b0 5df8 04fb 00bf 205d 0008  ..@...]..... ]..
00001f40: 305d 0008 505d 0008 2de9 f041 0646 8846  0]..P]..-..A.F.F
00001f50: 104b 9c69 0020 ff25 2f46 02e0 e778 2378  .K.i. .%/F...x#x
00001f60: 1c44 2378 9bb1 6378 042b f7d0 052b 06d0  .D#x..cx.+...+..
00001f70: 022b f4d1 6579 ae42 f1d1 0120 efe7 b542  .+..ey.B... ...B
00001f80: edd1 4745 ebd1 2046 fff7 b0ff e7e7 bde8  ..GE.. F........
00001f90: f081 00bf b800 0020 10b5 82b0 0446 0948  ....... .....F.H
00001fa0: fef7 00fa a388 e288 0192 0093 6388 6278  ............c.bx
00001fb0: 2178 0548 fef7 f6f9 0448 fef7 f3f9 02b0  !x.H.....H......
00001fc0: 10bd 00bf 205d 0008 585d 0008 505d 0008  .... ]..X]..P]..
00001fd0: 2de9 f041 0f46 1646 040a c5b2 032c 08d0  -..A.F.F.....,..
00001fe0: 0f2c 22d0 032c 70d8 394b 9969 4ff0 000c  .,"..,p.9K.iO...
00001ff0: 35e0 ee2d f4d1 3748 fef7 d4f9 3648 fef7  5..-..7H....6H..
00002000: 65fa 3648 fef7 cef9 314b db69 002b 56d0  e.6H....1K.i.+V.
00002010: 1968 0a78 3868 fef7 37f9 2d4b db69 1b68  .h.x8h..7.-K.i.h
00002020: 1b78 3360 4ff0 0108 3ae0 2a48 fef7 baf9  .x3`O...:.*H....
00002030: 2b48 fef7 4bfa 2948 fef7 b4f9 244b 5b6a  +H..K.)H....$K[j
00002040: 002b 3fd0 5a68 1968 3868 fef7 1df9 204b  .+?.Zh.h8h.... K
00002050: 5b6a 5b68 3360 4ff0 0108 21e0 1944 0b78  [j[h3`O...!..D.x
00002060: 3bb1 4878 a042 f9d1 6545 0dd0 0cf1 010c  ;.Hx.B..eE......
00002070: f4e7 4ff0 0008 b8f1 000f 14d0 022c 06d0  ..O..........,..
00002080: 072c 04d0 3360 07e0 4ff0 0108 f3e7 8b78  .,..3`..O......x
00002090: ca78 43ea 0223 3360 3268 3868 fef7 f4f8  .xC..#3`2h8h....
000020a0: 4046 bde8 f081 0f48 fef7 7cf9 2a46 2146  @F.....H..|.*F!F
000020b0: 0d48 fef7 77f9 0948 fef7 74f9 f0e7 4ff0  .H..w..H..t...O.
000020c0: 0008 ede7 4ff0 0008 eae7 4ff0 0008 e7e7  ....O.....O.....
000020d0: b800 0020 205d 0008 b85d 0008 505d 0008  ...  ]...]..P]..
000020e0: dc5d 0008 f85d 0008 085e 0008 2de9 f041  .]...]...^..-..A
000020f0: 0646 0f46 9046 554b db69 002b 55d0 4278  .F.F.FUK.i.+U.Bx
00002100: 1b79 9a42 01d0 0024 80e0 8388 042b 0dd0  .y.B...$.....+..
00002110: 052b 29d0 4e48 fef7 45f9 4e48 fef7 d6f9  .+).NH..E.NH....
00002120: 4d48 fef7 3ff9 4ff0 ff33 8be0 4b48 fef7  MH..?.O..3..KH..
00002130: 39f9 4b48 fef7 caf9 4748 fef7 33f9 434b  9.KH....GH..3.CK
00002140: db69 9968 0c78 4b78 04eb 0324 8b78 04eb  .i.h.xKx...$.x..
00002150: 0344 cb78 04eb 0364 2246 3868 fef7 94f8  .D.x...d"F8h....
00002160: c8f8 0040 0023 6de0 3c48 fef7 1bf9 3d48  ...@.#m.<H....=H
00002170: fef7 acf9 3848 fef7 15f9 344b db69 db68  ....8H....4K.i.h
00002180: 7288 53f8 2210 0c78 4b78 04eb 0324 8b78  r.S."..xKx...$.x
00002190: 04eb 0344 cb78 04eb 0364 2246 3868 fef7  ...D.x...d"F8h..
000021a0: 73f8 c8f8 0040 0023 4ce0 284b 1b6a 002b  s....@.#L.(K.j.+
000021b0: 44d0 4278 9b79 9a42 01d0 0024 26e0 8388  D.Bx.y.B...$&...
000021c0: 072b 15d1 2548 fef7 edf8 2748 fef7 7ef9  .+..%H....'H..~.
000021d0: 2148 fef7 e7f8 1d4c 236a 9a88 1968 3868  !H.....L#j...h8h
000021e0: fef7 52f8 236a 9b88 c8f8 0030 0023 29e0  ..R.#j.....0.#).
000021f0: 1748 fef7 d7f8 1748 fef7 68f9 1648 fef7  .H.....H..h..H..
00002200: d1f8 4ff0 ff33 1de0 0134 e4b2 0f4b 93f8  ..O..3...4...K..
00002210: 4c31 a342 14d9 04f1 4a03 0c4d 05eb 8303  L1.B....J..M....
00002220: 5b68 002b f0d0 9b68 002b edd0 4246 3946  [h.+...h.+..BF9F
00002230: 3046 9847 0346 0028 e6d1 03e0 0024 e5e7  0F.G.F.(.....$..
00002240: 4ff0 ff33 1846 bde8 f081 00bf b800 0020  O..3.F......... 
00002250: f85d 0008 685e 0008 505d 0008 205d 0008  .]..h^..P].. ]..
00002260: 3c5e 0008 4c5e 0008 805e 0008 08b5 0846  <^..L^...^.....F
00002270: 124b 9968 0144 9960 da68 121a da60 82b9  .K.h.D.`.h...`..
00002280: 0e4b 1b7d 8bb9 0d4b db88 6bb1 0b4b 93f9  .K.}...K..k..K..
00002290: 0030 002b 08da 0022 1146 1046 00f0 04fe  .0.+...".F.F....
000022a0: 02e0 8020 00f0 a6fd 08bd 0021 034b 1975  ... .......!.K.u
000022b0: 0a46 8020 00f0 9efd f6e7 00bf b800 0020  .F. ........... 
000022c0: 30b5 83b0 8578 8df8 0050 8388 c3f3 0a03  0....x...P......
000022d0: adf8 0230 c478 04f0 0304 8df8 0140 0948  ...0.x.......@.H
000022e0: fef7 60f8 2246 2946 0748 fef7 5bf8 0748  ..`."F)F.H..[..H
000022f0: fef7 58f8 2846 00f0 b7fc b0fa 80f0 4009  ..X.(F........@.
00002300: 03b0 30bd 205d 0008 9c5e 0008 505d 0008  ..0. ]...^..P]..
00002310: 2de9 f047 0646 8946 164b 9c69 0027 ff25  -..G.F.F.K.i.'.%
00002320: a846 ba46 06e0 94f8 0380 a578 ae42 11d0  .F.F.......x.B..
00002330: 2378 1c44 2378 b3b1 6378 042b f3d0 052b  #x.D#x..cx.+...+
00002340: f6d1 b542 f4d1 c845 08d0 2046 fff7 b8ff  ...B...E.. F....
00002350: 0746 ede7 c145 ebd1 a246 e9e7 2046 fff7  .F...E...F.. F..
00002360: c5fd 0746 e4e7 5146 0820 fff7 95fd 3846  ...F..QF. ....8F
00002370: bde8 f087 b800 0020 2de9 f047 0446 0e46  ....... -..G.F.F
00002380: 1546 b0f8 0280 8088 5ffa 80fa fff7 34fd  .F......_.....4.
00002390: 0746 0028 4fd0 4fea 1829 6378 0b2b 49d8  .F.(O.O..)cx.+I.
000023a0: dfe8 03f0 0648 4848 4848 0e48 4848 3a40  .....HHHHH.HHH:@
000023b0: 3268 0023 1370 3268 5370 0223 2b60 3ae0  2h.#.p2hSp.#+`:.
000023c0: b9f1 220f 01d0 0027 35e0 1c48 fdf7 eaff  .."....'5..H....
000023d0: 1b48 fef7 7bf8 1b48 fdf7 e4ff 0023 01e0  .H..{..H.....#..
000023e0: 0133 dbb2 184a 92f8 4c21 9a42 12d9 03f1  .3...J..L!.B....
000023f0: 4a02 1549 01eb 8202 5468 002c f0d0 227e  J..I....Th.,.."~
00002400: 5245 edd1 6269 2169 3068 fdf7 3dff 6369  RE..bi!i0h..=.ci
00002410: 2b60 10e0 0027 0ee0 3368 0022 1a70 0123  +`...'..3h.".p.#
00002420: 2b60 08e0 5ffa 88f1 5046 fff7 71ff 0023  +`.._...PF..q..#
00002430: 2b60 00e0 0027 3846 bde8 f087 205d 0008  +`...'8F.... ]..
00002440: b85e 0008 505d 0008 b800 0020 2de9 f041  .^..P]..... -..A
00002450: 0446 0f46 9046 8088 c5b2 fff7 cdfc 0646  .F.F.F.........F
00002460: 30b1 6378 012b 0ed0 032b 20d0 1bb1 0026  0.cx.+...+ ....&
00002470: 3046 bde8 f081 3a68 1370 3a68 5370 0223  0F....:h.p:hSp.#
00002480: c8f8 0030 f4e7 6388 1bb1 0026 c8f8 0060  ...0..c....&...`
00002490: eee7 1148 fdf7 86ff 2946 1048 fdf7 82ff  ...H....)F.H....
000024a0: 0f48 fdf7 7fff 2846 00f0 50fc e0e7 6388  .H....(F..P...c.
000024b0: 23b1 0026 0023 c8f8 0030 d9e7 0648 fdf7  #..&.#...0...H..
000024c0: 71ff 2946 0748 fdf7 6dff 0548 fdf7 6aff  q.)F.H..m..H..j.
000024d0: 2846 00f0 0ffc ede7 f85d 0008 d45e 0008  (F.......]...^..
000024e0: 505d 0008 ec5e 0008 08b5 00f0 7f03 03eb  P]...^..........
000024f0: 4303 044a 02eb 8303 d3f8 5831 03b1 9847  C..J......X1...G
00002500: 08bd 00bf b800 0020 08b5 00f0 7f03 03eb  ....... ........
00002510: 4303 044a 02eb 8303 d3f8 b831 03b1 9847  C..J.......1...G
00002520: 08bd 00bf b800 0020 38b5 0546 084c 4ff4  ....... 8..F.LO.
00002530: 0472 0021 2046 fdf7 0dfe a561 8023 84f8  .r.! F.....a.#..
00002540: 5031 044b c4f8 5831 034b c4f8 b831 38bd  P1.K..X1.K...18.
00002550: b800 0020 6d22 0008 b928 0008 064a 92f8  ... m"...(...J..
00002560: 4c31 0376 03f1 4a01 02eb 8101 4860 0133  L1.v..J.....H`.3
00002570: 82f8 4c31 7047 00bf b800 0020 0278 90f9  ..L1pG..... .x..
00002580: 0030 002b 0cdb 02f0 7f03 0c49 03eb 430c  .0.+.......I..C.
00002590: 01eb 8c0c 8cf8 b021 4268 ccf8 b821 7047  .......!Bh...!pG
000025a0: 02f0 7f03 0549 03eb 430c 01eb 8c0c 8cf8  .....I..C.......
000025b0: 5021 4268 ccf8 5821 7047 00bf b800 0020  P!Bh..X!pG..... 
000025c0: 034b 93f8 2801 0038 18bf 0120 7047 00bf  .K..(..8... pG..
000025d0: b800 0020 08b5 00f0 c1f9 08bd 7047 0000  ... ........pG..
000025e0: 10b5 82b0 0020 00f0 d7f9 0024 0d4b 83f8  ..... .....$.K..
000025f0: 2841 4023 adf8 0230 8df8 0140 8023 8df8  (A@#...0...@.#..
00002600: 0030 6846 00f0 d6f9 8df8 0040 6846 00f0  .0hF.......@hF..
00002610: d1f9 2146 0120 fff7 3ffc 0120 fff7 deff  ..!F. ..?.. ....
00002620: 02b0 10bd b800 0020 70b5 1546 4688 4378  ....... p..FF.Cx
00002630: 092b 46d8 dfe8 03f0 050e 450e 451e 2545  .+F.......E.E.%E
00002640: 2b30 0a68 0023 1370 0a68 5370 0223 2b60  +0.h.#.p.hSp.#+`
00002650: 0124 37e0 012e 03d0 0023 2b60 0124 31e0  .$7......#+`.$1.
00002660: 032b 03d0 0a20 fff7 b9ff f5e7 0920 fff7  .+... ....... ..
00002670: b5ff f1e7 f0b2 00f0 8ff9 0023 2b60 0124  ...........#+`.$
00002680: 20e0 2a46 3046 fff7 a3fc 0446 1ae0 0e4b   .*F0F.....F...K
00002690: 0b60 0124 2c60 15e0 f6b2 0021 3046 fff7  .`.$,`.....!0F..
000026a0: 53fc 0446 10b9 0023 2b60 0be0 074b 83f8  S..F...#+`...K..
000026b0: 2861 0021 0720 fff7 effb 0720 fff7 8eff  (a.!. ..... ....
000026c0: f1e7 0024 2046 70bd e001 0020 b800 0020  ...$ Fp.... ... 
000026d0: 08b5 0378 03f0 0303 012b 0ad0 022b 0dd0  ...x.....+...+..
000026e0: 13b1 4ff0 ff30 08bd fff7 9eff 58b1 0020  ..O..0......X.. 
000026f0: f9e7 fff7 41fe 48b1 0020 f4e7 fff7 a6fe  ....A.H.. ......
00002700: 38b1 0020 efe7 4ff0 ff30 ece7 4ff0 ff30  8.. ..O..0..O..0
00002710: e9e7 4ff0 ff30 e6e7 10b5 0446 0378 03f0  ..O..0.....F.x..
00002720: 6003 202b 2ad0 402b 3cd0 0bb1 0020 10bd  `. +*.@+<.... ..
00002730: fff7 ceff 0028 01db 0120 f8e7 6378 062b  .....(... ..cx.+
00002740: 03d1 6388 b3f5 c06f 0dd0 2048 fdf7 2afe  ..c....o.. H..*.
00002750: 1f48 fdf7 bbfe 1f48 fdf7 24fe 2046 fff7  .H.....H..$. F..
00002760: 1bfc 0020 e3e7 1c48 fdf7 1cfe 1b48 fdf7  ... ...H.....H..
00002770: adfe 1848 fdf7 16fe 0020 d8e7 fff7 46fb  ...H..... ....F.
00002780: 0028 01db 0120 d2e7 1048 fdf7 0bfe 1448  .(... ...H.....H
00002790: fdf7 9cfe 0f48 fdf7 05fe 2046 fff7 fcfb  .....H.... F....
000027a0: 0020 c4e7 fff7 a2fc 0028 01db 0120 bee7  . .......(... ..
000027b0: 0648 fdf7 f7fd 0b48 fdf7 88fe 0548 fdf7  .H.....H.....H..
000027c0: f1fd 2046 fff7 e8fb 0020 b0e7 f85d 0008  .. F..... ...]..
000027d0: 245f 0008 505d 0008 005f 0008 105f 0008  $_..P]..._..._..
000027e0: 3c5f 0008 545f 0008 10b5 0246 2d4c 2346  <_..T_.....F-L#F
000027f0: 0068 5168 03c3 e288 b2f5 807f 03d9 94f9  .hQh............
00002800: 0030 002b 2dda 274b 03f1 2801 9960 da60  .0.+-.'K..(..`.`
00002810: 1a61 0021 1975 1ab1 93f9 0030 8b42 2dda  .a.!.u.....0.B-.
00002820: 2048 00f1 1002 00f1 0801 fff7 75ff 50b3   H..........u.P.
00002830: 1c4b da88 1969 8a42 28bf 0a46 da60 b2f5  .K...i.B(..F.`..
00002840: 807f 24d8 174c a168 8020 00f0 d3fa e288  ..$..L.h. ......
00002850: 2369 9a42 24d9 13f0 3f0f 21d1 0122 2275  #i.B$...?.!..""u
00002860: 1ee0 1148 fdf7 9efd 1048 fdf7 2ffe 1048  ...H.....H../..H
00002870: fdf7 98fd 8020 00f0 3dfa 11e0 0d49 0020  ..... ..=....I. 
00002880: 00f0 12fb 0ce0 8020 00f0 34fa 08e0 0648  ....... ..4....H
00002890: fdf7 88fd 0548 fdf7 19fe 0548 fdf7 82fd  .....H.....H....
000028a0: 10bd 00bf b800 0020 f85d 0008 6c5f 0008  ....... .]..l_..
000028b0: 505d 0008 e000 0020 09b3 08b5 0846 104b  P]..... .....F.K
000028c0: 9968 0144 9960 da68 121a da60 9ab9 1846  .h.D.`.h...`...F
000028d0: 2833 8360 00f1 1002 00f1 0801 fff7 1cff  (3.`............
000028e0: 28b1 0022 1146 8020 00f0 84fa 06e0 8020  (..".F. ....... 
000028f0: 00f0 00fa 02e0 0020 00f0 d6fa 08bd 7047  ....... ......pG
00002900: b800 0020 10b4 5c1c 6408 00eb 4202 02f5  ... ..\.d...B...
00002910: 8062 07e0 0b78 4878 43ea 0023 22f8 043b  .b...xHxC..#"..;
00002920: 0231 013c 002c f5d1 10bc 7047 10b4 5c08  .1.<.,....pG..\.
00002930: 00eb 4200 00f5 8060 07e0 30f8 042b 0a70  ..B....`..0..+.p
00002940: c2f3 0722 4a70 0231 013c 002c f5d1 13f0  ..."Jp.1.<.,....
00002950: 010f 01d0 0388 0b70 10bc 7047 08b5 fff7  .......p..pG....
00002960: 79f9 0c4b 0122 a3f8 4020 0020 a3f8 4000  y..K."..@ . ..@.
00002970: a3f8 4400 a3f8 5000 4ff4 3f42 a3f8 4020  ..D...P.O.?B..@ 
00002980: b3f8 5820 6fea 4242 6fea 5242 92b2 a3f8  ..X o.BBo.RB....
00002990: 5820 08bd 005c 0040 0246 18b9 034b 8021  X ...\.@.F...K.!
000029a0: a3f8 4c10 024b 1a72 0020 7047 005c 0040  ..L..K.r. pG.\.@
000029b0: 7c05 0020 38b5 0446 0378 13f0 7c0f 0ad1  |.. 8..F.x..|...
000029c0: 4ff0 000c 03f0 7f00 6378 032b 1bd8 dfe8  O.......cx.+....
000029d0: 03f0 1815 0f12 9e48 fdf7 e4fc 2178 9d48  .......H....!x.H
000029e0: fdf7 e0fc 9c48 fdf7 ddfc 4ff0 ff30 2ee1  .....H....O..0..
000029f0: 4ff0 000c 07e0 4ff4 c06c 04e0 4ff4 806c  O.....O..l..O..l
00002a00: 01e0 4ff4 007c 8100 01f1 8041 01f5 b841  ..O..|.....A...A
00002a10: 0a88 92b2 22f4 ec42 22f0 7002 42ea 0c02  ...."..B".p.B...
00002a20: 48f2 800c 42ea 0c02 0a80 0b88 9bb2 23f4  H...B.........#.
00002a30: e043 23f0 7003 0343 43ea 0c03 0b80 94f9  .C#.p..CC.......
00002a40: 0030 002b c0f2 9280 b4f8 02c0 00eb 4003  .0.+..........@.
00002a50: 824a 02eb c303 a3f8 70c0 6278 83f8 7220  .J......p.bx..r 
00002a60: 0122 83f8 7420 b3f8 7630 9c45 29d9 7b4b  ."..t ..v0.E).{K
00002a70: db68 9c44 bcf5 007f 52d8 6588 774a 00eb  .h.D....R.e.wJ..
00002a80: 4003 02eb c303 a3f8 7650 d568 00eb 4003  @.......vP.h..@.
00002a90: 02eb c303 a3f8 7850 714b b3f8 5030 9bb2  ......xPqK..P0..
00002aa0: 03f1 8043 03f5 b843 03eb 0013 d568 25f0  ...C...C.....h%.
00002ab0: 010c 1ffa 8cfc a3f8 08c4 d368 6588 2b44  ...........he.+D
00002ac0: d360 674b b3f8 5030 9bb2 03f1 8043 03f5  .`gK..P0.....C..
00002ad0: b843 03eb 0013 6288 7abb b3f8 0c24 92b2  .C....b.z....$..
00002ae0: 22f4 f842 92b2 a3f8 0c24 b3f8 0c24 6fea  "..B.....$...$o.
00002af0: 4242 6fea 5242 92b2 a3f8 0c24 0b88 13f4  BBo.RB.....$....
00002b00: 804f 00f0 a380 0b88 9bb2 23f4 e043 23f0  .O........#..C#.
00002b10: 7003 43f4 4043 43f0 8003 0b80 0020 96e0  p.C.@CC...... ..
00002b20: 4b48 fdf7 3ffc 2178 4e48 fdf7 3bfc 4a48  KH..?.!xNH..;.JH
00002b30: fdf7 38fc 4ff0 ff30 89e0 3e2a 09d8 5008  ..8.O..0..>*..P.
00002b40: 12f0 010f 00d0 0130 8002 80b2 a3f8 0c04  .......0........
00002b50: d4e7 5009 12f0 1f0f 00d1 0138 6fea c060  ..P........8o..`
00002b60: 6fea 5040 80b2 a3f8 0c04 c7e7 6588 00eb  o.P@........e...
00002b70: 4003 3a4a 02eb c303 1d82 6278 9a74 0122  @.:J......bx.t."
00002b80: 1a75 db8a 9d42 26d9 344b db68 1d44 b5f5  .u...B&.4K.h.D..
00002b90: 007f 41d8 6588 314a 00eb 4003 02eb c303  ..A.e.1J..@.....
00002ba0: dd82 d568 431c 03eb 4303 22f8 3350 2c4b  ...hC...C.".3P,K
00002bb0: b3f8 5030 9bb2 03f1 8043 03f5 b843 03eb  ..P0.....C...C..
00002bc0: 0013 d068 20f0 0100 80b2 a3f8 0004 d368  ...h ..........h
00002bd0: 6088 0344 d360 0b88 13f0 400f 0ad0 0b88  `..D.`....@.....
00002be0: 9bb2 23f4 e043 23f0 7003 43f4 0043 43f0  ..#..C#.p.C..CC.
00002bf0: c003 0b80 6378 012b 1bd0 0b88 9bb2 23f4  ....cx.+......#.
00002c00: e043 23f0 4003 83f0 2003 43f4 0043 43f0  .C#.@... .C..CC.
00002c10: 8003 0b80 0020 1ae0 0d48 fdf7 c3fb 2178  ..... ...H....!x
00002c20: 1048 fdf7 bffb 0c48 fdf7 bcfb 4ff0 ff30  .H.....H....O..0
00002c30: 0de0 0b88 9bb2 23f4 e043 23f0 4003 43f4  ......#..C#.@.C.
00002c40: 0043 43f0 8003 0b80 0020 00e0 0020 38bd  .CC...... ... 8.
00002c50: f85d 0008 885f 0008 505d 0008 7c05 0020  .]..._..P]..|.. 
00002c60: 005c 0040 a05f 0008 00f0 7f03 10f0 800f  .\.@._..........
00002c70: 20d1 9b00 03f1 8043 03f5 b843 1a88 12f4   ......C...C....
00002c80: 804f 0ad0 1a88 92b2 22f4 e042 22f0 7002  .O......"..B".p.
00002c90: 42f4 4042 42f0 8002 1a80 1a88 92b2 22f4  B.@BB.........".
00002ca0: 8042 22f0 7002 42f4 0042 42f0 8002 1a80  .B".p.B..BB.....
00002cb0: 0020 7047 9b00 03f1 8043 03f5 b843 1a88  . pG.....C...C..
00002cc0: 12f0 400f 0ad0 1a88 92b2 22f4 e042 22f0  ..@......."..B".
00002cd0: 7002 42f4 0042 42f0 c002 1a80 1a88 92b2  p.B..BB.........
00002ce0: 22f4 e042 22f0 4002 42f4 0042 42f0 8002  "..B".@.B..BB...
00002cf0: 1a80 dde7 00f0 7f03 10f0 800f 13d1 9b00  ................
00002d00: 03f1 8043 03f5 b843 1a88 92b2 22f4 8042  ...C...C...."..B
00002d10: 22f0 7002 82f4 8052 42f4 0042 42f0 8002  ".p....RB..BB...
00002d20: 1a80 0020 7047 9b00 03f1 8043 03f5 b843  ... pG.....C...C
00002d30: 1a88 92b2 22f4 e042 22f0 4002 82f0 1002  ...."..B".@.....
00002d40: 42f4 0042 42f0 8002 1a80 eae7 00f0 7f03  B..BB...........
00002d50: 10f0 800f 22d1 9b00 03f1 8043 03f5 b843  ...."......C...C
00002d60: 1a88 12f4 804f 0ad0 1a88 92b2 22f4 e042  .....O......"..B
00002d70: 22f0 7002 42f4 4042 42f0 8002 1a80 1a88  ".p.B.@BB.......
00002d80: 92b2 22f4 8042 22f0 7002 82f4 4052 42f4  .."..B".p...@RB.
00002d90: 0042 42f0 8002 1a80 0020 7047 9a00 02f1  .BB...... pG....
00002da0: 8042 02f5 b842 1188 11f0 400f 0ad0 1188  .B...B....@.....
00002db0: 89b2 21f4 e041 21f0 7001 41f4 0041 41f0  ..!..A!.p.A..AA.
00002dc0: c001 1180 03eb 4303 0949 01eb c303 9b7c  ......C..I.....|
00002dd0: 012b e1d0 1388 9bb2 23f4 e043 23f0 4003  .+......#..C#.@.
00002de0: 83f0 2003 43f4 0043 43f0 8003 1380 d3e7  .. .C..CC.......
00002df0: 7c05 0020 2de9 f041 00f0 7f04 0f46 0029  |.. -..A.....F.)
00002e00: 45d0 04eb 4403 2648 00eb c303 1b7d 002b  E...D.&H.....}.+
00002e10: 42d0 0146 631c 03eb 4300 01eb c000 4760  B..Fc...C.....G`
00002e20: 04eb 4400 01eb c000 0262 0025 4562 068a  ..D......b.%Eb..
00002e30: b242 28bf 3246 96b2 03eb 4302 dff8 6480  .B(.2F....C...d.
00002e40: 3346 31f8 3220 3946 4046 fff7 5bfd b8f8  3F1.2 9F@F..[...
00002e50: 5030 9bb2 03f1 8043 03f5 b843 03eb 0413  P0.....C...C....
00002e60: a3f8 0464 a400 04f1 8044 04f5 b844 2388  ...d.....D...D#.
00002e70: 9bb2 23f4 e043 23f0 4003 83f0 3003 43f4  ..#..C#.@...0.C.
00002e80: 0043 43f0 8003 2380 2846 bde8 f081 002a  .CC...#.(F.....*
00002e90: b7d0 4ff0 ff30 f8e7 6ff0 0100 f5e7 00bf  ..O..0..o.......
00002ea0: 7c05 0020 005c 0040 10b4 00f0 7f03 0c46  |.. .\.@.......F
00002eb0: 39b3 03eb 4301 1748 00eb c101 91f8 7410  9...C..H......t.
00002ec0: 21b3 0146 03eb 4300 01eb c000 c467 c0f8  !..F..C......g..
00002ed0: 8020 0146 0020 c1f8 8400 9b00 03f1 8043  . .F. .........C
00002ee0: 03f5 b843 1a88 92b2 22f4 8042 22f0 7002  ...C...."..B".p.
00002ef0: 82f4 4052 42f4 0042 42f0 8002 1a80 10bc  ..@RB..BB.......
00002f00: 7047 002a d5d0 4ff0 ff30 f8e7 6ff0 0100  pG.*..O..0..o...
00002f10: f5e7 00bf 7c05 0020 2de9 f04f 85b0 ba4b  ....|.. -..O...K
00002f20: b3f8 4430 9eb2 13f4 004f 40f0 1781 16f4  ..D0.....O@.....
00002f30: 806f 40f0 e781 16f4 804f 08d0 b24a b2f8  .o@......O...J..
00002f40: 4430 9bb2 23f4 8043 9bb2 a2f8 4430 16f4  D0..#..C....D0..
00002f50: 005f 08d0 ac4a b2f8 4430 9bb2 23f4 0053  ._...J..D0..#..S
00002f60: 9bb2 a2f8 4430 16f4 805f 18d0 a64a b2f8  ....D0..._...J..
00002f70: 4030 9bb2 23f0 0403 9bb2 a2f8 4030 b2f8  @0..#.......@0..
00002f80: 4030 9bb2 23f0 0803 9bb2 a2f8 4030 b2f8  @0..#.......@0..
00002f90: 4430 9bb2 23f4 8053 9bb2 a2f8 4430 16f4  D0..#..S....D0..
00002fa0: 006f 40f0 d081 16f4 007f 08d0 964a b2f8  .o@..........J..
00002fb0: 4430 9bb2 23f4 0073 9bb2 a2f8 4430 16f4  D0..#..s....D0..
00002fc0: 807f 08d0 904a b2f8 4430 9bb2 23f4 8073  .....J..D0..#..s
00002fd0: 9bb2 a2f8 4430 05b0 bde8 f08f a200 02f1  ....D0..........
00002fe0: 8042 02f5 b842 1388 9bb2 23f4 e143 23f0  .B...B....#..C#.
00002ff0: 7003 6fea 4343 6fea 5343 9bb2 1380 824b  p.o.CCo.SC.....K
00003000: b3f8 5020 92b2 02eb c402 804b 1344 5b00  ..P .......K.D[.
00003010: 1d88 c5f3 0905 7e4f 631c 03eb 4301 ca00  ......~Oc...C...
00003020: 3a44 5368 2b44 5360 04eb 4402 d300 3b44  :DSh+DS`..D...;D
00003030: 1a6a 521b 1a62 596a 2944 04eb 4402 d300  .jR..bYj)D..D...
00003040: 3b44 5962 44f0 8000 fff7 4efa fb88 a3b1  ;DYbD.....N.....
00003050: 6f4b 93f9 0030 002b 15da 6d4b 1b7a 002b  oK...0.+..mK.z.+
00003060: 7cd0 002d 7ad1 6a4a 137a 43f0 8003 6649  |..-z.jJ.zC...fI
00003070: a1f8 4c30 0023 1372 70e0 0022 1146 1046  ..L0.#.rp..".F.F
00003080: fff7 12ff e9e7 0022 1146 1046 fff7 0cff  .......".F.F....
00003090: e3e7 1a88 22f0 7002 1205 120d 42f0 8002  ....".p.....B...
000030a0: 1a80 5948 b0f8 5020 92b2 02eb c402 594b  ..YH..P ......YK
000030b0: 1344 5b00 564d 04eb 4404 e200 2a44 1b78  .D[.VM..D...*D.x
000030c0: b2f8 7820 2946 fff7 31fc 2846 fff7 8cfb  ..x )F..1.(F....
000030d0: 44e0 a500 05f1 8045 05f5 b845 2b88 1ffa  D......E...E+...
000030e0: 83f8 13f4 004f 40f0 9780 18f0 800f 35d0  .....O@.......5.
000030f0: 2b88 9bb2 23f4 e143 23f0 7003 6fea 4343  +...#..C#.p.o.CC
00003100: 6fea 5343 9bb2 2b80 3f4b b3f8 5020 92b2  o.SC..+.?K..P ..
00003110: 02eb c402 3d4b 1344 5b00 1a88 c2f3 0902  ....=K.D[.......
00003120: 3b4b 601c 00eb 4007 f900 1944 4f68 1744  ;K`...@....DOh.D
00003130: 00eb 4000 c100 1944 4f60 04eb 4400 c100  ..@....DO`..D...
00003140: 0b44 186a 801a 1862 596a 1144 5962 0028  .D.j...bYj.DYb.(
00003150: 40f0 a880 44f0 8000 fff7 c6f9 2a4b b3f8  @...D.......*K..
00003160: 4430 13f4 004f 3ff4 e2ae 274b b3f8 4440  D0...O?...'K..D@
00003170: a6b2 14f0 0f04 acd1 16f0 100f 3ff4 2eaf  ............?...
00003180: a300 03f1 8043 03f5 b843 1a88 91b2 12f4  .....C...C......
00003190: 006f 7ff4 7eaf 11f4 004f dfd0 1a88 22f0  .o..~....O....".
000031a0: 7002 1205 120d 42f0 8002 1a80 1648 b0f8  p.....B......H..
000031b0: 5020 92b2 02eb c402 164b 1344 5b00 1f78  P .......K.D[..x
000031c0: dff8 4c80 04eb 4403 dd00 4544 3b46 b5f8  ..L...D...ED;F..
000031d0: 7820 e96f fff7 aafb eb6f 3b44 eb67 d5f8  x .o.....o;D.g..
000031e0: 8030 db1b c5f8 8030 d5f8 8410 3944 c5f8  .0.....0....9D..
000031f0: 8410 2046 fff7 88f9 002f afd1 0022 1146  .. F...../...".F
00003200: 1046 fff7 51fe a9e7 005c 0040 0230 0020  .F..Q....\.@.0. 
00003210: 7c05 0020 0630 0020 2b88 23f0 7003 1b05  |.. .0. +.#.p...
00003220: 1b0d 43f0 8003 2b80 7348 b0f8 5020 92b2  ..C...+.sH..P ..
00003230: 02eb c402 714b 1344 5b00 93f8 00a0 1ffa  ....qK.D[.......
00003240: 8afb dff8 bc91 04eb 4403 df00 4f44 5b46  ........D...OD[F
00003250: b7f8 7820 f96f fff7 69fb fb6f 5344 fb67  ..x .o..i..oSD.g
00003260: d7f8 8020 a2eb 0a02 c7f8 8020 d7f8 8410  ... ....... ....
00003270: 5144 c7f8 8410 b7f8 7030 9b45 00d3 1ab9  QD......p0.E....
00003280: 2046 fff7 41f9 30e7 2b88 9bb2 23f4 8043   F..A.0.+...#..C
00003290: 23f0 7003 83f4 4053 43f4 0043 43f0 8003  #.p...@SC..CC...
000032a0: 2b80 22e7 564a 04eb 4401 cb00 1344 1b8a  +.".VJ..D....D..
000032b0: 9842 28bf 1846 1ffa 80f8 631c 03eb 4303  .B(..F....c...C.
000032c0: d900 dff8 3491 4346 525a 3946 4846 fff7  ....4.CFRZ9FHF..
000032d0: 19fb b9f8 5030 9bb2 03f1 8043 03f5 b843  ....P0.....C...C
000032e0: 03eb 0413 a3f8 0484 2b88 9bb2 23f4 e043  ........+...#..C
000032f0: 23f0 4003 83f0 3003 43f4 0043 43f0 8003  #.@...0.C..CC...
00003300: 2b80 2be7 3e4c d022 0021 2046 fcf7 22ff  +.+.>L.".! F..".
00003310: 2023 e360 fff7 64f9 374a 1388 9bb2 23f4   #.`..d.7J....#.
00003320: 8043 23f0 7003 83f4 4053 43f4 0043 43f0  .C#.p...@SC..CC.
00003330: 8003 1380 b2f8 4430 9bb2 23f4 8063 9bb2  ......D0..#..c..
00003340: a2f8 4430 f7e5 0023 072b 0dd8 9a00 02f1  ..D0...#.+......
00003350: 8042 02f5 b842 1188 04aa 02eb 4302 22f8  .B...B......C.".
00003360: 101c 0133 dbb2 efe7 234a b2f8 4030 9bb2  ...3....#J..@0..
00003370: 43f0 0103 a2f8 4030 b2f8 4030 9bb2 23f0  C.....@0..@0..#.
00003380: 0103 9bb2 a2f8 4030 1b4b b3f8 4430 13f4  ......@0.K..D0..
00003390: 806f f9d0 184a b2f8 4430 9bb2 23f4 8063  .o...J..D0..#..c
000033a0: 9bb2 a2f8 4430 0023 072b 0dd8 9a00 02f1  ....D0.#.+......
000033b0: 8042 02f5 b842 04a9 01eb 4301 31f8 101c  .B...B....C.1...
000033c0: 1180 0133 dbb2 efe7 0b4a b2f8 4030 9bb2  ...3.....J..@0..
000033d0: 43f0 0803 a2f8 4030 b2f8 4430 9bb2 23f4  C.....@0..D0..#.
000033e0: 0063 9bb2 a2f8 4430 b2f8 4030 9bb2 43f0  .c....D0..@0..C.
000033f0: 0403 a2f8 4030 d6e5 005c 0040 0630 0020  ....@0...\.@.0. 
00003400: 7c05 0020 024b 0022 1a70 83f8 3120 7047  |.. .K.".p..1 pG
00003410: c802 0020 c0f3 0742 044b 83f8 3320 c0f3  ... ...B.K..3 ..
00003420: 0722 83f8 3420 83f8 3500 7047 c802 0020  ."..4 ..5.pG... 
00003430: 08b5 074b db68 23b9 0023 0360 0b60 0120  ...K.h#..#.`.`. 
00003440: 08bd 4ff4 a420 fff7 e5ff 0020 f8e7 00bf  ..O.. ..... ....
00003450: c802 0020 08b5 0d4b db68 63b9 0b4b db7d  ... ...K.hc..K.}
00003460: 03f0 0303 012b 01d0 022b 0ad0 0023 0360  .....+...+...#.`
00003470: 0b60 0120 08bd 4ff4 a420 fff7 cbff 0020  .`. ..O.. ..... 
00003480: f8e7 024b 0122 83f8 3220 efe7 c802 0020  ...K."..2 ..... 
00003490: 08b5 074b db68 23b9 0023 0360 0b60 0120  ...K.h#..#.`.`. 
000034a0: 08bd 4ff4 a420 fff7 b5ff 0020 f8e7 00bf  ..O.. ..... ....
000034b0: c802 0020 10b5 84b0 1d4b db68 8bb3 8c46  ... .....K.h...F
000034c0: 0023 8df8 0430 8df8 0530 8df8 0630 0822  .#...0...0...0."
000034d0: 8df8 0720 164c 626c 110e 8df8 0810 c2f3  ... .Lbl........
000034e0: 0741 8df8 0910 c2f3 0721 8df8 0a10 8df8  .A.......!......
000034f0: 0b20 0222 8df8 0c20 8df8 0d30 b4f8 4030  . ."... ...0..@0
00003500: 1a0a 8df8 0e20 8df8 0f30 0468 01ab 07cb  ..... ...0.h....
00003510: 2060 6160 a260 0c23 ccf8 0030 0120 04b0   `a`.`.#...0. ..
00003520: 10bd 4ff4 a420 fff7 75ff 0020 f7e7 00bf  ..O.. ..u.. ....
00003530: c802 0020 10b5 82b0 184b db68 43b3 8c46  ... .....K.hC..F
00003540: 164c 626c 531e 190e 8df8 0010 c3f3 0741  .LblS..........A
00003550: 8df8 0110 c3f3 0723 8df8 0230 013a 8df8  .......#...0.:..
00003560: 0320 b4f8 4030 0022 8df8 0420 8df8 0520  . ..@0."... ... 
00003570: 1a0a 8df8 0620 8df8 0730 0268 6b46 03cb  ..... ...0.hkF..
00003580: 1060 5160 0823 ccf8 0030 0120 02b0 10bd  .`Q`.#...0. ....
00003590: 4ff4 a420 fff7 3eff 0020 f7e7 c802 0020  O.. ..>.. ..... 
000035a0: 08b5 0128 02d0 0728 03d0 08bd fff7 2aff  ...(...(......*.
000035b0: fbe7 1f22 0249 034b 1878 fff7 75fc f4e7  ...".I.K.x..u...
000035c0: cc02 0020 4c06 0020 4378 fe2b 07d0 10b5  ... L.. Cx.+....
000035d0: 0446 ff2b 0cd1 fff7 15ff 0020 10bd 0b68  .F.+....... ...h
000035e0: 0a49 91f8 3610 1970 0123 1360 0020 7047  .I..6..p.#.`. pG
000035f0: 0748 fcf7 d7fe 6178 0648 fcf7 d3fe 0648  .H....ax.H.....H
00003600: fcf7 d0fe 4ff0 ff30 e8e7 00bf c802 0020  ....O..0....... 
00003610: 005f 0008 b85f 0008 505d 0008 10b5 224b  ._..._..P]...."K
00003620: 93f9 1030 002b 1fdb 1f4b dc68 e4b1 1e49  ...0.+...K.h...I
00003630: 4a7d 8b7d 1b04 43ea 0263 ca7d 43ea 0223  J}.}..C..c.}C..#
00003640: 0a7e 1343 8b63 8a7e c87e 40ea 0220 c863  .~.C.c.~.~@.. .c
00003650: b1f8 4020 00fb 02f2 0344 496c 8b42 09d8  ..@ .....DIl.B..
00003660: 9442 12d0 0020 04e0 4ff4 a420 fff7 d2fe  .B... ..O.. ....
00003670: 0020 10bd 0d48 fcf7 95fe 0d48 fcf7 26ff  . ...H.....H..&.
00003680: 0c48 fcf7 8ffe 0020 f3e7 0124 0649 01f8  .H..... ...$.I..
00003690: 484b b2f5 007f 28bf 4ff4 0072 064b 1878  HK....(.O..r.K.x
000036a0: fff7 02fc 2046 e4e7 c802 0020 f85d 0008  .... F..... .]..
000036b0: e05f 0008 505d 0008 4c06 0020 10b5 254b  ._..P]..L.. ..%K
000036c0: 93f9 1030 002b 25db 224b dc68 14b3 2149  ...0.+%."K.h..!I
000036d0: 4a7d 8b7d 1b04 43ea 0263 ca7d 43ea 0223  J}.}..C..c.}C..#
000036e0: 0a7e 1343 8b63 4a7e 887e 0004 40ea 0260  .~.C.cJ~.~..@..`
000036f0: ca7e 40ea 0220 0a7f 1043 c863 b1f8 4020  .~@.. ...C.c..@ 
00003700: 00fb 02f2 0344 496c 8b42 09d8 9442 12d0  .....DIl.B...B..
00003710: 0020 04e0 4ff4 a420 fff7 7cfe 0020 10bd  . ..O.. ..|.. ..
00003720: 0d48 fcf7 3ffe 0d48 fcf7 d0fe 0c48 fcf7  .H..?..H.....H..
00003730: 39fe 0020 f3e7 0124 0649 01f8 484b b2f5  9.. ...$.I..HK..
00003740: 007f 28bf 4ff4 0072 064b 1878 fff7 acfb  ..(.O..r.K.x....
00003750: 2046 e4e7 c802 0020 f85d 0008 e05f 0008   F..... .]..._..
00003760: 505d 0008 4c06 0020 70b5 86b0 174b db68  P]..L.. p....K.h
00003770: 33b3 8646 0e46 154b dd7d 112d 00d9 1225  3..F.F.K.}.-...%
00003780: 0df1 040c 124c 0fcc ace8 0f00 2368 acf8  .....L......#h..
00003790: 0030 0e4b 93f8 3320 8df8 0620 93f8 3420  .0.K..3 ... ..4 
000037a0: 8df8 1020 93f8 3530 8df8 1130 2a46 01a9  ... ..50...0*F..
000037b0: def8 0000 fcf7 68fd 3560 0120 06b0 70bd  ......h.5`. ..p.
000037c0: 4ff4 a420 fff7 26fe 0020 f7e7 c802 0020  O.. ..&.. ..... 
000037d0: 5c5c 0008 70b5 8eb0 0546 0c46 2a4b 03f1  \\..p....F.F*K..
000037e0: 1402 92e8 0300 0c90 adf8 3410 0aaa 03f1  ..........4.....
000037f0: 1c01 03c9 82e8 0300 0df1 040e 03f1 240c  ..............$.
00003800: bce8 0f00 aee8 0f00 bce8 0f00 aee8 0f00  ................
00003810: dcf8 0030 cef8 0030 1c4b 0993 1c4b db68  ...0...0.K...K.h
00003820: 7bb1 1b4b 1b7d 13f0 010f 1ed0 184b 5b7d  {..K.}.......K[}
00003830: 6bb9 2b68 0c98 1860 bdf8 3420 9a80 0626  k.+h...`..4 ...&
00003840: 1de0 4ff4 a420 fff7 e5fd 0020 19e0 802b  ..O.. ..... ...+
00003850: 06d1 2a68 0aab 03cb 1060 5160 0826 0ee0  ..*h.....`Q`.&..
00003860: 0c48 fff7 d7fd 0020 0be0 094b de7d 232e  .H..... ...K.}#.
00003870: 00d9 2426 3246 01a9 2868 fcf7 05fd 2660  ..$&2F..(h....&`
00003880: 0120 0eb0 70bd 00bf 5c5c 0008 302e 3031  . ..p...\\..0.01
00003890: c802 0020 0024 0500 30b5 83b0 104b db68  ... .$..0....K.h
000038a0: bbb1 0d46 0e4b dc7d 032c 00d9 0424 0323  ...F.K.}.,...$.#
000038b0: 0193 0b4b 93f8 3130 13b1 8023 8df8 0630  ...K..10...#...0
000038c0: 2246 01a9 0068 fcf7 dffc 2c60 0120 03b0  "F...h....,`. ..
000038d0: 30bd 4ff4 a420 fff7 9dfd 0020 f7e7 00bf  0.O.. ..... ....
000038e0: c802 0020 70b5 88b0 144b db68 fbb1 8646  ... p....K.h...F
000038f0: 0e46 124b dd7e 1a2d 00d9 1b25 0df1 040c  .F.K.~.-...%....
00003900: 0f4c 0fcc ace8 0f00 94e8 0700 ace8 0300  .L..............
00003910: 2cf8 022b 120c 8cf8 0020 2a46 01a9 def8  ,..+..... *F....
00003920: 0000 fcf7 b1fc 3560 0120 08b0 70bd 4ff4  ......5`. ..p.O.
00003930: a420 fff7 6ffd 0020 f7e7 00bf c802 0020  . ..o.. ....... 
00003940: a45c 0008 38b5 194b dc6b b3f8 4020 02fb  .\..8..K.k..@ ..
00003950: 04f4 b4f5 007f 28bf 4ff4 0074 2246 03f1  ......(.O..t"F..
00003960: 4801 986b 00f0 d4fd c8b9 104d 2246 05f1  H..k.......M"F..
00003970: 4801 0f4b 187a fff7 3dfa b5f8 4030 b4fb  H..K.z..=...@0..
00003980: f3f2 ab6b 1344 ab63 eb6b 9b1a eb63 ea6a  ...k.D.c.k...c.j
00003990: 121b ea62 43b9 0322 2a70 0120 03e0 0548  ...bC.."*p. ...H
000039a0: fff7 38fd 0020 38bd 0120 fce7 c802 0020  ..8.. 8.. ..... 
000039b0: 4c06 0020 0011 0400 08b5 254b 93f9 1030  L.. ......%K...0
000039c0: 002b 2ada 224b d868 38b3 214a 517d 937d  .+*."K.h8.!JQ}.}
000039d0: 1b04 43ea 0163 d17d 43ea 0123 117e 0b43  ..C..c.}C..#.~.C
000039e0: 9363 92f8 1ac0 d17e 41ea 0c21 d163 0b44  .c.....~A..!.c.D
000039f0: 526c 9342 17d8 164b b3f8 4030 03fb 01f1  Rl.B...K..@0....
00003a00: 8842 1ed0 1348 fcf7 cdfc 1348 fcf7 5efd  .B...H.....H..^.
00003a10: 1248 fcf7 c7fc 0020 04e0 4ff4 a420 fff7  .H..... ..O.. ..
00003a20: f9fc 0020 08bd 0e48 fff7 f4fc 0948 fcf7  ... ...H.....H..
00003a30: b9fc 0c48 fcf7 4afd 0848 fcf7 b3fc 0020  ...H..J..H..... 
00003a40: f0e7 034b 0222 1a70 fff7 7cff eae7 00bf  ...K.".p..|.....
00003a50: c802 0020 f85d 0008 f45f 0008 505d 0008  ... .]..._..P]..
00003a60: 0021 0500 e05f 0008 08b5 294b 93f9 1030  .!..._....)K...0
00003a70: 002b 33da 264b d868 80b3 2549 4b7d 8a7d  .+3.&K.h..%IK}.}
00003a80: 1204 42ea 0362 cb7d 42ea 0322 0b7e 1a43  ..B..b.}B..".~.C
00003a90: 8a63 91f8 19c0 8b7e 1b04 43ea 0c63 91f8  .c.....~..C..c..
00003aa0: 1bc0 43ea 0c23 91f8 1cc0 43ea 0c03 cb63  ..C..#....C....c
00003ab0: 1a44 496c 8a42 17d8 154a b2f8 4020 02fb  .DIl.B...J..@ ..
00003ac0: 03f3 9842 1ed0 1348 fcf7 6cfc 1248 fcf7  ...B...H..l..H..
00003ad0: fdfc 1248 fcf7 66fc 0020 04e0 4ff4 a420  ...H..f.. ..O.. 
00003ae0: fff7 98fc 0020 08bd 0d48 fff7 93fc 0948  ..... ...H.....H
00003af0: fcf7 58fc 0b48 fcf7 e9fc 0848 fcf7 52fc  ..X..H.....H..R.
00003b00: 0020 f0e7 024b 0222 1a70 fff7 1bff eae7  . ...K.".p......
00003b10: c802 0020 f85d 0008 f45f 0008 505d 0008  ... .]..._..P]..
00003b20: 0021 0500 e05f 0008 38b5 0a4d ec68 a142  .!..._..8..M.h.B
00003b30: 28bf 2146 0323 2b70 ccb2 2246 0146 064b  (.!F.#+p.."F.F.K
00003b40: 187a fff7 57f9 eb6a 1b1b eb62 0023 85f8  .z..W..j...b.#..
00003b50: 3030 38bd c802 0020 4c06 0020 08b5 0749  008.... L.. ...I
00003b60: 074b 4b62 81f8 3000 0423 01f8 243b 0d22  .KKb..0..#..$;."
00003b70: 044b 187a fff7 3ef9 08bd 00bf c802 0020  .K.z..>........ 
00003b80: 5553 4253 4c06 0020 10b5 82b0 6e4b 0193  USBSL.. ....nK..
00003b90: 0023 0093 1f28 49d1 6c4b 9a68 9a62 da68  .#...(I.lK.h.b.h
00003ba0: da62 5b7c 012b 50d8 684b 5a68 684b 9a42  .b[|.+P.hKZhhK.B
00003bb0: 4bd1 664b 9b7c 002b 47d0 102b 45d8 634b  K.fK.|.+G..+E.cK
00003bc0: db7c 5a2b 49d8 5a2b 00f2 a680 dfe8 03f0  .|Z+I.Z+........
00003bd0: 4fa4 a462 a4a4 a4a4 a4a4 a4a4 a4a4 a4a4  O..b............
00003be0: a4a4 68a4 a4a4 a4a4 a4a4 7a6e a4a4 74a4  ..h.......zn..t.
00003bf0: a4a4 a486 a48c a4a4 92a4 9ea4 a4a4 a4b9  ................
00003c00: a4a4 a4a4 a4a4 a4a4 a4a4 a4a4 a4a4 a4a4  ................
00003c10: a4a4 a4a4 a4a4 a4a4 a4a4 a4a4 a4a4 a4a4  ................
00003c20: a4a4 a4a4 a4a4 a4a4 a4a4 8000 4948 fcf7  ............IH..
00003c30: b9fb 4948 fcf7 4afc 4848 fcf7 b3fb 4ff4  ..IH..J.HH....O.
00003c40: a420 fff7 e7fb 0024 04e0 4ff4 a420 fff7  . .....$..O.. ..
00003c50: e1fb 0024 2046 02b0 10bd a82b 50d0 aa2b  ...$ F.....+P..+
00003c60: 5ad1 0021 0846 fff7 29fd 0446 04e0 6946  Z..!.F..)..F..iF
00003c70: 01a8 fff7 ddfb 0446 002c ebd0 334b 1b78  .......F.,..3K.x
00003c80: 002b e7d1 0099 0029 57d0 c9b2 0198 fff7  .+.....)W.......
00003c90: 4bff dfe7 6946 01a8 fff7 66fd 0446 ebe7  K...iF....f..F..
00003ca0: 6946 01a8 fff7 96fd 0446 e5e7 6946 01a8  iF.......F..iF..
00003cb0: fff7 d0fb 0446 dfe7 6946 01a8 fff7 e8fb  .....F..iF......
00003cc0: 0446 d9e7 6946 01a8 fff7 e6fd 0446 d3e7  .F..iF.......F..
00003cd0: 6946 01a8 fff7 06fe 0446 cde7 6946 01a8  iF.......F..iF..
00003ce0: fff7 e8fb 0446 c7e7 6946 01a8 fff7 22fc  .....F..iF....".
00003cf0: 0446 c1e7 0021 0846 fff7 5efe 0446 bbe7  .F...!.F..^..F..
00003d00: 0021 0846 fff7 b0fe 0446 b5e7 0021 0846  .!.F.....F...!.F
00003d10: fff7 84fc 0446 afe7 4ff4 a420 fff7 7afb  .....F..O.. ..z.
00003d20: 0f48 fcf7 3ffb 094b d97c 0e48 fcf7 3afb  .H..?..K.|.H..:.
00003d30: 0a48 fcf7 37fb 0024 8ce7 0020 fff7 0eff  .H..7..$... ....
00003d40: 88e7 0024 86e7 00bf 1003 0020 c802 0020  ...$....... ... 
00003d50: 5553 4243 f85d 0008 2460 0008 505d 0008  USBC.]..$`..P]..
00003d60: 005f 0008 3c60 0008 08b5 124b 1b78 032b  ._..<`.....K.x.+
00003d70: 12d0 042b 14d0 022b 00d0 08bd 0d4b db7c  ...+...+.....K.|
00003d80: 282b 01d0 a82b f8d1 fff7 dcfd 0028 f4d1  (+...+.......(..
00003d90: 0120 fff7 e3fe f0e7 0020 fff7 dffe ece7  . ....... ......
00003da0: 0449 0023 01f8 043b 1f22 034b 1878 fff7  .I.#...;.".K.x..
00003db0: 7bf8 e2e7 c802 0020 4c06 0020 10b5 0a4b  {...... L.. ...K
00003dc0: 1b7c 13b9 084b db68 4bb9 084c 207a fef7  .|...K.hK..L z..
00003dd0: 91ff 1f22 0649 2078 fff7 66f8 10bd 034b  ...".I x..f....K
00003de0: 1878 fef7 87ff f0e7 c802 0020 4c06 0020  .x......... L.. 
00003df0: cc02 0020 10b5 0446 174b 0246 03f1 4801  ... ...F.K.F..H.
00003e00: 986b 00f0 91fb 98b9 134b b3f8 40c0 b4fb  .k.......K..@...
00003e10: fcf0 996b 0144 9963 da6b 121a da63 d86a  ...k.D.c.k...c.j
00003e20: 001b d862 4ab9 0020 fff7 98fe 0120 10bd  ...bJ.. ..... ..
00003e30: 0a48 fff7 effa 0020 f9e7 02fb 0cf2 b2f5  .H..... ........
00003e40: 007f 28bf 4ff4 0072 0549 064b 1878 fff7  ..(.O..r.I.K.x..
00003e50: 2bf8 0120 ebe7 00bf c802 0020 0003 0400  +.. ....... ....
00003e60: 1003 0020 4c06 0020 08b5 144b 1b78 13b1  ... L.. ...K.x..
00003e70: 012b 13d0 08bd 0846 fff7 86fe 0028 f9d1  .+.....F.....(..
00003e80: 0f48 fcf7 8ffa 0d4b d97c 0e48 fcf7 8afa  .H.....K.|.H....
00003e90: 0d48 fcf7 87fa fff7 91ff ebe7 074b db7c  .H...........K.|
00003ea0: 2a2b 01d0 aa2b e5d1 0846 fff7 a3ff 0028  *+...+...F.....(
00003eb0: e0d1 0120 fff7 52fe dce7 00bf c802 0020  ... ..R........ 
00003ec0: f85d 0008 5860 0008 505d 0008 70b5 0446  .]..X`..P]..p..F
00003ed0: 1a4b 0360 0026 4660 8660 194b c360 194d  .K.`.&F`.`.K.`.M
00003ee0: 2970 194b 6b60 2a72 184b eb60 2846 fef7  )p.Kk`*r.K.`(F..
00003ef0: 45fb 05f1 0800 fef7 41fb 154d 4ff4 1272  E.......A..MO..r
00003f00: 3146 2846 fcf7 26f9 05f1 4002 05f1 4401  1F(F..&...@...D.
00003f10: 3046 00f0 f5fa b5f8 4030 b3f5 007f 01d8  0F......@0......
00003f20: 2046 70bd 0b48 fcf7 3dfa 0b48 fcf7 cefa   Fp..H..=..H....
00003f30: 0a48 fcf7 37fa 3446 f2e7 00bf c935 0008  .H..7.4F.....5..
00003f40: a135 0008 4c06 0020 693e 0008 693d 0008  .5..L.. i>..i=..
00003f50: c802 0020 f85d 0008 7460 0008 505d 0008  ... .]..t`..P]..
00003f60: 1a4b 1b78 002b 2ed0 10b5 194b 1b78 abb1  .K.x.+.....K.x..
00003f70: 174b 1b78 2bb3 174b 0022 1a60 164c 2368  .K.x+..K.".`.L#h
00003f80: 0133 2360 0120 00f0 30fb 2368 322b 18d9  .3#`. ..0.#h2+..
00003f90: 0023 2360 0d4a 1370 0120 13e0 0e4b 0022  .##`.J.p. ...K."
00003fa0: 1a60 0c4c 2368 0133 2360 0120 00f0 1dfb  .`.L#h.3#`. ....
00003fb0: 2368 322b 05d9 0023 2360 044a 1370 0120  #h2+...##`.J.p. 
00003fc0: 00e0 0220 10bd 0320 7047 00bf 5c06 0020  ... ... pG..\.. 
00003fd0: 5d06 0020 6006 0020 6406 0020 10b5 464b  ].. `.. d.. ..FK
00003fe0: 1b68 464a 9342 13d0 454a 9342 17d0 00f0  .hFJ.B..EJ.B....
00003ff0: b1fb 00f0 11fc 0028 52d1 0020 00f0 56fb  .......(R.. ..V.
00004000: 0028 53d0 3c4b 3d4a 1a60 00f0 01fb fee7  .(S.<K=J.`......
00004010: 394b 3c4a 1a60 3c48 00f0 ecfa fee7 364b  9K<J.`<H......6K
00004020: 384a 1a60 00f0 96fb 00f0 8ffb 0024 fef7  8J.`.........$..
00004030: c7fa a8b9 0120 00f0 d8fa 0134 a4b2 4ef6  ..... .....4..N.
00004040: 6023 9c42 f3d9 2c4b 2e4a 1a60 0a20 00f0  `#.B..,K.J.`. ..
00004050: ccfa 00f0 ddfa e9e7 0020 00f0 27fb c8b9  ......... ..'...
00004060: fff7 7eff 0128 f7d0 0228 f9d0 0328 f7d1  ..~..(...(...(..
00004070: 0120 00f0 bafa 0134 a4b2 4ef6 6023 9c42  . .....4..N.`#.B
00004080: eed9 0024 1c4b 1c60 0a20 00f0 aefa 00f0  ...$.K.`. ......
00004090: bffa e5e7 184b 194a 1a60 00f0 b9fa fee7  .....K.J.`......
000040a0: 154b 174a 1a60 00f0 b3fa a6e7 00f0 52fb  .K.J.`........R.
000040b0: 00f0 4bfb 0024 fef7 83fa 70b9 0120 00f0  ..K..$....p.. ..
000040c0: 94fa 0134 a4b2 4ef6 6023 9c42 f3d9 0a20  ...4..N.`#.B... 
000040d0: 00f0 8bfa 00f0 9cfa ece7 fff7 41ff 0128  ............A..(
000040e0: fbd1 0020 00f0 e2fa 0028 f6d0 024b 034a  ... .....(...K.J
000040f0: 1a60 00f0 8dfa fee7 004c 0020 20a5 03c9  .`.......L.  ...
00004100: 34b1 20c2 efbe adde 0070 0008 0023 4ff0  4. ......p...#O.
00004110: 020c 022b 27d8 00b5 12e0 0020 0244 92b2  ...+'...... .D..
00004120: 6244 1ffa 82fc 0cf1 ff3e 01eb 4101 c800  bD.......>..A...
00004130: 0d4a 0244 a2f8 16e0 0133 9bb2 022b 10d8  .J.D.....3...+..
00004140: 1946 03eb 4300 c200 0748 1044 a0f8 14c0  .F..C....H.D....
00004150: 0069 c0f3 4f22 c0f3 0800 0028 ddd0 0120  .i..O".....(... 
00004160: dce7 5df8 04fb 7047 6400 0020 0146 4ff6  ..]...pGd.. .FO.
00004170: ef73 9842 16d8 0020 00e0 0130 0228 0fd8  .s.B... ...0.(..
00004180: 00eb 4003 084a 02eb c303 9b8a 8b42 f4d8  ..@..J.......B..
00004190: 00eb 4003 02eb c303 db8a 8b42 edd3 02e0  ..@........B....
000041a0: 0220 7047 0220 7047 6400 0020 08b5 00f0  . pG. pGd.. ....
000041b0: f5f9 044b 1860 000a 4002 034b 1864 fff7  ...K.`..@..K.d..
000041c0: a5ff 08bd 6806 0020 6400 0020 0023 9342  ....h.. d.. .#.B
000041d0: 0fda 10b4 05e0 2024 0470 0130 0133 9342  ...... $.p.0.3.B
000041e0: 05da 0c78 002c f6d0 0131 0470 f5e7 10bc  ...x.,...1.p....
000041f0: 7047 7047 2de9 f041 0546 0c46 4ff4 0072  pGpG-..A.F.FO..r
00004200: 0021 2046 fbf7 a6ff e5b9 784e 2546 06f1  .! F......xN%F..
00004210: 3007 b446 bce8 0f00 2860 6960 aa60 eb60  0..F....(`i`.`.`
00004220: 6646 1035 bc45 f4d1 07ce 2860 6960 aa60  fF.5.E....(`i`.`
00004230: 3388 ab81 5523 84f8 fe31 aa23 84f8 ff31  3...U#...1.#...1
00004240: bde8 f081 b5f5 017f 37d8 6e1e b6f5 817f  ........7.n.....
00004250: 01d3 a5f2 0316 3102 654b b3f8 4600 0130  ......1.eK..F..0
00004260: 0023 04e0 0132 24f8 1320 0133 9bb2 ff2b  .#...2$.. .3...+
00004270: 06d8 5a18 9042 f5d8 0022 24f8 1320 f4e7  ..Z..B..."$.. ..
00004280: 36b9 f823 2370 ff23 6370 4ff6 ff73 6380  6..##p.#cpO..sc.
00004290: 0023 00e0 0133 022b d2d8 03eb 4302 5448  .#...3.+....C.TH
000042a0: 00eb c202 d28a 9142 f4d8 521a ff2a f1d8  .......B..R..*..
000042b0: 4ff6 ff70 24f8 1200 ece7 b5f5 027f 44d8  O..p$.........D.
000042c0: a5f2 0525 1db1 2d01 013d 1027 10e0 0b22  ...%..-..=.'..."
000042d0: 4849 2046 fff7 7aff 2823 e372 2034 0f27  HI F..z.(#.r 4.'
000042e0: 06e0 454b 1b68 1b0a 5b02 e361 0135 2034  ..EK.h..[..a.5 4
000042f0: 002f a5d0 022d a3d8 05eb 4506 3c4b 03eb  ./...-....E.<K..
00004300: c606 b6f8 1480 0b22 3146 2046 fff7 5eff  ......."1F F..^.
00004310: 0023 6373 4020 a073 6ff0 4901 e173 6ff0  .#cs@ .so.I..so.
00004320: 3102 2274 5823 6374 a274 e374 4fea 184c  1."tX#ct.t.tO..L
00004330: a4f8 14c0 a075 e175 2276 6376 a4f8 1a80  .....u.u"vcv....
00004340: f368 002b cdd0 3369 cfe7 2c4b 9d42 3ff6  .h.+..3i..,K.B?.
00004350: 77af a5f2 0926 a5f2 0720 fff7 07ff 00eb  w....&... ......
00004360: 4002 234b 03eb c203 9b8a f31a 0233 0228  @.#K.........3.(
00004370: 18d0 5d02 1146 1e4a 02eb c102 1269 b2eb  ..]..F.J.....i..
00004380: 432f 7ff6 5daf 1a4b 03eb c100 c168 2944  C/..]..K.....h)D
00004390: 521b b2f5 007f 01d9 4ff4 0072 2046 fbf7  R.......O..r F..
000043a0: 73ff 4de7 1802 144a 1268 b2eb 032f 7ff6  s.M....J.h.../..
000043b0: 47af 1349 2160 01f1 1441 01f5 2c11 01f6  G..I!`...A..,...
000043c0: 0231 6160 0f49 c4f8 fc11 6361 120a a261  .1a`.I....ca...a
000043d0: e060 4ff4 8072 2261 4ff4 0053 a360 0a4b  .`O..r"aO..S.`.K
000043e0: e361 04f1 2001 00f0 dcf8 29e7 9060 0008  .a.. .....)..`..
000043f0: 6400 0020 bb60 0008 6806 0020 0801 0100  d.. .`..h.. ....
00004400: 5546 320a 306f b10a 03f1 cdab 38b5 0c46  UF2.0o......8..F
00004410: 1546 0a68 374b 9a42 38d0 0023 002b 5cd0  .F.h7K.B8..#.+\.
00004420: e269 354b 9a42 5bd1 2269 04f1 2001 e068  .i5K.B[."i.. ..h
00004430: 00f0 bcf8 a369 002b 55d0 2a68 9342 08d0  .....i.+U.*h.B..
00004440: 44f2 6301 8b42 01d8 002a 3fd0 4ff0 ff33  D.c..B...*?.O..3
00004450: 2b60 6369 44f2 6302 9342 47d8 03f0 0701  +`ciD.c..BG.....
00004460: 0122 8a40 d0b2 d908 05eb d303 5b7a 1a42  .".@........[z.B
00004470: 05d1 2944 0343 4b72 6b68 0133 6b60 6a68  ..)D.CKrkh.3k`jh
00004480: 2b68 9a42 24d2 4ff4 0070 2ee0 4a68 03f1  +h.B$.O..p..Jh..
00004490: 1443 03f5 2c13 03f6 0233 9a42 01d0 0023  .C..,....3.B...#
000044a0: bce7 d1f8 fc21 154b 9a42 01d0 0023 b5e7  .....!.K.B...#..
000044b0: 8b68 23f4 ff53 23f0 1e03 9b04 9b0c b3f5  .h#..S#.........
000044c0: 005f 01d0 0023 a9e7 0123 a7e7 2b60 c0e7  ._...#...#..+`..
000044d0: 00f0 8af8 4ff4 0070 07e0 4ff0 ff30 04e0  ....O..p..O..0..
000044e0: 4ff0 ff30 01e0 4ff4 0070 38bd 4ff4 0070  O..0..O..p8.O..p
000044f0: fbe7 00bf 5546 320a 03f1 cdab 306f b10a  ....UF2.....0o..
00004500: 024b 0b60 4ff4 0073 1380 7047 0901 0100  .K.`O..s..pG....
00004510: 08b5 044b 9842 01d9 0020 08bd fff7 6afe  ...K.B... ....j.
00004520: fae7 00bf 0801 0100 08b5 0b4b 9842 0cd9  ...........K.B..
00004530: 0a4b 1b68 3bb1 0a4b 0122 1a70 094a 1378  .K.h;..K.".p.J.x
00004540: 83f0 0103 1370 0020 08bd 044a 0020 fff7  .....p. ...J. ..
00004550: 5dff 054b 1870 ebe7 0801 0100 6c06 0020  ]..K.p......l.. 
00004560: 5c06 0020 5d06 0020 a00e 0020 08b5 0648  \.. ].. ... ...H
00004570: fdf7 daff 8122 0221 0448 fff7 a7fc fdf7  .....".!.H......
00004580: edff fef7 27f8 08bd c861 0008 840e 0020  ....'....a..... 
00004590: 08b5 fff7 0bfe fff7 e9ff 08bd 4ff4 8030  ............O..0
000045a0: 7047 08b5 00f0 caf8 08bd 0000 0d4b 9842  pG...........K.B
000045b0: 17d3 70b5 0446 0d46 1646 0146 2846 fbf7  ..p..F.F.F.F(F..
000045c0: 33fe 38b1 c4f3 0903 2bb1 3246 2946 2046  3.8.....+.2F)F F
000045d0: 00f0 a0f8 70bd 4ff4 8061 2046 00f0 88f8  ....p.O..a F....
000045e0: f3e7 7047 0070 0008 7047 08b5 00f0 a8f9  ..pG.p..pG......
000045f0: 08bd 0000 08b5 044b 5a68 0449 8b60 1b68  .......KZh.I.`.h
00004600: 83f3 0888 9047 08bd 0070 0008 00ed 00e0  .....G...p......
00004610: 08b5 214c 2046 00f0 23f9 2046 00f0 2af9  ..!L F..#. F..*.
00004620: 04f5 da34 e369 23f4 0003 e361 1420 00f0  ...4.i#....a. ..
00004630: c7ff 1a48 01f0 c7f9 a369 23f4 8043 a361  ...H.....i#..C.a
00004640: 174d 4ff4 c061 2846 00f0 dcfe 4ff4 c051  .MO..a(F....O..Q
00004650: 2846 00f0 d7fe a369 23f0 0403 a361 a369  (F.....i#....a.i
00004660: 23f0 0803 a361 a369 23f0 1003 a361 a369  #....a.i#....a.i
00004670: 23f0 2003 a361 00f0 8df9 00f0 07f9 bff3  #. ..a..........
00004680: 4f8f 0849 ca68 02f4 e062 074b 1343 cb60  O..I.h...b.K.C.`
00004690: bff3 4f8f 00bf fde7 005c 0040 3805 0020  ..O......\.@8.. 
000046a0: 0008 0140 00ed 00e0 0400 fa05 0e4b 1b68  ...@.........K.h
000046b0: b3f1 005f 0fd3 0c4b 1a68 0c4b 9a42 0cd8  ..._...K.h.K.B..
000046c0: 094b 5a68 9a42 0ad3 5a68 03f5 8033 9a42  .KZh.B..Zh...3.B
000046d0: 07d8 0120 7047 0020 7047 0020 7047 0020  ... pG. pG. pG. 
000046e0: 7047 0020 7047 00bf 0070 0008 0050 0020  pG. pG...p...P. 
000046f0: 10b5 86b0 0446 00f0 cfff 0023 0193 0394  .....F.....#....
00004700: 0123 0493 05a9 01a8 01f0 92f8 00f0 deff  .#..............
00004710: 06b0 10bd f8b5 0746 0e46 1546 00f0 bcff  .......F.F.F....
00004720: 0024 06e0 3259 0023 e119 0220 01f0 0cf8  .$..2Y.#... ....
00004730: 0434 ac42 f6d3 00f0 c9ff f8bd 08b5 0b46  .4.B...........F
00004740: 0146 1846 fbf7 a0fd 08bd 08b5 fff7 20ff  .F.F.......... .
00004750: 08bd 0000 30b5 89b0 2b4b 5b68 13f0 020f  ....0...+K[h....
00004760: 4dd1 00f0 c9f8 fdf7 e9fa 284c a369 43f0  M.........(L.iC.
00004770: 2003 a361 a369 03f0 2003 0193 019b a369   ..a.i.. ......i
00004780: 43f0 0403 a361 a369 03f0 0403 0293 029b  C....a.i........
00004790: fdf7 18fb 1e4d 2846 00f0 62f8 2846 00f0  .....M(F..b.(F..
000047a0: 69f8 e369 23f4 0003 e361 1420 00f0 08ff  i..i#....a. ....
000047b0: 0025 0495 0595 0695 0795 a369 43f0 0403  .%.........iC...
000047c0: a361 a369 03f0 0403 0393 039b a4f5 8434  .a.i...........4
000047d0: 2a46 4ff4 8051 2046 00f0 94fe 4ff4 8053  *FO..Q F....O..S
000047e0: 0493 0123 0593 0695 0223 0793 04a9 2046  ...#.....#.... F
000047f0: 00f0 f6fc 0a20 fff7 f8fe 09b0 30bd 0548  ..... ......0..H
00004800: fff7 f8fe ade7 00bf 0070 0040 0010 0240  .........p.@...@
00004810: 005c 0040 0070 0008 0d4b 1b68 0d4a 9342  .\.@.p...K.h.J.B
00004820: 0dd0 0d4a 9342 0ed0 10b5 094c 0a4b 2360  ...J.B.....L.K#`
00004830: 6420 fff7 dafe 094b 2360 0020 10bd 0020  d .....K#`. ... 
00004840: 034b 1860 7047 024b 0022 1a60 0120 7047  .K.`pG.K.".`. pG
00004850: 004c 0020 ef69 26f0 ef69 16f0 efbe adde  .L. .i&..i......
00004860: b0f8 4030 23f4 7c53 5b04 5b0c a0f8 4030  ..@0#.|S[.[...@0
00004870: 0020 7047 0346 0122 a0f8 4020 0020 a3f8  . pG.F."..@ . ..
00004880: 4400 0322 a3f8 4020 7047 7047 10b5 064b  D.."..@ pGpG...K
00004890: 4ff0 ff32 da60 0024 1c61 da60 dc60 fff7  O..2.`.$.a.`.`..
000048a0: f4ff 2046 10bd 00bf 0010 0240 10b5 0446  .. F.......@...F
000048b0: 0e4b 1878 4ff4 7a73 b3fb f0f3 0c4a 1068  .K.xO.zs.....J.h
000048c0: b0fb f3f0 00f0 8efe 68b9 0f2c 01d9 0120  ........h..,... 
000048d0: 0ae0 0022 2146 4ff0 ff30 00f0 2bfe 054b  ..."!FO..0..+..K
000048e0: 1c60 0020 00e0 0120 10bd 00bf ac00 0020  .`. ... ....... 
000048f0: b400 0020 b000 0020 08b5 074a 1368 43f0  ... ... ...J.hC.
00004900: 1003 1360 0320 00f0 03fe 0f20 fff7 ceff  ...`. ..... ....
00004910: 01f0 12f9 0020 08bd 0020 0240 034a 1168  ..... ... .@.J.h
00004920: 034b 1b78 0b44 1360 7047 00bf a40e 0020  .K.x.D.`pG..... 
00004930: ac00 0020 014b 1868 7047 00bf a40e 0020  ... .K.hpG..... 
00004940: 38b5 0446 fff7 f6ff 0546 b4f1 ff3f 02d0  8..F.....F...?..
00004950: 044b 1b78 1c44 fff7 edff 401b a042 fad3  .K.x.D....@..B..
00004960: 38bd 00bf ac00 0020 82b0 084b 1b68 084a  8...... ...K.h.J
00004970: a2fb 0323 5b0a 00fb 03f3 0193 00bf 019b  ...#[...........
00004980: 5a1e 0192 002b f9d1 02b0 7047 b400 0020  Z....+....pG... 
00004990: d34d 6210 70b5 fff7 cdff 0446 364a 1368  .Mb.p......F6J.h
000049a0: 43f0 0103 1360 344b 1b68 13f0 020f 07d1  C....`4K.h......
000049b0: fff7 c0ff 001b 0228 f5d9 0324 2046 70bd  .......(...$ Fp.
000049c0: 2d4d 2b68 23f0 f803 43f0 8003 2b60 fff7  -M+h#...C...+`..
000049d0: b1ff 0446 0023 6b60 274b 5b68 13f0 0c0f  ...F.#k`'K[h....
000049e0: 08d0 fff7 a7ff 001b 41f2 8833 9842 f3d9  ........A..3.B..
000049f0: 0324 e3e7 214b 224a 1a60 224b 1868 fff7  .$..!K"J.`"K.h..
00004a00: 55ff 0446 08b1 0124 d8e7 fff7 93ff 0546  U..F...$.......F
00004a10: 194a 1368 23f0 8073 1360 174b 1b68 13f0  .J.h#..s.`.K.h..
00004a20: 007f 06d0 fff7 86ff 401b 0228 f5d9 0324  ........@..(...$
00004a30: c4e7 114e 0023 7360 fff7 7cff 0546 3368  ...N.#s`..|..F3h
00004a40: 23f4 1023 3360 0c4b 1b68 13f4 003f 06d0  #..#3`.K.h...?..
00004a50: fff7 70ff 401b 6428 f5d9 0324 aee7 064b  ..p.@.d(...$...K
00004a60: 1a68 22f4 8022 1a60 5a6a 42f0 8072 5a62  .h"..".`ZjB..rZb
00004a70: 0022 9a60 a2e7 00bf 0010 0240 b400 0020  .".`.......@... 
00004a80: 0012 7a00 b000 0020 0028 00f0 f181 70b5  ..z.... .(....p.
00004a90: 82b0 0446 0368 13f0 010f 2cd0 994b 5b68  ...F.h....,..K[h
00004aa0: 03f0 0c03 042b 1dd0 964b 5b68 03f0 0c03  .....+...K[h....
00004ab0: 082b 12d0 6368 b3f5 803f 41d0 002b 55d1  .+..ch...?A..+U.
00004ac0: 03f1 8043 03f5 0433 1a68 22f4 8032 1a60  ...C...3.h"..2.`
00004ad0: 1a68 22f4 8022 1a60 37e0 8a4b 5b68 13f4  .h"..".`7..K[h..
00004ae0: 803f e7d0 874b 1b68 13f4 003f 03d0 6368  .?...K.h...?..ch
00004af0: 002b 00f0 bf81 2368 13f0 020f 75d0 814b  .+....#h....u..K
00004b00: 5b68 13f0 0c0f 5fd0 7e4b 5b68 03f0 0c03  [h...._.~K[h....
00004b10: 082b 54d0 2369 002b 00f0 8a80 7a4b 0122  .+T.#i.+....zK."
00004b20: 1a60 fff7 07ff 0546 764b 1b68 13f0 020f  .`.....FvK.h....
00004b30: 75d1 fff7 fffe 401b 0228 f5d9 0320 9ee1  u.....@..(... ..
00004b40: 704a 1368 43f4 8033 1360 6368 43b3 fff7  pJ.hC..3.`chC...
00004b50: f1fe 0546 6b4b 1b68 13f4 003f cbd1 fff7  ...FkK.h...?....
00004b60: e9fe 401b 6428 f5d9 0320 88e1 b3f5 a02f  ..@.d(... ...../
00004b70: 09d0 644b 1a68 22f4 8032 1a60 1a68 22f4  ..dK.h"..2.`.h".
00004b80: 8022 1a60 e1e7 03f1 8043 a3f5 3c33 1a68  .".`.....C..<3.h
00004b90: 42f4 8022 1a60 1a68 42f4 8032 1a60 d4e7  B..".`.hB..2.`..
00004ba0: fff7 c8fe 0546 574b 1b68 13f4 003f a2d0  .....FWK.h...?..
00004bb0: fff7 c0fe 401b 6428 f5d9 0320 5fe1 514b  ....@.d(... _.QK
00004bc0: 5b68 13f4 803f a5d1 4e4b 1b68 13f0 020f  [h...?..NK.h....
00004bd0: 03d0 2369 012b 40f0 4f81 4a4a 1368 23f0  ..#i.+@.O.JJ.h#.
00004be0: f803 6169 43ea c103 1360 2368 13f0 080f  ..aiC....`#h....
00004bf0: 33d0 a369 002b 5cd0 434b 0122 c3f8 8024  3..i.+\.CK."...$
00004c00: fff7 98fe 0546 3f4b 5b6a 13f0 020f 21d1  .....F?K[j....!.
00004c10: fff7 90fe 401b 0228 f5d9 0320 2fe1 394a  ....@..(... /.9J
00004c20: 1368 23f0 f803 6169 43ea c103 1360 dce7  .h#...aiC....`..
00004c30: 354b 0022 1a60 fff7 7dfe 0546 314b 1b68  5K.".`..}..F1K.h
00004c40: 13f0 020f d1d0 fff7 75fe 401b 0228 f5d9  ........u.@..(..
00004c50: 0320 14e1 0120 fff7 87fe 2368 13f0 040f  . ... ....#h....
00004c60: 00f0 9680 274b db69 13f0 805f 34d1 254b  ....'K.i..._4.%K
00004c70: da69 42f0 8052 da61 db69 03f0 8053 0193  .iB..R.a.i...S..
00004c80: 019b 0125 214b 1b68 13f4 807f 26d0 e368  ...%!K.h....&..h
00004c90: 012b 3dd0 002b 53d1 03f1 8043 03f5 0433  .+=..+S....C...3
00004ca0: 1a6a 22f0 0102 1a62 1a6a 22f0 0402 1a62  .j"....b.j"....b
00004cb0: 33e0 154b 0022 c3f8 8024 fff7 3bfe 0546  3..K."...$..;..F
00004cc0: 104b 5b6a 13f0 020f c7d0 fff7 33fe 401b  .K[j........3.@.
00004cd0: 0228 f5d9 0320 d2e0 0025 d3e7 0b4a 1368  .(... ...%...J.h
00004ce0: 43f4 8073 1360 fff7 25fe 0646 074b 1b68  C..s.`..%..F.K.h
00004cf0: 13f4 807f cbd1 fff7 1dfe 801b 6428 f5d9  ............d(..
00004d00: 0320 bce0 0010 0240 0000 4242 0070 0040  . .....@..BB.p.@
00004d10: 5f4a 136a 43f0 0103 1362 e368 33b3 fff7  _J.jC....b.h3...
00004d20: 09fe 0646 5a4b 1b6a 13f0 020f 2fd1 fff7  ...FZK.j..../...
00004d30: 01fe 801b 41f2 8833 9842 f3d9 0320 9ee0  ....A..3.B... ..
00004d40: 052b 09d0 524b 1a6a 22f0 0102 1a62 1a6a  .+..RK.j"....b.j
00004d50: 22f0 0402 1a62 e0e7 4d4b 1a6a 42f0 0402  "....b..MK.jB...
00004d60: 1a62 1a6a 42f0 0102 1a62 d6e7 fff7 e2fd  .b.jB....b......
00004d70: 0646 474b 1b6a 13f0 020f 08d0 fff7 dafd  .FGK.j..........
00004d80: 801b 41f2 8833 9842 f3d9 0320 77e0 e5b9  ..A..3.B... w...
00004d90: e369 002b 72d0 3e4a 5268 02f0 0c02 082a  .i.+r.>JRh.....*
00004da0: 56d0 022b 17d0 3b4b 0022 1a66 fff7 c2fd  V..+..;K.".f....
00004db0: 0446 374b 1b68 13f0 007f 47d0 fff7 bafd  .F7K.h....G.....
00004dc0: 001b 0228 f5d9 0320 59e0 314a d369 23f0  ...(... Y.1J.i#.
00004dd0: 8053 d361 dce7 2f4b 0022 1a66 fff7 aafd  .S.a../K.".f....
00004de0: 0546 2b4b 1b68 13f0 007f 06d0 fff7 a2fd  .F+K.h..........
00004df0: 401b 0228 f5d9 0320 41e0 236a b3f5 803f  @..(... A.#j...?
00004e00: 1ad0 2349 4b68 23f4 7413 226a 606a 0243  ..#IKh#.t."j`j.C
00004e10: 1343 4b60 1f4b 0122 1a66 fff7 8bfd 0446  .CK`.K.".f.....F
00004e20: 1b4b 1b68 13f0 007f 0ed1 fff7 83fd 001b  .K.h............
00004e30: 0228 f5d9 0320 22e0 154a 5368 23f4 0033  .(... "..JSh#..3
00004e40: a168 0b43 5360 dce7 0020 18e0 0020 16e0  .h.CS`... ... ..
00004e50: 012b 16d0 0e4b 5b68 03f4 8031 226a 9142  .+...K[h...1"j.B
00004e60: 11d1 03f4 7013 626a 9342 0ed1 0020 06e0  ....p.bj.B... ..
00004e70: 0120 7047 0120 02e0 0120 00e0 0020 02b0  . pG. ... ... ..
00004e80: 70bd 0120 fbe7 0120 f9e7 0120 f7e7 00bf  p.. ... ... ....
00004e90: 0010 0240 0000 4242 86b0 184b 0fcb 0df1  ...@..BB...K....
00004ea0: 180c 0ce9 0f00 40f2 0123 adf8 0430 144b  ......@..#...0.K
00004eb0: 5a68 02f0 0c03 042b 1ad0 082b 1ad1 c2f3  Zh.....+...+....
00004ec0: 8343 6344 13f8 100c 12f4 803f 0cd0 0c4b  .CcD.......?...K
00004ed0: 5b68 c3f3 4043 6344 13f8 143c 094a 02fb  [h..@CcD...<.J..
00004ee0: 00f0 b0fb f3f0 06e0 074b 03fb 00f0 02e0  .........K......
00004ef0: 0448 00e0 0548 06b0 7047 00bf 4862 0008  .H...H..pG..Hb..
00004f00: 0010 0240 0024 f400 0009 3d00 0012 7a00  ...@.$....=...z.
00004f10: 0028 00f0 a080 70b5 0d46 0446 524b 1b68  .(....p..F.FRK.h
00004f20: 03f0 0703 8b42 0bd2 4f4a 1368 23f0 0703  .....B..OJ.h#...
00004f30: 0b43 1360 1368 03f0 0703 8b42 40f0 8d80  .C.`.h.....B@...
00004f40: 2368 13f0 020f 17d0 13f0 040f 04d0 474a  #h............GJ
00004f50: 5368 43f4 e063 5360 2368 13f0 080f 04d0  ShC..cS`#h......
00004f60: 424a 5368 43f4 6053 5360 404a 5368 23f0  BJShC.`SS`@JSh#.
00004f70: f003 a168 0b43 5360 2368 13f0 010f 31d0  ...h.CS`#h....1.
00004f80: 6368 012b 20d0 022b 25d0 384a 1268 12f0  ch.+ ..+%.8J.h..
00004f90: 020f 64d0 3549 4a68 22f0 0302 1343 4b60  ..d.5IJh"....CK`
00004fa0: fff7 c8fc 0646 314b 5b68 03f0 0c03 6268  .....F1K[h....bh
00004fb0: b3eb 820f 16d0 fff7 bdfc 801b 41f2 8833  ............A..3
00004fc0: 9842 f0d9 0320 45e0 284a 1268 12f4 003f  .B... E.(J.h...?
00004fd0: e0d1 0120 3ee0 254a 1268 12f0 007f d9d1  ... >.%J.h......
00004fe0: 0120 37e0 204b 1b68 03f0 0703 ab42 0ad9  . 7. K.h.....B..
00004ff0: 1d4a 1368 23f0 0703 2b43 1360 1368 03f0  .J.h#...+C.`.h..
00005000: 0703 ab42 2dd1 2368 13f0 040f 06d0 174a  ...B-.#h.......J
00005010: 5368 23f4 e063 e168 0b43 5360 2368 13f0  Sh#..c.h.CS`#h..
00005020: 080f 07d0 114a 5368 23f4 6053 2169 43ea  .....JSh#.`S!iC.
00005030: c103 5360 fff7 30ff 0c4b 5b68 c3f3 0313  ..S`..0..K[h....
00005040: 0b4a d35c d840 0b4b 1860 0b4b 1868 fff7  .J.\.@.K.`.K.h..
00005050: 2dfc 0020 70bd 0120 7047 0120 fae7 0120  -.. p.. pG. ... 
00005060: f8e7 0120 f6e7 00bf 0020 0240 0010 0240  ... ..... .@...@
00005070: 7462 0008 b400 0020 b000 0020 014b 1868  tb..... ... .K.h
00005080: 7047 00bf b400 0020 08b5 fff7 f7ff 044b  pG..... .......K
00005090: 5b68 c3f3 0223 034a d35c d840 08bd 00bf  [h...#.J.\.@....
000050a0: 0010 0240 8462 0008 08b5 fff7 e7ff 044b  ...@.b.........K
000050b0: 5b68 c3f3 c223 034a d35c d840 08bd 00bf  [h...#.J.\.@....
000050c0: 0010 0240 8462 0008 70b5 82b0 0446 0368  ...@.b..p....F.h
000050d0: 13f0 010f 36d0 3f4b db69 13f0 805f 49d1  ....6.?K.i..._I.
000050e0: 3c4b da69 42f0 8052 da61 db69 03f0 8053  <K.iB..R.a.i...S
000050f0: 0193 019b 0125 384b 1b68 13f4 807f 3bd0  .....%8K.h....;.
00005100: 344b 1b6a 13f4 4073 13d0 6268 02f4 4072  4K.j..@s..bh..@r
00005110: 9a42 0ed0 2f4a 136a 23f4 4070 2f49 0126  .B../J.j#.@p/I.&
00005120: c1f8 4064 0026 c1f8 4064 1062 13f0 010f  ..@d.&..@d.b....
00005130: 36d1 284a 136a 23f4 4073 6168 0b43 1362  6.(J.j#.@sah.C.b
00005140: 002d 3ed1 2368 13f0 020f 06d0 214a 5368  .->.#h......!JSh
00005150: 23f4 4043 a168 0b43 5360 2368 13f0 100f  #.@C.h.CS`#h....
00005160: 34d0 1c4a 5368 23f4 8003 e168 0b43 5360  4..JSh#....h.CS`
00005170: 0020 2ce0 0025 bee7 174a 1368 43f4 8073  . ,..%...J.hC..s
00005180: 1360 fff7 d7fb 0646 134b 1b68 13f4 807f  .`.....F.K.h....
00005190: b6d1 fff7 cffb 801b 6428 f5d9 0320 16e0  ........d(... ..
000051a0: fff7 c8fb 0646 0b4b 1b6a 13f0 020f c0d1  .....F.K.j......
000051b0: fff7 c0fb 801b 41f2 8833 9842 f3d9 0320  ......A..3.B... 
000051c0: 05e0 d369 23f0 8053 d361 bbe7 0020 02b0  ...i#..S.a... ..
000051d0: 70bd 00bf 0010 0240 0070 0040 0000 4242  p......@.p.@..BB
000051e0: 70b5 82b0 0024 a446 a6e0 804d aa42 10d0  p....$.F...M.B..
000051f0: 07d9 7f4d aa42 0cd0 05f5 8035 aa42 08d0  ...M.B.....5.B..
00005200: 13e0 a5f5 8015 aa42 03d0 05f5 7025 aa42  .......B....p%.B
00005210: 07d1 8a68 002a 58d0 012a 51d0 4361 0824  ...h.*X..*Q.Ca.$
00005220: 03e0 a5f5 8015 aa42 f3d0 bef1 ff0f 4ed8  .......B......N.
00005230: 0646 bef1 ff0f 4cd8 4fea 8c02 3368 0f25  .F....L.O...3h.%
00005240: 9540 23ea 0503 04fa 02f2 1343 3360 4b68  .@#........C3`Kh
00005250: 13f0 805f 6ed0 674b 9a69 42f0 0102 9a61  ..._n.gK.iB....a
00005260: 9b69 03f0 0103 0193 019b 4fea 9c02 951c  .i........O.....
00005270: 614b 53f8 2560 0cf0 0303 9d00 0f23 ab40  aKS.%`.......#.@
00005280: 26ea 0306 5d4b 9842 29d0 03f5 8063 9842  &...]K.B)....c.B
00005290: 00f0 8e80 03f5 8063 9842 00f0 8b80 03f5  .......c.B......
000052a0: 8063 9842 19d0 0423 1ae0 cc68 bde7 cc68  .c.B...#...h...h
000052b0: 0434 bae7 cc68 0834 b7e7 cc68 0c34 b4e7  .4...h.4...h.4..
000052c0: 0361 0824 b1e7 0024 afe7 0424 ade7 061d  .a.$...$...$....
000052d0: afe7 acf1 0802 9200 b0e7 0323 00e0 0023  ...........#...#
000052e0: ab40 3343 0232 444d 45f8 2230 4b68 13f4  .@3C.2DME."0Kh..
000052f0: 803f 61d0 424a 1368 43ea 0e03 1360 4b68  .?a.BJ.hC....`Kh
00005300: 13f4 003f 5ed0 3e4a 5368 43ea 0e03 5360  ...?^.>JShC...S`
00005310: 4b68 13f4 801f 5bd0 394a 9368 43ea 0e03  Kh....[.9J.hC...
00005320: 9360 4b68 13f4 001f 58d0 354a d368 43ea  .`Kh....X.5J.hC.
00005330: 0e03 d360 0cf1 010c 0a68 32fa 0cf3 53d0  ...`.....h2...S.
00005340: 0123 03fa 0cf3 02ea 030e 33ea 0202 f1d1  .#........3.....
00005350: 4a68 122a 3ff6 49af 122a 3ff6 66af 01a5  Jh.*?.I..*?.f...
00005360: 55f8 22f0 1352 0008 ab52 0008 b552 0008  U."..R...R...R..
00005370: c752 0008 2b52 0008 2b52 0008 2b52 0008  .R..+R..+R..+R..
00005380: 2b52 0008 2b52 0008 2b52 0008 2b52 0008  +R..+R..+R..+R..
00005390: 2b52 0008 2b52 0008 2b52 0008 2b52 0008  +R..+R..+R..+R..
000053a0: 2b52 0008 2b52 0008 af52 0008 bb52 0008  +R..+R...R...R..
000053b0: 0123 95e7 0223 93e7 114a 1368 23ea 0e03  .#...#...J.h#...
000053c0: 1360 9ce7 0e4a 5368 23ea 0e03 5360 9fe7  .`...JSh#...S`..
000053d0: 0b4a 9368 23ea 0e03 9360 a2e7 084a d368  .J.h#....`...J.h
000053e0: 23ea 0e03 d360 a5e7 02b0 70bd 0000 2210  #....`....p...".
000053f0: 0000 3110 0010 0240 0000 0140 0008 0140  ..1....@...@...@
00005400: 0004 0140 0022 6de0 0325 00e0 0025 05fa  ...@."m..%...%..
00005410: 04f4 6445 42d0 ff2b 5bd8 0646 ff2b 5ad8  ..dEB..+[..F.+Z.
00005420: 9500 3468 4ff0 0f0e 0efa 05fe 24ea 0e04  ..4hO.......$...
00005430: 4ff0 040c 0cfa 05fc 44ea 0c04 3460 c468  O.......D...4`.h
00005440: 24ea 0303 c360 0132 31fa 02f3 48d0 0123  $....`.21...H..#
00005450: 9340 0b40 f7d0 4fea 920e 0ef1 0205 264c  .@.@..O.......&L
00005460: 54f8 2550 02f0 0304 a400 0f26 a640 06ea  T.%P.......&.@..
00005470: 050c 224d a842 c9d0 05f5 8065 a842 09d0  .."M.B.....e.B..
00005480: 05f5 8065 a842 07d0 05f5 8065 a842 bbd0  ...e.B.....e.B..
00005490: 0425 bce7 0125 bae7 0225 b8e7 164f 0ef1  .%...%...%...O..
000054a0: 0204 57f8 2450 25ea 0606 47f8 2460 144c  ..W.$P%...G.$`.L
000054b0: 2568 25ea 0305 2560 6568 25ea 0305 6560  %h%...%`eh%...e`
000054c0: a568 25ea 0305 a560 e568 25ea 0305 e560  .h%....`.h%....`
000054d0: a1e7 061d a2e7 a2f1 080c 4fea 8c05 a0e7  ..........O.....
000054e0: f0bd 0132 31fa 02f3 05d0 0123 9340 0b40  ...21......#.@.@
000054f0: f7d0 f0b5 afe7 7047 0000 0140 0008 0140  ......pG...@...@
00005500: 0004 0140 0ab1 0161 7047 0904 0161 7047  ...@...apG...apG
00005510: 074a d368 23f4 e063 1b04 1b0c 0002 00f4  .J.h#..c........
00005520: e060 0343 43f0 bf63 43f4 0033 d360 7047  .`.CC..cC..3.`pG
00005530: 00ed 00e0 00b5 194b db68 c3f3 0223 c3f1  .......K.h...#..
00005540: 070c bcf1 040f 28bf 4ff0 040c 03f1 040e  ......(.O.......
00005550: bef1 060f 18d9 033b 4ff0 ff3e 0efa 0cfc  .......;O..>....
00005560: 21ea 0c01 9940 0efa 03f3 22ea 0303 1943  !....@...."....C
00005570: 0028 0bdb 0901 c9b2 00f1 6040 00f5 6140  .(........`@..a@
00005580: 80f8 0013 5df8 04fb 0023 e5e7 00f0 0f00  ....]....#......
00005590: 0901 c9b2 024b 1954 f4e7 00bf 00ed 00e0  .....K.T........
000055a0: 14ed 00e0 0028 07db 00f0 1f02 4009 0123  .....(......@..#
000055b0: 9340 024a 42f8 2030 7047 00bf 00e1 00e0  .@.JB. 0pG......
000055c0: 0028 0cdb 00f0 1f02 4009 0123 9340 2030  .(......@..#.@ 0
000055d0: 034a 42f8 2030 bff3 4f8f bff3 6f8f 7047  .JB. 0..O...o.pG
000055e0: 00e1 00e0 0138 b0f1 807f 0bd2 4ff0 e023  .....8......O..#
000055f0: 5861 054a f021 82f8 2310 0020 9861 0722  Xa.J.!..#.. .a."
00005600: 1a61 7047 0120 7047 00ed 00e0 044b 0022  .apG. pG.....K."
00005610: da61 044a 1369 43f0 0103 1361 0180 7047  .a.J.iC....a..pG
00005620: a80e 0020 0020 0240 194b db68 13f0 1003  ... . .@.K.h....
00005630: 05d0 184a d369 43f0 0203 d361 1023 144a  ...J.iC....a.#.J
00005640: d268 12f0 040f 06d0 1249 ca69 42f0 0102  .h.......I.iB...
00005650: ca61 43f0 0403 0e4a d269 12f0 010f 09d0  .aC....J.i......
00005660: 0c49 ca69 42f0 0402 ca61 0949 ca69 22f0  .I.iB....a.I.i".
00005670: 0102 ca61 40f2 0112 9342 02d0 044a d360  ...a@....B...J.`
00005680: 7047 034a d369 23f0 0103 d361 7047 00bf  pG.J.i#....apG..
00005690: 0020 0240 a80e 0020 0a4b 1b69 13f0 800f  . .@... .K.i....
000056a0: 0bd0 084b 084a 5a60 02f1 8832 5a60 1b69  ...K.JZ`...2Z`.i
000056b0: 13f0 800f 03d1 0020 7047 0020 7047 0120  ....... pG. pG. 
000056c0: 7047 00bf 0020 0240 2301 6745 034a 1369  pG... .@#.gE.J.i
000056d0: 43f0 8003 1361 0020 7047 00bf 0020 0240  C....a. pG... .@
000056e0: 38b5 0446 fff7 26f9 0546 164b db68 13f0  8..F..&..F.K.h..
000056f0: 010f 0ad0 b4f1 ff3f f7d0 24b1 fff7 1af9  .......?..$.....
00005700: 401b a042 f1d9 0320 1be0 0e4b db68 13f0  @..B... ...K.h..
00005710: 200f 02d0 0b4b 2022 da60 0a4b db68 13f0   ....K ".`.K.h..
00005720: 100f 0bd1 074b db69 13f0 010f 06d1 054b  .....K.i.......K
00005730: db68 13f0 040f 01d1 0020 02e0 fff7 74ff  .h....... ....t.
00005740: 0120 38bd 0020 0240 2de9 f843 1e46 244b  . 8.. .@-..C.F$K
00005750: 1b7e 012b 41d0 0446 0f46 9046 204b 0122  .~.+A..F.F.F K."
00005760: 1a76 4cf2 5030 fff7 bbff 0346 78bb 012c  .vL.P0.....Fx..,
00005770: 08d0 022c 03d0 4ff0 0409 1c46 07e0 4ff0  ...,..O....F..O.
00005780: 0209 fae7 4ff0 0109 f7e7 0134 e4b2 4c45  ....O......4..LE
00005790: 1dd2 2101 c1f1 2002 a1f1 2003 28fa 01f1  ..!... ... .(...
000057a0: 06fa 02f2 1143 26fa 03f3 1943 89b2 07eb  .....C&....C....
000057b0: 4400 fff7 2bff 4cf2 5030 fff7 91ff 094b  D...+.L.P0.....K
000057c0: 1d69 25f0 0105 1d61 0346 0028 ddd0 044a  .i%....a.F.(...J
000057d0: 0021 1176 1846 bde8 f883 0223 fae7 00bf  .!.v.F.....#....
000057e0: a80e 0020 0020 0240 064b 0022 da61 064b  ... . .@.K.".a.K
000057f0: 1a69 42f0 0402 1a61 1a69 42f0 4002 1a61  .iB....a.iB.@..a
00005800: 7047 00bf a80e 0020 0020 0240 064b 0022  pG..... . .@.K."
00005810: da61 064b 1a69 42f0 0202 1a61 5861 1a69  .a.K.iB....aXa.i
00005820: 42f0 4002 1a61 7047 a80e 0020 0020 0240  B.@..apG... . .@
00005830: 264b 1b7e 012b 46d0 70b5 0546 0e46 234b  &K.~.+F.p..F.F#K
00005840: 0122 1a76 0368 022b 20d0 4cf2 5030 fff7  .".v.h.+ .L.P0..
00005850: 47ff 90bb 4ff0 ff33 3360 ac68 0121 ea68  G...O..33`.h.!.h
00005860: ab68 03eb 8223 a342 28d9 2046 fff7 ceff  .h...#.B(. F....
00005870: 4cf2 5030 fff7 34ff 154a 1369 23f0 0203  L.P0..4..J.i#...
00005880: 1361 0146 b8b9 04f5 8064 e8e7 4cf2 5030  .a.F.....d..L.P0
00005890: fff7 26ff 08b1 0121 10e0 0120 fff7 a4ff  ..&....!... ....
000058a0: 4cf2 5030 fff7 1cff 0146 094a 1369 23f0  L.P0.....F.J.i#.
000058b0: 0403 1361 02e0 3460 00e0 0121 034b 0022  ...a..4`...!.K."
000058c0: 1a76 0846 70bd 0221 0846 7047 a80e 0020  .v.Fp..!.FpG... 
000058d0: 0020 0240 10b5 0446 0268 1369 23f4 4053  . .@...F.h.i#.@S
000058e0: c168 0b43 1361 8368 0269 1343 4269 1a43  .h.C.a.h.i.CBi.C
000058f0: 0168 cb68 23f4 b053 23f0 0c03 1343 cb60  .h.h#..S#....C.`
00005900: 0268 5369 23f4 4073 8169 0b43 5361 0268  .hSi#.@s.i.CSa.h
00005910: 134b 9a42 20d0 fff7 b7fb 0246 02eb 8202  .K.B ......F....
00005920: 02eb 8202 6368 9b00 b2fb f3f2 0d48 a0fb  ....ch.......H..
00005930: 0231 4909 6423 03fb 1123 1b01 3233 a0fb  .1I.d#...#..23..
00005940: 0323 5b09 03f0 f002 02eb 0112 03f0 0f03  .#[.............
00005950: 2168 1344 8b60 10bd fff7 a6fb 0246 dde7  !h.D.`.......F..
00005960: 0038 0140 1f85 eb51 58b3 10b5 0446 90f8  .8.@...QX....F..
00005970: 3d30 0bb3 2423 84f8 3d30 2268 d368 23f4  =0..$#..=0"h.h#.
00005980: 0053 d360 2046 fff7 a5ff 2268 1369 23f4  .S.` F...."h.i#.
00005990: 9043 1361 2268 5369 23f0 2a03 5361 2268  .C.a"hSi#.*.Sa"h
000059a0: d368 43f4 0053 d360 0020 2064 2023 84f8  .hC..S.`.  d #..
000059b0: 3d30 84f8 3e30 10bd 80f8 3c30 00f0 def8  =0..>0....<0....
000059c0: d8e7 0120 7047 a8b1 10b5 0446 2423 80f8  ... pG.....F$#..
000059d0: 3d30 0268 d368 23f4 0053 d360 00f0 0af9  =0.h.h#..S.`....
000059e0: 0020 2064 84f8 3d00 84f8 3e00 2063 84f8  .  d..=...>. c..
000059f0: 3c00 10bd 0120 7047 0c48 0d49 0d4a 0023  <.... pG.H.I.J.#
00005a00: 02e0 d458 c450 0433 c418 8c42 f9d3 0a4a  ...X.P.3...B...J
00005a10: 0a4c 0023 01e0 1360 0432 a242 fbd3 00f0  .L.#...`.2.B....
00005a20: 0df9 faf7 73fb fcf7 83f9 7047 0000 0020  ....s.....pG... 
00005a30: b800 0020 d062 0008 1005 0020 a813 0020  ... .b..... ... 
00005a40: fee7 0000 124b 0322 1a61 5a61 1149 9961  .....K.".aZa.I.a
00005a50: 114a da61 4ff4 8062 1a62 0022 9a62 5a62  .J.aO..b.b.".bZb
00005a60: da62 1966 0d49 5966 1021 9966 1a67 da66  .b.f.IYf.!.f.g.f
00005a70: 5a67 0b4a 1068 c3f8 0700 0a4a 92e8 0300  Zg.J.h.....J....
00005a80: 1860 9980 090c 9971 2022 9a71 7047 00bf  .`.....q ".qpG..
00005a90: c80e 0020 5c62 0008 800f 0020 700f 0020  ... \b..... p.. 
00005aa0: 6862 0008 6c62 0008 38b5 0446 0d46 214b  hb..lb..8..F.F!K
00005ab0: 1b78 7bb3 eff3 118c 4ff0 2001 81f3 1188  .x{.....O. .....
00005ac0: 04eb 4403 1b4a 02eb c303 596a 481c 1b6a  ..D..J....YjH..j
00005ad0: 8342 22d0 04eb 4403 164a 02eb c303 db6a  .B"...D..J.....j
00005ae0: 022b 1cd0 04eb 4403 124a 02eb c303 9b6a  .+....D..J.....j
00005af0: 8342 1dd0 631c 03eb 4303 02eb c303 5b68  .B..c...C.....[h
00005b00: 5d54 04eb 4404 02eb c404 6062 0120 8cf3  ]T..D.....`b. ..
00005b10: 1188 38bd fff7 96ff cce7 0020 dae7 04eb  ..8........ ....
00005b20: 4403 044a 02eb c303 9b6a 8342 f7d0 d9e7  D..J.....j.B....
00005b30: 0020 ece7 c80e 0020 82b0 0e4b 9a69 42f0  . ..... ...K.iB.
00005b40: 0102 9a61 9a69 02f0 0102 0092 009a da69  ...a.i.........i
00005b50: 42f0 8052 da61 db69 03f0 8053 0193 019b  B..R.a.i...S....
00005b60: 054a 5368 23f0 e063 43f0 0073 5360 02b0  .JSh#..cC..sS`..
00005b70: 7047 00bf 0010 0240 0000 0140 10b5 86b0  pG.....@...@....
00005b80: 0023 0293 0393 0493 0593 0268 174b 9a42  .#.........h.K.B
00005b90: 01d0 06b0 10bd 03f5 5843 9a69 42f4 8042  ........XC.iB..B
00005ba0: 9a61 9a69 02f4 8042 0092 009a 9a69 42f0  .a.i...B.....iB.
00005bb0: 0402 9a61 9b69 03f0 0403 0193 019b 4ff4  ...a.i........O.
00005bc0: 0073 0293 0223 0393 0323 0593 084c 02a9  .s...#...#...L..
00005bd0: 2046 fff7 05fb 4ff4 8063 0293 0023 0393   F....O..c...#..
00005be0: 0493 02a9 2046 fff7 fbfa d2e7 0038 0140  .... F.......8.@
00005bf0: 0008 0140 08b5 0268 074b 9a42 00d0 08bd  ...@...h.K.B....
00005c00: 064a 9369 23f4 8043 9361 4ff4 c061 0448  .J.i#..C.aO..a.H
00005c10: fff7 f8fb f3e7 00bf 0038 0140 0010 0240  .........8.@...@
00005c20: 0008 0140 fee7 fee7 fee7 fee7 fee7 7047  ...@..........pG
00005c30: 7047 7047 08b5 fef7 71fe 08bd 7047 0000  pGpG....q...pG..
00005c40: f8b5 00bf f8bc 08bc 9e46 7047 f8b5 00bf  .........FpG....
00005c50: f8bc 08bc 9e46 7047 0400 0020 7000 0000  .....FpG... p...
00005c60: 0000 000a 0000 0000 0000 0000 0000 0000  ................
00005c70: 0000 0002 0080 0000 0080 0008 2020 2020  ............    
00005c80: 0080 0202 1f00 0000 2020 2020 2020 2020  ........        
00005c90: 2020 2020 2020 2020 2020 2020 2020 2020                  
00005ca0: 2020 2020 0026 0000 0000 0000 0812 0000      .&..........
00005cb0: 0000 0000 0000 0000 0000 0000 0000 0000  ................
00005cc0: 0000 0000 0000 0000 0000 0000 0000 0000  ................
00005cd0: 0000 0000 0000 0000 0000 0000 0000 0000  ................
00005ce0: 0000 0000 0000 0000 0000 0000 0000 0000  ................
00005cf0: 0000 0000 0000 0000 0000 0000 0000 0000  ................
00005d00: 0000 0000 0000 0000 0000 0000 0000 0000  ................
00005d10: 0000 0000 0000 0000 0000 0000 0000 0000  ................
00005d20: 1b5b 3332 6d5b 492f 5553 425d 2000 0000  .[32m[I/USB] ...
00005d30: 4f70 656e 2065 703a 3078 2530 3278 2074  Open ep:0x%02x t
00005d40: 7970 653a 2575 206d 7073 3a25 750d 0a00  ype:%u mps:%u...
00005d50: 1b5b 306d 0000 0000 5365 7475 703a 2062  .[0m....Setup: b
00005d60: 6d52 6571 7565 7374 5479 7065 2030 7825  mRequestType 0x%
00005d70: 3032 782c 2062 5265 7175 6573 7420 3078  02x, bRequest 0x
00005d80: 2530 3278 2c20 7756 616c 7565 2030 7825  %02x, wValue 0x%
00005d90: 3034 782c 2077 496e 6465 7820 3078 2530  04x, wIndex 0x%0
00005da0: 3478 2c20 774c 656e 6774 6820 3078 2530  4x, wLength 0x%0
00005db0: 3478 0d0a 0000 0000 7265 6164 204d 5320  4x......read MS 
00005dc0: 4f53 2032 2e30 2064 6573 6372 6970 746f  OS 2.0 descripto
00005dd0: 7220 7374 7269 6e67 0d00 0000 7265 6164  r string....read
00005de0: 2042 4f53 2064 6573 6372 6970 746f 7220   BOS descriptor 
00005df0: 7374 7269 6e67 0d00 1b5b 3331 6d5b 452f  string...[31m[E/
00005e00: 5553 425d 2000 0000 6465 7363 7269 7074  USB] ...descript
00005e10: 6f72 203c 7479 7065 3a30 7825 3032 782c  or <type:0x%02x,
00005e20: 696e 6465 783a 3078 2530 3278 3e20 6e6f  index:0x%02x> no
00005e30: 7420 666f 756e 6421 0d0a 0000 6765 7420  t found!....get 
00005e40: 436f 6d70 6174 2049 440d 0000 6765 7420  Compat ID...get 
00005e50: 436f 6d70 6174 2069 6420 7072 6f70 6572  Compat id proper
00005e60: 7469 6573 0d00 0000 756e 6b6e 6f77 6e20  ties....unknown 
00005e70: 7665 6e64 6f72 2063 6f64 650d 0000 0000  vendor code.....
00005e80: 4745 5420 4d53 204f 5320 322e 3020 4465  GET MS OS 2.0 De
00005e90: 7363 7269 7074 6f72 0d00 0000 436c 6f73  scriptor....Clos
00005ea0: 6520 6570 3a30 7825 3032 7820 7479 7065  e ep:0x%02x type
00005eb0: 3a25 750d 0a00 0000 7265 6164 2068 6964  :%u.....read hid
00005ec0: 2072 6570 6f72 7420 6465 7363 7269 7074   report descript
00005ed0: 6f72 0d00 6570 3a25 3032 7820 636c 6561  or..ep:%02x clea
00005ee0: 7220 6861 6c74 0d0a 0000 0000 6570 3a25  r halt......ep:%
00005ef0: 3032 7820 7365 7420 6861 6c74 0d0a 0000  02x set halt....
00005f00: 1b5b 3333 6d5b 572f 5553 425d 2000 0000  .[33m[W/USB] ...
00005f10: 4967 6e6f 7265 2044 5144 2069 6e20 6673  Ignore DQD in fs
00005f20: 0d00 0000 7374 616e 6461 7264 2072 6571  ....standard req
00005f30: 7565 7374 2065 7272 6f72 0d00 636c 6173  uest error..clas
00005f40: 7320 7265 7175 6573 7420 6572 726f 720d  s request error.
00005f50: 0000 0000 7665 6e64 6f72 2072 6571 7565  ....vendor reque
00005f60: 7374 2065 7272 6f72 0d00 0000 5265 7175  st error....Requ
00005f70: 6573 7420 6275 6666 6572 2074 6f6f 2073  est buffer too s
00005f80: 6d61 6c6c 0d00 0000 4570 2061 6464 7220  mall....Ep addr 
00005f90: 2564 206f 7665 7266 6c6f 770d 0a00 0000  %d overflow.....
00005fa0: 4570 2070 6d61 2025 6420 6f76 6572 666c  Ep pma %d overfl
00005fb0: 6f77 0d0a 0000 0000 556e 6861 6e64 6c65  ow......Unhandle
00005fc0: 6420 4d53 4320 436c 6173 7320 6252 6571  d MSC Class bReq
00005fd0: 7565 7374 2030 7825 3032 780d 0a00 0000  uest 0x%02x.....
00005fe0: 4c42 4120 6f75 7420 6f66 2072 616e 6765  LBA out of range
00005ff0: 0d00 0000 7363 7369 5f62 6c6b 5f6c 656e  ....scsi_blk_len
00006000: 2064 6f65 7320 6e6f 7420 6d61 7463 6820   does not match 
00006010: 7769 7468 2064 4461 7461 4c65 6e67 7468  with dDataLength
00006020: 0d00 0000 7369 7a65 2021 3d20 7369 7a65  ....size != size
00006030: 6f66 2863 6277 290d 0000 0000 756e 7375  of(cbw).....unsu
00006040: 7070 6f72 7465 6420 636d 643a 3078 2530  pported cmd:0x%0
00006050: 3278 0d0a 0000 0000 436f 6d6d 616e 643a  2x......Command:
00006060: 3078 2530 3278 2064 6563 6f64 6520 6572  0x%02x decode er
00006070: 720d 0a00 6d73 6320 626c 6f63 6b20 6275  r...msc block bu
00006080: 6666 6572 206f 7665 7266 6c6f 770d 0000  ffer overflow...
00006090: eb3c 9055 4632 2055 4632 2000 0201 0100  .<.UF2 UF2 .....
000060a0: 0240 0000 00f8 0201 0100 0100 0000 0000  .@..............
000060b0: 0901 0100 8000 2942 0042 0053 544d 3332  ......)B.B.STM32
000060c0: 4631 506c 756d 4641 5431 3620 2020 0000  F1PlumFAT16   ..
000060d0: 3c21 646f 6374 7970 6520 6874 6d6c 3e0a  <!doctype html>.
000060e0: 3c68 746d 6c3e 3c62 6f64 793e 3c73 6372  <html><body><scr
000060f0: 6970 743e 0a6c 6f63 6174 696f 6e2e 7265  ipt>.location.re
00006100: 706c 6163 6528 2268 7474 7073 3a2f 2f67  place("https://g
00006110: 6974 6875 622e 636f 6d2f 4861 694d 6961  ithub.com/HaiMia
00006120: 6e42 4261 6f2f 506c 756d 424c 2229 3b0a  nBBao/PlumBL");.
00006130: 3c2f 7363 7269 7074 3e3c 2f62 6f64 793e  </script></body>
00006140: 3c2f 6874 6d6c 3e0a 0000 0000 506c 756d  </html>.....Plum
00006150: 2055 4632 2042 6f6f 746c 6f61 6465 7220   UF2 Bootloader 
00006160: 302e 302e 310d 0a4d 6f64 656c 3a20 4c47  0.0.1..Model: LG
00006170: 2053 7475 6469 6f20 506c 756d 2042 6f6f   Studio Plum Boo
00006180: 746c 6f61 6465 720d 0a42 6f61 7264 2d49  tloader..Board-I
00006190: 443a 2050 6c75 6d20 426f 6f74 6c6f 6164  D: Plum Bootload
000061a0: 6572 2066 6f72 2053 544d 3332 4631 3033  er for STM32F103
000061b0: 0d0a 4461 7465 3a20 4a75 6e20 3134 2032  ..Date: Jun 14 2
000061c0: 3032 340d 0a00 0000 1201 0002 0000 0040  024............@
000061d0: 9a23 5d00 0002 0102 0301 0902 2000 0101  .#]......... ...
000061e0: 0080 3209 0400 0002 0806 5002 0705 0202  ..2.......P.....
000061f0: 4000 0007 0581 0240 0000 0403 0904 1403  @......@........
00006200: 4c00 4700 2000 5300 7400 7500 6400 6900  L.G. .S.t.u.d.i.
00006210: 6f00 1e03 5000 6c00 7500 6d00 4200 6f00  o...P.l.u.m.B.o.
00006220: 6f00 7400 6c00 6f00 6100 6400 6500 7200  o.t.l.o.a.d.e.r.
00006230: 1603 3200 3000 3200 3200 3100 3200 3300  ..2.0.2.2.1.2.3.
00006240: 3400 3500 3600 0000 0203 0405 0607 0809  4.5.6...........
00006250: 0a0b 0c0d 0e0f 1010 0000 0000 5465 726d  ............Term
00006260: 696e 616c 0000 0000 5254 5400 5345 4747  inal....RTT.SEGG
00006270: 4552 0000 0000 0000 0000 0000 0102 0304  ER..............
00006280: 0607 0809 0000 0000 0102 0304 232d 302b  ............#-0+
00006290: 2000 0000 686c 4c00 6566 6745 4647 0000   ...hlL.efgEFG..
000062a0: 3031 3233 3435 3637 3839 4142 4344 4546  0123456789ABCDEF
000062b0: 0000 0000 3031 3233 3435 3637 3839 6162  ....0123456789ab
000062c0: 6364 6566 0000 0000 391c 0008 151c 0008  cdef....9.......
000062d0: 0400 0020 0000 0000 005d 0008 e05c 0008  ... .....]...\..
000062e0: c05c 0008 0000 0000 0000 0000 0000 0000  .\..............
000062f0: 0000 0000 0000 0000 0000 0000 0000 0000  ................
00006300: 0000 0000 0000 0000 0000 0000 0000 0000  ................
00006310: 0000 0000 0000 0000 0000 0000 0000 0000  ................
00006320: 0000 0000 0000 0000 0000 0000 0000 0000  ................
00006330: 0000 0000 504c 554d 5f55 4632 5458 5400  ....PLUM_UF2TXT.
00006340: 4c61 0008 7900 0000 0000 0000 494e 4445  La..y.......INDE
00006350: 5820 2020 4854 4d00 d060 0008 7800 0000  X   HTM..`..x...
00006360: 0000 0000 4355 5252 454e 5420 5546 3200  ....CURRENT UF2.
00006370: 0000 0000 0000 0000 0000 0000 0100 0000  ................
00006380: 1000 0000 0024 f400 0000 0000 0000 0000  .....$..........
00006390: 0000 0000 0000 0000 0000 0000 0000 0000  ................
000063a0: 0000 0000 0000 0000 0000 0000 0000 0000  ................
000063b0: 0000 0000 0000 0000 0000 0000 0000 0000  ................
000063c0: 0000 0000 0000 0000 0000 0000 0000 0000  ................
000063d0: 0000 0000 0000 0000 0000 0000 0000 0000  ................
000063e0: 0000 0000 0000 0000 0000 0000 0000 0000  ................
000063f0: 0000 0000 0000 0000 0000 0000 0000 0000  ................
00006400: 0000 0000 0000 0000 0000 0000 0000 0000  ................
00006410: 0000 0000 0000 0000 0000 0000 0000 0000  ................
00006420: 0000 0000 0000 0000 0000 0000 0000 0000  ................
00006430: 0000 0000 0000 0000 0000 0000 0000 0000  ................
00006440: 0000 0000 0000 0000 0000 0000 0000 0000  ................
00006450: 0000 0000 0000 0000 0000 0000 0000 0000  ................
00006460: 0000 0000 0000 0000 0000 0000 0000 0000  ................
00006470: 0000 0000 0000 0000 0000 0000 0000 0000  ................
00006480: 0000 0000 0000 0000 0000 0000 0000 0000  ................
00006490: 0000 0000 0000 0000 0000 0000 0000 0000  ................
000064a0: 0000 0000 0000 0000 0000 0000 0000 0000  ................
000064b0: 0000 0000 0000 0000 0000 0000 0000 0000  ................
000064c0: 0000 0000 0000 0000 0000 0000 0000 0000  ................
000064d0: 0000 0000 0000 0000 0000 0000 0000 0000  ................
000064e0: 0000 0000 0000 0000 0000 0000 0000 0000  ................
000064f0: 0000 0000 0000 0000 0000 0000 0000 0000  ................
00006500: 0000 0000 0000 0000 0000 0000 0000 0000  ................
00006510: 0000 0000 0000 0000 0000 0000 0000 0000  ................
00006520: 0000 0000 0000 0000 0000 0000 0000 0000  ................
00006530: 0000 0000 0000 0000 0000 0000 0000 0000  ................
00006540: 0000 0000 0000 0000 0000 0000 0000 0000  ................
00006550: 0000 0000 0000 0000 0000 0000 0000 0000  ................
00006560: 0000 0000 0000 0000 0000 0000 0000 0000  ................
00006570: 0000 0000 0000 0000 0000 0000 0000 0000  ................
00006580: 0000 0000 0000 0000 0000 0000 0000 0000  ................
00006590: 0000 0000 0000 0000 0000 0000 0000 0000  ................
000065a0: 0000 0000 0000 0000 0000 0000 0000 0000  ................
000065b0: 0000 0000 0000 0000 0000 0000 0000 0000  ................
000065c0: 0000 0000 0000 0000 0000 0000 0000 0000  ................
000065d0: 0000 0000 0000 0000 0000 0000 0000 0000  ................
000065e0: 0000 0000 0000 0000 0000 0000 0000 0000  ................
000065f0: 0000 0000 0000 0000 0000 0000 0000 0000  ................
00006600: 0000 0000 0000 0000 0000 0000 0000 0000  ................
00006610: 0000 0000 0000 0000 0000 0000 0000 0000  ................
00006620: 0000 0000 0000 0000 0000 0000 0000 0000  ................
00006630: 0000 0000 0000 0000 0000 0000 0000 0000  ................
00006640: 0000 0000 0000 0000 0000 0000 0000 0000  ................
00006650: 0000 0000 0000 0000 0000 0000 0000 0000  ................
00006660: 0000 0000 0000 0000 0000 0000 0000 0000  ................
00006670: 0000 0000 0000 0000 0000 0000 0000 0000  ................
00006680: 0000 0000 0000 0000 0000 0000 0000 0000  ................
00006690: 0000 0000 0000 0000 0000 0000 0000 0000  ................
000066a0: 0000 0000 0000 0000 0000 0000 0000 0000  ................
000066b0: 0000 0000 0000 0000 0000 0000 0000 0000  ................
000066c0: 0000 0000 0000 0000 0000 0000 0000 0000  ................
000066d0: 0000 0000 0000 0000 0000 0000 0000 0000  ................
000066e0: 0000 0000 0000 0000 0000 0000 0000 0000  ................
000066f0: 0000 0000 0000 0000 0000 0000 0000 0000  ................
00006700: 0000 0000 0000 0000 0000 0000 0000 0000  ................
00006710: 0000 0000 0000 0000 0000 0000 0000 0000  ................
00006720: 0000 0000 0000 0000 0000 0000 0000 0000  ................
00006730: 0000 0000 0000 0000 0000 0000 0000 0000  ................
00006740: 0000 0000 0000 0000 0000 0000 0000 0000  ................
00006750: 0000 0000 0000 0000 0000 0000 0000 0000  ................
00006760: 0000 0000 0000 0000 0000 0000 0000 0000  ................
00006770: 0000 0000 0000 0000 0000 0000 0000 0000  ................
00006780: 0000 0000 0000 0000 0000 0000 0000 0000  ................
00006790: 0000 0000 0000 0000 0000 0000 0000 0000  ................
000067a0: 0000 0000 0000 0000 0000 0000 0000 0000  ................
000067b0: 0000 0000 0000 0000 0000 0000 0000 0000  ................
000067c0: 0000 0000 0000 0000 0000 0000 0000 0000  ................
000067d0: 0000 0000 0000 0000 0000 0000 0000 0000  ................
000067e0: ffff ffff ffff ffff ffff ffff ffff ffff  ................
000067f0: ffff ffff ffff ffff ffff ffff ffff ffff  ................
00006800: ffff ffff ffff ffff ffff ffff ffff ffff  ................
00006810: ffff ffff ffff ffff ffff ffff ffff ffff  ................
00006820: ffff ffff ffff ffff ffff ffff ffff ffff  ................
00006830: ffff ffff ffff ffff ffff ffff ffff ffff  ................
00006840: ffff ffff ffff ffff ffff ffff ffff ffff  ................
00006850: ffff ffff ffff ffff ffff ffff ffff ffff  ................
00006860: ffff ffff ffff ffff ffff ffff ffff ffff  ................
00006870: ffff ffff ffff ffff ffff ffff ffff ffff  ................
00006880: ffff ffff ffff ffff ffff ffff ffff ffff  ................
00006890: ffff ffff ffff ffff ffff ffff ffff ffff  ................
000068a0: ffff ffff ffff ffff ffff ffff ffff ffff  ................
000068b0: ffff ffff ffff ffff ffff ffff ffff ffff  ................
000068c0: ffff ffff ffff ffff ffff ffff ffff ffff  ................
000068d0: ffff ffff ffff ffff ffff ffff ffff ffff  ................
000068e0: ffff ffff ffff ffff ffff ffff ffff ffff  ................
000068f0: ffff ffff ffff ffff ffff ffff ffff ffff  ................
00006900: ffff ffff ffff ffff ffff ffff ffff ffff  ................
00006910: ffff ffff ffff ffff ffff ffff ffff ffff  ................
00006920: ffff ffff ffff ffff ffff ffff ffff ffff  ................
00006930: ffff ffff ffff ffff ffff ffff ffff ffff  ................
00006940: ffff ffff ffff ffff ffff ffff ffff ffff  ................
00006950: ffff ffff ffff ffff ffff ffff ffff ffff  ................
00006960: ffff ffff ffff ffff ffff ffff ffff ffff  ................
00006970: ffff ffff ffff ffff ffff ffff ffff ffff  ................
00006980: ffff ffff ffff ffff ffff ffff ffff ffff  ................
00006990: ffff ffff ffff ffff ffff ffff ffff ffff  ................
000069a0: ffff ffff ffff ffff ffff ffff ffff ffff  ................
000069b0: ffff ffff ffff ffff ffff ffff ffff ffff  ................
000069c0: ffff ffff ffff ffff ffff ffff ffff ffff  ................
000069d0: ffff ffff ffff ffff ffff ffff ffff ffff  ................
000069e0: ffff ffff ffff ffff ffff ffff ffff ffff  ................
000069f0: ffff ffff ffff ffff ffff ffff ffff ffff  ................
00006a00: ffff ffff ffff ffff ffff ffff ffff ffff  ................
00006a10: ffff ffff ffff ffff ffff ffff ffff ffff  ................
00006a20: ffff ffff ffff ffff ffff ffff ffff ffff  ................
00006a30: ffff ffff ffff ffff ffff ffff ffff ffff  ................
00006a40: ffff ffff ffff ffff ffff ffff ffff ffff  ................
00006a50: ffff ffff ffff ffff ffff ffff ffff ffff  ................
00006a60: ffff ffff ffff ffff ffff ffff ffff ffff  ................
00006a70: ffff ffff ffff ffff ffff ffff ffff ffff  ................
00006a80: ffff ffff ffff ffff ffff ffff ffff ffff  ................
00006a90: ffff ffff ffff ffff ffff ffff ffff ffff  ................
00006aa0: ffff ffff ffff ffff ffff ffff ffff ffff  ................
00006ab0: ffff ffff ffff ffff ffff ffff ffff ffff  ................
00006ac0: ffff ffff ffff ffff ffff ffff ffff ffff  ................
00006ad0: ffff ffff ffff ffff ffff ffff ffff ffff  ................
00006ae0: ffff ffff ffff ffff ffff ffff ffff ffff  ................
00006af0: ffff ffff ffff ffff ffff ffff ffff ffff  ................
00006b00: ffff ffff ffff ffff ffff ffff ffff ffff  ................
00006b10: ffff ffff ffff ffff ffff ffff ffff ffff  ................
00006b20: ffff ffff ffff ffff ffff ffff ffff ffff  ................
00006b30: ffff ffff ffff ffff ffff ffff ffff ffff  ................
00006b40: ffff ffff ffff ffff ffff ffff ffff ffff  ................
00006b50: ffff ffff ffff ffff ffff ffff ffff ffff  ................
00006b60: ffff ffff ffff ffff ffff ffff ffff ffff  ................
00006b70: ffff ffff ffff ffff ffff ffff ffff ffff  ................
00006b80: ffff ffff ffff ffff ffff ffff ffff ffff  ................
00006b90: ffff ffff ffff ffff ffff ffff ffff ffff  ................
00006ba0: ffff ffff ffff ffff ffff ffff ffff ffff  ................
00006bb0: ffff ffff ffff ffff ffff ffff ffff ffff  ................
00006bc0: ffff ffff ffff ffff ffff ffff ffff ffff  ................
00006bd0: ffff ffff ffff ffff ffff ffff ffff ffff  ................
00006be0: ffff ffff ffff ffff ffff ffff ffff ffff  ................
00006bf0: ffff ffff ffff ffff ffff ffff ffff ffff  ................
00006c00: ffff ffff ffff ffff ffff ffff ffff ffff  ................
00006c10: ffff ffff ffff ffff ffff ffff ffff ffff  ................
00006c20: ffff ffff ffff ffff ffff ffff ffff ffff  ................
00006c30: ffff ffff ffff ffff ffff ffff ffff ffff  ................
00006c40: ffff ffff ffff ffff ffff ffff ffff ffff  ................
00006c50: ffff ffff ffff ffff ffff ffff ffff ffff  ................
00006c60: ffff ffff ffff ffff ffff ffff ffff ffff  ................
00006c70: ffff ffff ffff ffff ffff ffff ffff ffff  ................
00006c80: ffff ffff ffff ffff ffff ffff ffff ffff  ................
00006c90: ffff ffff ffff ffff ffff ffff ffff ffff  ................
00006ca0: ffff ffff ffff ffff ffff ffff ffff ffff  ................
00006cb0: ffff ffff ffff ffff ffff ffff ffff ffff  ................
00006cc0: ffff ffff ffff ffff ffff ffff ffff ffff  ................
00006cd0: ffff ffff ffff ffff ffff ffff ffff ffff  ................
00006ce0: ffff ffff ffff ffff ffff ffff ffff ffff  ................
00006cf0: ffff ffff ffff ffff ffff ffff ffff ffff  ................
00006d00: ffff ffff ffff ffff ffff ffff ffff ffff  ................
00006d10: ffff ffff ffff ffff ffff ffff ffff ffff  ................
00006d20: ffff ffff ffff ffff ffff ffff ffff ffff  ................
00006d30: ffff ffff ffff ffff ffff ffff ffff ffff  ................
00006d40: ffff ffff ffff ffff ffff ffff ffff ffff  ................
00006d50: ffff ffff ffff ffff ffff ffff ffff ffff  ................
00006d60: ffff ffff ffff ffff ffff ffff ffff ffff  ................
00006d70: ffff ffff ffff ffff ffff ffff ffff ffff  ................
00006d80: ffff ffff ffff ffff ffff ffff ffff ffff  ................
00006d90: ffff ffff ffff ffff ffff ffff ffff ffff  ................
00006da0: ffff ffff ffff ffff ffff ffff ffff ffff  ................
00006db0: ffff ffff ffff ffff ffff ffff ffff ffff  ................
00006dc0: ffff ffff ffff ffff ffff ffff ffff ffff  ................
00006dd0: ffff ffff ffff ffff ffff ffff ffff ffff  ................
00006de0: ffff ffff ffff ffff ffff ffff ffff ffff  ................
00006df0: ffff ffff ffff ffff ffff ffff ffff ffff  ................
00006e00: ffff ffff ffff ffff ffff ffff ffff ffff  ................
00006e10: ffff ffff ffff ffff ffff ffff ffff ffff  ................
00006e20: ffff ffff ffff ffff ffff ffff ffff ffff  ................
00006e30: ffff ffff ffff ffff ffff ffff ffff ffff  ................
00006e40: ffff ffff ffff ffff ffff ffff ffff ffff  ................
00006e50: ffff ffff ffff ffff ffff ffff ffff ffff  ................
00006e60: ffff ffff ffff ffff ffff ffff ffff ffff  ................
00006e70: ffff ffff ffff ffff ffff ffff ffff ffff  ................
00006e80: ffff ffff ffff ffff ffff ffff ffff ffff  ................
00006e90: ffff ffff ffff ffff ffff ffff ffff ffff  ................
00006ea0: ffff ffff ffff ffff ffff ffff ffff ffff  ................
00006eb0: ffff ffff ffff ffff ffff ffff ffff ffff  ................
00006ec0: ffff ffff ffff ffff ffff ffff ffff ffff  ................
00006ed0: ffff ffff ffff ffff ffff ffff ffff ffff  ................
00006ee0: ffff ffff ffff ffff ffff ffff ffff ffff  ................
00006ef0: ffff ffff ffff ffff ffff ffff ffff ffff  ................
00006f00: ffff ffff ffff ffff ffff ffff ffff ffff  ................
00006f10: ffff ffff ffff ffff ffff ffff ffff ffff  ................
00006f20: ffff ffff ffff ffff ffff ffff ffff ffff  ................
00006f30: ffff ffff ffff ffff ffff ffff ffff ffff  ................
00006f40: ffff ffff ffff ffff ffff ffff ffff ffff  ................
00006f50: ffff ffff ffff ffff ffff ffff ffff ffff  ................
00006f60: ffff ffff ffff ffff ffff ffff ffff ffff  ................
00006f70: ffff ffff ffff ffff ffff ffff ffff ffff  ................
00006f80: ffff ffff ffff ffff ffff ffff ffff ffff  ................
00006f90: ffff ffff ffff ffff ffff ffff ffff ffff  ................
00006fa0: ffff ffff ffff ffff ffff ffff ffff ffff  ................
00006fb0: ffff ffff ffff ffff ffff ffff ffff ffff  ................
00006fc0: ffff ffff ffff ffff ffff ffff ffff ffff  ................
00006fd0: ffff ffff ffff ffff ffff ffff ffff ffff  ................
00006fe0: ffff ffff ffff ffff ffff ffff ffff ffff  ................
00006ff0: ffff ffff ffff ffff ffff ffff ffff ffff  ................
00007000: 0004 0020 3972 0008 3b72 0008 3b72 0008  ... 9r..;r..;r..
00007010: 3b72 0008 3b72 0008 3b72 0008 3b72 0008  ;r..;r..;r..;r..
00007020: 3b72 0008 3b72 0008 3b72 0008 09e6 0008  ;r..;r..;r......
00007030: 3b72 0008 3b72 0008 3b72 0008 a9e6 0008  ;r..;r..;r......
00007040: 3b72 0008 3b72 0008 3b72 0008 3b72 0008  ;r..;r..;r..;r..
00007050: 3b72 0008 3b72 0008 3b72 0008 3b72 0008  ;r..;r..;r..;r..
00007060: 3b72 0008 3b72 0008 3b72 0008 1de6 0008  ;r..;r..;r......
00007070: 31e6 0008 45e6 0008 59e6 0008 6de6 0008  1...E...Y...m...
00007080: 81e6 0008 95e6 0008 3b72 0008 3b72 0008  ........;r..;r..
00007090: 95e7 0008 3b72 0008 3b72 0008 3b72 0008  ....;r..;r..;r..
000070a0: 3b72 0008 2de7 0008 3b72 0008 91e7 0008  ;r..-...;r......
000070b0: 3b72 0008 3b72 0008 3b72 0008 3b72 0008  ;r..;r..;r..;r..
000070c0: 3b72 0008 3b72 0008 3b72 0008 3b72 0008  ;r..;r..;r..;r..
000070d0: 3b72 0008 3b72 0008 3b72 0008 3b72 0008  ;r..;r..;r..;r..
000070e0: 3b72 0008 3b72 0008 3b72 0008 3b72 0008  ;r..;r..;r..;r..
000070f0: 3b72 0008 3b72 0008 3b72 0008 3b72 0008  ;r..;r..;r..;r..
00007100: 3b72 0008 3b72 0008 3b72 0008 3b72 0008  ;r..;r..;r..;r..
00007110: 3b72 0008 3b72 0008 3b72 0008 3b72 0008  ;r..;r..;r..;r..
00007120: 3b72 0008 3b72 0008 3b72 0008 3b72 0008  ;r..;r..;r..;r..
00007130: 3b72 0008 3b72 0008 3b72 0008 3b72 0008  ;r..;r..;r..;r..
00007140: 3b72 0008 3b72 0008 3b72 0008 3b72 0008  ;r..;r..;r..;r..
00007150: 3b72 0008 3b72 0008 3b72 0008 3b72 0008  ;r..;r..;r..;r..
00007160: 72b6 2648 80f3 0888 2548 80f3 0988 2548  r.&H....%H....%H
00007170: 2549 0860 0220 80f3 1488 bff3 6f8f 05f0  %I.`. ......o...
00007180: 0dfc 05f0 0dfc 4ff0 5530 2049 1b4a 9142  ......O.U0 I.J.B
00007190: 3cbf 41f8 040b fae7 1d49 194a 9142 3cbf  <.A......I.J.B<.
000071a0: 41f8 040b fae7 1b49 1b4a 1c4b 9a42 3ebf  A......I.J.K.B>.
000071b0: 51f8 040b 42f8 040b f8e7 0020 1849 194a  Q...B...... .I.J
000071c0: 9142 3cbf 41f8 040b fae7 05f0 25fc 05f0  .B<.A.......%...
000071d0: 21fc 154c 154d ac42 03da 54f8 041b 8847  !..L.M.B..T....G
000071e0: f9e7 05f0 43fd 124c 124d ac42 03da 54f8  ....C..L.M.B..T.
000071f0: 041b 8847 f9e7 05f0 0ebc 0000 0004 0020  ...G........... 
00007200: 000c 0020 0070 0008 08ed 00e0 0000 0020  ... .p......... 
00007210: 0004 0020 2407 0108 000c 0020 1411 0020  ... $...... ... 
00007220: 1811 0020 d430 0020 6071 0008 6071 0008  ... .0. `q..`q..
00007230: 6071 0008 6071 0008 92e7 00f0 00f8 fee7  `q..`q..........
00007240: 2de9 f04f c1f8 0cd0 c368 9d46 bde8 f08f  -..O.....h.F....
00007250: 0023 83f3 1188 2846 a047 0020 07f0 c8f9  .#....(F.G. ....
00007260: fee7 05f0 fffb 00df fee7 0000 53b9 4ab9  ............S.J.
00007270: 0029 08bf 0028 1cbf 4ff0 ff31 4ff0 ff30  .)...(..O..1O..0
00007280: 00f0 86b9 adf1 080c 6de9 04ce 00f0 06f8  ........m.......
00007290: ddf8 04e0 dde9 0223 04b0 7047 2de9 f047  .......#..pG-..G
000072a0: 089d 0f46 0446 8e46 002b 48d1 8a42 1646  ...F.F.F.+H..B.F
000072b0: 61d9 b2fa 82f2 4ab1 c2f1 2003 01fa 02fe  a.....J... .....
000072c0: 20fa 03f3 9640 43ea 0e0e 9440 4fea 164c   ....@C....@O..L
000072d0: befb fcf1 b7b2 0cfb 11ee 01fb 07f0 230c  ..............#.
000072e0: 43ea 0e43 9842 09d9 f318 01f1 ff3e 80f0  C..C.B.......>..
000072f0: ed80 9842 40f2 ea80 0239 3344 1b1a b3fb  ...B@....93D....
00007300: fcf0 0cfb 1033 00fb 07f7 a4b2 44ea 0344  .....3......D..D
00007310: a742 09d9 3419 00f1 ff33 80f0 d980 a742  .B..4....3.....B
00007320: 40f2 d680 3444 0238 40ea 0140 0021 e41b  @...4D.8@..@.!..
00007330: 1db1 0023 d440 c5e9 0043 bde8 f087 8b42  ...#.@...C.....B
00007340: 06d9 0db1 c5e9 0001 0021 0846 bde8 f087  .........!.F....
00007350: b3fa 83f1 0029 47d1 bb42 02d3 8242 00f2  .....)G..B...B..
00007360: 0481 841a 67eb 0302 0120 9646 002d e4d0  ....g.... .F.-..
00007370: c5e9 004e e1e7 002a 00f0 9080 b2fa 82f2  ...N...*........
00007380: 002a 40f0 a780 881b 0121 370c 1ffa 86fe  .*@......!7.....
00007390: b0fb f7fc 07fb 1c00 230c 43ea 0043 0efb  ........#.C..C..
000073a0: 0cf0 9842 07d9 f318 0cf1 ff38 02d2 9842  ...B.......8...B
000073b0: 00f2 e080 c446 1b1a b3fb f7f0 07fb 1033  .....F.........3
000073c0: 0efb 00fe a4b2 44ea 0344 a645 07d9 3419  ......D..D.E..4.
000073d0: 00f1 ff33 02d2 a645 00f2 c980 1846 a4eb  ...3...E.....F..
000073e0: 0e04 40ea 0c40 a3e7 c1f1 2006 8b40 22fa  ..@..@.... ..@".
000073f0: 06fc 4cea 030c 27fa 06fa 4fea 1c49 bafb  ..L...'...O..I..
00007400: f9f8 8f40 20fa 06f3 09fb 18aa 1ffa 8cfe  ...@ ...........
00007410: 3b43 00fa 01f7 08fb 0ef0 1c0c 44ea 0a44  ;C..........D..D
00007420: a042 02fa 01f2 0bd9 1ceb 0404 08f1 ff3a  .B.............:
00007430: 80f0 9980 a042 40f2 9680 a8f1 0208 6444  .....B@.......dD
00007440: 241a 98b2 b4fb f9f3 09fb 1344 03fb 0efe  $..........D....
00007450: 40ea 0444 a645 08d9 1ceb 0404 03f1 ff30  @..D.E.........0
00007460: 7fd2 a645 7dd9 023b 6444 43ea 0840 a4eb  ...E}..;dDC..@..
00007470: 0e04 a0fb 028e 7445 4346 f146 61d3 5ed0  ......tECF.Fa.^.
00007480: 55b1 fa1a 64eb 0904 04fa 06f6 22fa 01f3  U...d......."...
00007490: 1e43 cc40 c5e9 0064 0021 4ee7 4308 4fea  .C.@...d.!N.C.O.
000074a0: 510c 43ea c171 0a0c 42ea 0c42 8bb2 c407  Q.C..q..B..B....
000074b0: b2fb f6f1 43ea 0243 bcfb f6fc b646 3046  ....C..C.....F0F
000074c0: 3746 1f22 181a 41ea 0c41 61e7 7146 15e7  7F."..A..Aa.qF..
000074d0: 1846 29e7 c2f1 2003 21fa 03f0 9640 24fa  .F)... .!....@$.
000074e0: 03f3 9740 3b43 370c b0fb f7f8 07fb 1800  ...@;C7.........
000074f0: 1ffa 86fe 190c 41ea 0041 08fb 0ef0 8842  ......A..A.....B
00007500: 04fa 02f4 3ad9 7118 08f1 ff3c 01d2 8842  ....:.q....<...B
00007510: 1ed8 091a b1fb f7f8 08fb 0ef0 07fb 1811  ................
00007520: 9bb2 43ea 0143 8342 2fd2 f318 08f1 ff31  ..C..C.B/......1
00007530: c8d2 8342 c6d2 a8f1 0201 3344 c2e7 4745  ...B......3D..GE
00007540: 9ed2 b8eb 0203 6eeb 0c0e 0138 f146 97e7  ......n....8.F..
00007550: 301a 0144 a8f1 020c b1fb f7f8 08fb 0ef0  0..D............
00007560: dce7 0346 81e7 d046 6ae7 0846 fee6 3444  ...F...Fj..F..4D
00007570: 0238 34e7 acf1 020c 3344 1ce7 091a c446  .84.....3D.....F
00007580: b1fb f7f8 08fb 0ef0 c8e7 4146 9ae7 00bf  ..........AF....
00007590: 7047 00bf bff3 4f8f 0549 064b ca68 02f4  pG....O..I.K.h..
000075a0: e062 1343 cb60 bff3 4f8f 00bf fde7 00bf  .b.C.`..O.......
000075b0: 00ed 00e0 0400 fa05 4ff4 0042 034b 10f0  ........O..B.K..
000075c0: 020f 14bf 1a61 5a61 7047 00bf 000c 0140  .....aZapG.....@
000075d0: 0123 034a 8340 1188 0b43 1380 7047 00bf  .#.J.@...C..pG..
000075e0: d627 0020 0123 034a 8340 1088 20ea 0300  .'. .#.J.@.. ...
000075f0: 1080 7047 d627 0020 37b5 adf8 0400 c0f3  ..pG.'. 7.......
00007600: 0720 0428 1ed8 9df8 0430 0e2b 1ad8 c0eb  . .(.....0.+....
00007610: 0010 0344 0120 0024 03f0 0702 9040 0a4a  ...D. .$.....@.J
00007620: c3f3 cc03 c0b2 02eb 8302 12f8 015f 21fa  ............._!.
00007630: 04f3 43f3 0003 6b40 0340 0134 5d40 042c  ..C...k@.@.4]@.,
00007640: 1570 f2d1 03b0 30bd 8b27 0020 13b5 adf8  .p....0..'. ....
00007650: 0400 c0f3 0720 0428 1bd8 9df8 0430 0e2b  ..... .(.....0.+
00007660: 17d8 0022 c0eb 0010 0344 1046 0a49 03f0  ...".....D.F.I..
00007670: 0704 c3f3 cc03 01eb 8301 8b5c e340 03f0  ...........\.@..
00007680: 0103 9340 0132 1843 042a c0b2 f5d1 02b0  ...@.2.C.*......
00007690: 10bd 0020 fbe7 00bf 8c27 0020 054b 064a  ... .....'. .K.J
000076a0: 1b78 1278 9a42 00d1 7047 0133 03f0 0703  .x.x.B..pG.3....
000076b0: f8e7 00bf df27 0020 de27 0020 10b5 0a49  .....'. .'. ...I
000076c0: 0b78 23ea 0000 10f0 0704 0870 0bd1 9842  .x#........p...B
000076d0: 09d0 064b 5b78 5b07 05d5 c008 fff7 82ff  ...K[x[.........
000076e0: 034b 0c70 1c80 10bd d927 0020 2828 0020  .K.p.....'. ((. 
000076f0: da27 0020 024a 1378 23ea 0003 1370 7047  .'. .J.x#....ppG
00007700: d127 0020 034a 1378 1bb1 0023 1370 024a  .'. .J.x...#.p.J
00007710: 1380 7047 d027 0020 dc27 0020 82b0 adf8  ..pG.'. .'. ....
00007720: 0410 c1f3 0721 0429 10d8 9df8 0430 0e2b  .....!.).....0.+
00007730: 0cd8 0328 0cd8 4b22 c1eb 0111 02fb 0010  ...(..K"........
00007740: 1844 044b 33f8 1000 02b0 7047 0020 fbe7  .D.K3.....pG. ..
00007750: 0120 f9e7 0000 0008 e728 5dd8 df28 07d8  . .......(]..(..
00007760: 3128 72d0 1cd8 2928 65d0 2a28 74d0 7047  1(r...)(e.*(t.pG
00007770: a0f1 e003 072b 4fd8 01a2 52f8 23f0 00bf  .....+O...R.#...
00007780: c377 0008 1978 0008 df77 0008 e977 0008  .w...x...w...w..
00007790: fb77 0008 1978 0008 1178 0008 1b78 0008  .w...x...x...x..
000077a0: 3928 04d0 8228 02d0 3528 3fd0 7047 324b  9(...(..5(?.pG2K
000077b0: 1a78 9207 1fd1 5b78 13f0 080f 18bf 2920  .x....[x......) 
000077c0: 7047 2d4a 1378 d907 4dd4 5278 12f0 010f  pG-J.x..M.Rx....
000077d0: 22d0 13f0 100f 14bf 0020 e320 7047 264b  "........ . pG&K
000077e0: 1b78 13f0 040f f3e7 234a 1378 5907 3cd4  .x......#J.xY.<.
000077f0: 5278 d207 edd5 e020 7047 1f4b 5a78 9107  Rx..... pG.KZx..
00007800: 7f78 0008 3928 04d0 8228 02d0 3528 3fd0  .x..9(...(..5(?.
00007810: 7047 324b 1a78 9207 1fd1 5b78 13f0 080f  pG2K.x....[x....
00007820: 18bf 2920 7047 2d4a 1378 d907 4dd4 5278  ..) pG-J.x..M.Rx
00007830: 12f0 010f 22d0 13f0 100f 14bf 0020 e320  ...."........ . 
00007840: 7047 264b 1b78 13f0 040f f3e7 234a 1378  pG&K.x......#J.x
00007850: 5907 3cd4 5278 d207 edd5 e020 7047 1f4b  Y.<.Rx..... pG.K
00007860: 5a78 9107 0ad5 1b78 13f0 100f 14bf 0020  Zx.....x....... 
00007870: e720 7047 194b 1b78 1a07 f5d4 7047 174a  . pG.K.x....pG.J
00007880: 1378 1907 25d4 5278 9107 edd5 e420 7047  .x..%.Rx..... pG
00007890: 124b 1b78 13f0 200f c2e7 104b 1a78 9206  .K.x.. ....K.x..
000078a0: 19d4 5b78 13f0 080f 18bf 3920 7047 0b4b  ..[x......9 pG.K
000078b0: 1b78 13f0 400f 18bf 2a20 7047 074b 1b78  .x..@...* pG.K.x
000078c0: 13f0 400f 18bf 3120 7047 3920 7047 e220  ..@...1 pG9 pG. 
000078d0: 7047 e620 7047 3520 d0e7 00bf 862f 0020  pG. pG5 ...../. 
000078e0: 10b5 2f4c 2178 4b07 13d5 00f0 1402 a2f1  ../L!xK.........
000078f0: 040c 00f0 1803 dcf1 0002 42eb 0c02 a3f1  ..........B.....
00007900: 080c dcf1 0003 43eb 0c03 9a42 18bf 80f0  ......C....B....
00007910: 0c00 0b07 13d5 00f0 1402 a2f1 140c 00f0  ................
00007920: 1803 dcf1 0002 42eb 0c02 a3f1 180c dcf1  ......B.........
00007930: 0003 43eb 0c03 9a42 18bf 80f0 0c00 6478  ..C....B......dx
00007940: e307 13d5 00f0 1102 02f1 ff3c 00f0 1803  ...........<....
00007950: dcf1 0002 42eb 0c02 a3f1 080c dcf1 0003  ....B...........
00007960: 43eb 0c03 9a42 18bf 80f0 0900 a307 11d5  C....B..........
00007970: 00f0 1102 00f0 1803 a2f1 1104 6242 a3f1  ............bB..
00007980: 180c 6241 dcf1 0003 43eb 0c03 9a42 18bf  ..bA....C....B..
00007990: 80f0 0900 cb06 48bf 00f0 e700 10bd 00bf  ......H.........
000079a0: 862f 0020 38b5 fff7 09ff b0f5 a44f 0446  ./. 8........O.F
000079b0: 40d2 b0f5 a04f 80f0 a980 df28 16d8 cc28  @....O.....(...(
000079c0: 00f2 8980 a728 0ad8 a428 76d8 0128 04d0  .....(...(v..(..
000079d0: 031f 9bb2 a12b 28bf 0024 2046 38bd a0f1  .....+(..$ F8...
000079e0: a803 9bb2 1a2b 6ed9 0024 f6e7 b0f5 804f  .....+n..$.....O
000079f0: 16d2 b0f5 005f 80f0 9b80 e728 edd9 a0f5  ....._.....(....
00007a00: 8073 9bb2 b3f5 f85f eed2 c0f3 0720 fff7  .s....._..... ..
00007a10: 67ff 0546 e0b2 fff7 d1fe 40ea 0520 07e0  g..F......@.. ..
00007a20: c0b2 fff7 cbfe 04f4 7064 2043 40f4 2040  ........pd C@. @
00007a30: 84b2 d2e7 b0f5 a54f 22d2 45f2 5f23 9842  .......O".E._#.B
00007a40: 53d8 45f2 3f23 9842 0fd8 45f2 1f23 9842  S.E.?#.B..E..#.B
00007a50: 44d8 0123 00f0 0304 c0f3 8502 a340 43ea  D..#.........@C.
00007a60: 4213 43f4 0d43 9cb2 b7e7 0123 00f0 0304  B.C..C.....#....
00007a70: c0f3 8202 a340 43ea 4213 43f4 0c43 f2e7  .....@C.B.C..C..
00007a80: 45f2 bf23 9842 0ad8 45f2 9f23 9842 00f0  E..#.B..E..#.B..
00007a90: 1f00 35d8 4af2 f403 43ea 0024 9de7 a0f5  ..5.J...C..$....
00007aa0: a543 403b 9bb2 1f2b 9ed8 0402 04f4 f854  .C@;...+.......T
00007ab0: 44f4 2044 44f0 f004 8fe7 a0f1 2404 44f4  D. DD.......$.D.
00007ac0: 8044 a4b2 89e7 204b 5834 e4b2 33f8 1440  .D.... KX4..3..@
00007ad0: 44f4 8844 81e7 40f4 a044 f2e7 4af2 f103  D..D..@..D..J...
00007ae0: 00f0 1f04 43ea 0424 77e7 0123 00f0 0304  ....C..$w..#....
00007af0: c0f3 8202 a340 43ea 4213 43f4 0a43 b2e7  .....@C.B.C..C..
00007b00: fff7 eefe 0402 44f4 0054 dae7 00f0 1f00  ......D..T......
00007b10: fff7 e6fe 03b2 c206 48bf 1b01 c4f3 4314  ........H.....C.
00007b20: 4fea 0424 48bf 1bb2 1c43 44f4 1044 c8e7  O..$H....CD..D..
00007b30: c0f3 0420 fff7 d4fe 0546 e0b2 fff7 3efe  ... .....F....>.
00007b40: 40ea 0524 dfe7 00bf bc04 0108 0020 7047  @..$......... pG
00007b50: 0020 7047 7047 30bf fde7 0000 30b5 0e4c  . pGpG0.....0..L
00007b60: 2379 b3b9 3022 82f3 1188 0c49 0c48 ca69  #y..0".....I.H.i
00007b70: 8b60 5568 2843 5060 5568 0a48 2843 5060  .`Uh(CP`Uh.H(CP`
00007b80: 094a 1361 0222 0a71 83f3 1188 0120 2071  .J.a.".q.....  q
00007b90: 30bd 0220 fce7 00bf fc28 0020 0829 0020  0.. .....(. .). 
00007ba0: 2301 6745 ab89 efcd 0020 0240 0a4a 1379  #.gE..... .@.J.y
00007bb0: 7bb1 3023 83f3 1188 0849 c869 0369 43f0  {.0#.....I.i.iC.
00007bc0: 8003 0361 0120 0023 0871 83f3 1188 1371  ...a. .#.q.....q
00007bd0: 7047 0220 7047 00bf fc28 0020 0829 0020  pG. pG...(. .). 
00007be0: 13b5 0c4a 0b46 adf8 0610 1168 0a4a 0144  ...J.F.....h.J.D
00007bf0: 1278 12b1 db43 adf8 0630 084b 0222 1868  .x...C...0.K.".h
00007c00: 0368 dc68 0df1 0603 a047 b0fa 80f0 4009  .h.h.....G....@.
00007c10: 02b0 10bd 5c0e 0020 0429 0020 2829 0020  ....\.. .). (). 
00007c20: 0f4b 70b5 1d68 0f4b 0544 1868 0c46 0368  .Kp..h.K.D.h.F.h
00007c30: 0d4e 5b68 9847 4369 0120 5a5b 0023 0b4d  .N[h.GCi. Z[.#.M
00007c40: 3070 2b70 3370 0a49 2e78 0978 1eb1 1846  0p+p3p.I.x.x...F
00007c50: 2b70 2380 70bd 4b42 5340 9bb2 f9e7 00bf  +p#.p.KBS@......
00007c60: 5c0e 0020 2829 0020 9118 0020 9218 0020  \.. (). ... ... 
00007c70: 0429 0020 f0b5 284c a55c 0029 48d0 0626  .). ..(L.\.)H..&
00007c80: ff22 4643 541a b6fb f2f6 6ff0 5402 7243  ."FCT.....o.T.rC
00007c90: 02eb 4000 00eb 4000 c0b2 c0f1 ff02 00fb  ..@...@.........
00007ca0: 01f7 4a43 3f12 1212 c7f1 ff07 c2f1 ff02  ..JC?...........
00007cb0: 6c43 6f43 6a43 c4f3 0724 c7f3 0727 c2f3  lCoCjC...$...'..
00007cc0: 0722 062e 1fd8 01a1 51f8 26f0 e97c 0008  ."......Q.&..|..
00007cd0: ed7c 0008 f97c 0008 f57c 0008 ff7c 0008  .|...|...|...|..
00007ce0: 077d 0008 e97c 0008 2f46 1546 5f70 1d70  .}...|../F.F_p.p
00007cf0: 9c70 f0bd 2a46 3d46 2746 1446 f6e7 1746  .p..*F=F'F.F...F
00007d00: 2a46 2546 f9e7 2a46 2546 3c46 1746 ede7  *F%F..*F%F<F.F..
00007d10: 2c46 2f46 eae7 00bf 5101 0108 064a 1378  ,F/F....Q....J.x
00007d20: 032b 04d8 0121 61f3 8703 1370 7047 8f2b  .+...!a....ppG.+
00007d30: fcd9 2321 f7e7 00bf 302e 0020 094b 1b78  ..#!....0.. .K.x
00007d40: 13f0 0103 09d1 1946 074a 0133 162b 5170  .......F.J.3.+Qp
00007d50: 1170 9170 02f1 0302 f7d1 1621 0248 00f0  .p.p.......!.H..
00007d60: 51b9 00bf 302e 0020 4f18 0020 70b5 0446  Q...0.. O.. p..F
00007d70: 0025 0d4b 0d4e 2079 f278 2844 0b35 b178  .%.K.N y.x(D.5.x
00007d80: c0b2 edb2 fff7 76ff f22d 03f1 0303 f2d1  ......v..-......
00007d90: fff7 d4ff a278 2379 d207 4cbf 0133 03f1  .....x#y..L..3..
00007da0: ff33 dbb2 2371 70bd 4f18 0020 302e 0020  .3..#qp.O.. 0.. 
00007db0: 0021 1d4b 0846 1a46 70b5 0131 1629 5070  .!.K.F.Fp..1.)Pp
00007dc0: 1070 9070 02f1 0302 f7d1 0024 174d 184e  .p.p.......$.M.N
00007dd0: 95f9 0020 9442 22db 96f9 0020 9442 1edc  ... .B".... .B..
00007de0: 1448 c278 8178 4078 fff7 44ff 0134 162c  .H.x.x@x..D..4.,
00007df0: 03f1 0303 ecd1 fff7 a1ff 0d4c 0e48 2278  ...........L.H"x
00007e00: 0178 2b78 0a44 52b2 0b44 5bb2 002a 2b70  .x+x.DR..D[..*+p
00007e10: 2270 01dd 142b 01dd 4942 0170 70bd 0022  "p...+..IB.pp.."
00007e20: 5a70 1a70 9a70 e1e7 4f18 0020 4e18 0020  Zp.p.p..O.. N.. 
00007e30: 4a0e 0020 302e 0020 490e 0020 2de9 f843  J.. 0.. I.. -..C
00007e40: 5525 0379 0646 03fb 03f2 5a43 c3f1 2003  U%.y.F....ZC.. .
00007e50: 03fb 03f1 5543 03fb 0122 b5fb f2f5 edb2  ....UC..."......
00007e60: 292d 85bf c5f1 5504 04eb 4404 05eb 4504  )-....U...D...E.
00007e70: 04eb d474 94bf 6fea 5404 6fea 6404 0027  ...t..o.T.o.d..'
00007e80: c5f1 5508 114b dff8 4890 e4b2 5ffa 88f8  ..U..K..H..._...
00007e90: ba07 54bf 4046 2846 2246 99f8 0210 0137  ..T.@F(F"F.....7
00007ea0: fff7 e8fe 162f 03f1 0303 f1d1 fff7 46ff  ...../........F.
00007eb0: 3379 084a 33b9 0121 1170 1278 1344 3371  3y.J3..!.p.x.D3q
00007ec0: bde8 f883 202b f8d1 ff21 f5e7 4f18 0020  .... +...!..O.. 
00007ed0: 302e 0020 480e 0020 70b5 0446 0025 0e4b  0.. H.. p..F.%.K
00007ee0: 0e4e 0a2d 7078 b178 2279 10dc 8ab1 f278  .N.-px.x"y.....x
00007ef0: 0135 fff7 bffe 162d 03f1 0303 f1d1 fff7  .5.....-........
00007f00: 1dff 2379 0133 03f0 0103 2371 70bd 002a  ..#y.3....#qp..*
00007f10: edd0 0022 ece7 00bf 4f18 0020 302e 0020  ..."....O.. 0.. 
00007f20: 10b4 0024 054b 0134 162c 5870 1970 9a70  ...$.K.4.,Xp.p.p
00007f30: 03f1 0303 f7d1 10bc fff7 00bf 4f18 0020  ............O.. 
00007f40: 13b5 0b4c 2378 db07 10d5 01ab fff7 92fe  ...L#x..........
00007f50: 2378 db07 0ad5 9df8 0620 9df8 0410 9df8  #x....... ......
00007f60: 0500 02b0 bde8 1040 fff7 dabf 02b0 10bd  .......@........
00007f70: 302e 0020 10b5 0446 054b 0279 0549 5878  0.. ...F.K.y.IXx
00007f80: 8a5c 9978 fff7 dcff 2379 0133 2371 10bd  .\.x....#y.3#q..
00007f90: 302e 0020 2800 0108 10b5 0446 044b 0079  0.. (......F.K.y
00007fa0: da78 9978 fff7 ccff 2379 0133 2371 10bd  .x.x....#y.3#q..
00007fb0: 302e 0020 00b1 1047 0847 0000 b0f5 f84f  0.. ...G.G.....O
00007fc0: 04d1 034b 1b68 002b 08bf 0020 7047 00bf  ...K.h.+... pG..
00007fd0: 642a 0020 0022 10b5 064b 074c 0748 0849  d*. ."...K.L.H.I
00007fe0: 9a61 0132 102a 9c60 d860 1961 03f1 1c03  .a.2.*.`.`.a....
00007ff0: f6d1 10bd 682c 0020 ddc7 0008 19c8 0008  ....h,. ........
00008000: adc8 0008 2de9 f041 0825 0024 164e a3b2  ....-..A.%.$.N..
00008010: 9942 01d8 bde8 f081 0023 90f8 0180 90f8  .B.......#......
00008020: 00e0 90f8 02c0 aa19 48fa 03f7 17f0 010f  ........H.......
00008030: 0cbf 0c27 1c27 d771 4efa 03f7 17f0 010f  ...'.'.qN.......
00008040: 0cbf 0c27 1c27 02f8 017d 4cfa 03f7 17f0  ...'.'...}L.....
00008050: 010f 0cbf 0c27 1c27 0133 082b 1774 e3d1  .....'.'.3.+.t..
00008060: 0134 1835 0330 d2e7 b914 0020 0023 064a  .4.5.0..... .#.J
00008070: 1380 064a d179 09b9 9171 1172 0133 102b  ...J.y...q.r.3.+
00008080: 02f1 0c02 f6d1 7047 4a2e 0020 c42e 0020  ......pGJ.. ... 
00008090: 70b5 0f4c 0f4b 2178 1a78 0b46 0e4d 9a42  p..L.K!x.x.F.M.B
000080a0: 10d0 35f8 1360 8642 0dd1 0c25 0b4a 8b42  ..5..`.B...%.J.B
000080b0: 05fb 0022 4ff0 0100 9071 03d1 0344 03f0  ..."O....q...D..
000080c0: 0303 2370 70bd 0133 03f0 0303 e7e7 00bf  ..#pp..3........
000080d0: 4d2e 0020 4c2e 0020 422e 0020 c42e 0020  M.. L.. B.. ... 
000080e0: 0379 1942 15d1 8378 abb1 027a 1940 1207  .y.B...x...z.@..
000080f0: 03d5 081e 18bf 0120 7047 03f0 0f00 01f0  ....... pG......
00008100: 0f02 40ea 1310 42ea 1113 c31a 5842 5841  ..@...B.....XBXA
00008110: 7047 0020 7047 0120 7047 00eb 4003 c3eb  pG. pG. pG..@...
00008120: 0313 00eb 8300 83b2 00b2 0028 07da 8038  ...........(...8
00008130: 00b2 0028 b8bf ff30 0012 40b2 7047 03f1  ...(...0..@.pG..
00008140: 8000 c0f3 0720 f8e7 0e4b 1b78 d907 10d4  ..... ...K.x....
00008150: 9a07 10d4 5b07 10d4 0b4b 1b78 7bb1 1d2b  ....[....K.x{..+
00008160: 4ff0 5000 03d8 4343 1e20 b3fb f0f0 c0b2  O.P...CC. ......
00008170: 7047 1420 fbe7 2820 f9e7 5020 f7e7 0820  pG. ..( ..P ... 
00008180: f5e7 00bf 7a2b 0020 7c2b 0020 0f4b 1b78  ....z+. |+. .K.x
00008190: d907 10d4 9a07 10d4 5b07 12d4 0c4b 1878  ........[....K.x
000081a0: 68b1 2728 0dd8 2823 c000 b0fb f3f0 50b1  h.'(..(#......P.
000081b0: 80b2 c0b2 7047 0220 fbe7 0420 f9e7 0120  ....pG. ... ... 
000081c0: f7e7 0820 f5e7 0120 7047 00bf 7a2b 0020  ... ... pG..z+. 
000081d0: 7b2b 0020 08b5 a0f1 cd03 122b 2dd8 01a2  {+. .......+-...
000081e0: 52f8 23f0 3182 0008 3d82 0008 4382 0008  R.#.1...=...C...
000081f0: 4f82 0008 7982 0008 7982 0008 7982 0008  O...y...y...y...
00008200: 7982 0008 7982 0008 7982 0008 7982 0008  y...y...y...y...
00008210: 7982 0008 5582 0008 5f82 0008 6782 0008  y...U..._...g...
00008220: 7382 0008 8982 0008 9582 0008 9f82 0008  s...............
00008230: fff7 8aff 4042 1c4b d870 08bd fff7 84ff  ....@B.K.p......
00008240: f9e7 fff7 81ff 4042 174b 9870 f5e7 fff7  ......@B.K.p....
00008250: 7bff f9e7 fff7 9aff 134b 1871 ede7 fff7  {........K.q....
00008260: 95ff 4042 f8e7 fff7 91ff 4042 0e4b 5871  ..@B......@B.KXq
00008270: e3e7 fff7 8bff f9e7 0123 0b4a d138 5178  .........#.J.8Qx
00008280: 8340 0b43 5370 d8e7 084a 1378 43f0 0103  .@.CSp...J.xC...
00008290: 1370 d2e7 054a 1378 43f0 0203 f8e7 034a  .p...J.xC......J
000082a0: 1378 43f0 0403 f3e7 7d2b 0020 7a2b 0020  .xC.....}+. z+. 
000082b0: 414b cd28 93f9 0320 12d1 002a 01da 0022  AK.(... ...*..."
000082c0: da70 d978 9a78 0a43 51b2 0ab9 3b4a 1170  .p.x.x.CQ...;J.p
000082d0: 1a79 5b79 1343 5ab2 0bb9 394b 1a70 7047  .y[y.CZ...9K.ppG
000082e0: ce28 02d1 002a eadc ebe7 cf28 93f9 0220  .(...*.....(... 
000082f0: 04d1 002a e5da 0022 9a70 e2e7 d028 02d1  ...*...".p...(..
00008300: 002a f8dc dde7 d928 93f9 0420 04d1 002a  .*.....(... ...*
00008310: d7dd 0022 1a71 d4e7 da28 02d1 002a d0da  ...".q...(...*..
00008320: f7e7 db28 93f9 0520 04d1 002a c9da 0022  ...(... ...*..."
00008330: 5a71 c6e7 dc28 02d1 002a f8dc c1e7 d138  Zq...(...*.....8
00008340: 0e28 bed8 01a2 52f8 20f0 00bf 8983 0008  .(....R. .......
00008350: 8983 0008 8983 0008 8983 0008 8983 0008  ................
00008360: 8983 0008 8983 0008 8983 0008 c382 0008  ................
00008370: c382 0008 c382 0008 c382 0008 9783 0008  ................
00008380: a383 0008 ad83 0008 0121 5a78 8140 22ea  .........!Zx.@".
00008390: 0102 5a70 95e7 0b49 0a78 22f0 0102 0a70  ..Zp...I.x"....p
000083a0: 8fe7 0849 0a78 22f0 0202 f8e7 0549 0a78  ...I.x"......I.x
000083b0: 22f0 0402 f3e7 00bf 7d2b 0020 7c2b 0020  ".......}+. |+. 
000083c0: 7b2b 0020 7a2b 0020 02b1 1047 7047 0000  {+. z+. ...GpG..
000083d0: 024b 1868 08b1 0368 1847 7047 f42a 0020  .K.h...h.GpG.*. 
000083e0: 0b4b 07b5 1a88 8242 0ed0 1880 094b 1b68  .K.....B.....K.h
000083f0: 53b1 0322 8df8 0500 000a 8df8 0600 1b69  S.."...........i
00008400: 8df8 0420 01a8 9847 03b0 5df8 04fb 00bf  ... ...G..].....
00008410: b614 0020 f42a 0020 0b4b 07b5 1a88 8242  ... .*. .K.....B
00008420: 0fd0 1880 094b 1b68 5bb1 0422 8df8 0500  .....K.h[.."....
00008430: 000a 8df8 0600 1b69 8df8 0420 0deb 0200  .......i... ....
00008440: 9847 03b0 5df8 04fb b414 0020 f42a 0020  .G..]...... .*. 
00008450: 10b5 164b 1b78 abb9 0022 4ff0 ff33 1449  ...K.x..."O..3.I
00008460: 11f8 014f a042 1fd0 b3f1 ff3f 01d1 04b9  ...O.B.....?....
00008470: 53b2 0132 062a f3d1 5a1c 15d0 0d4a 1344  S..2.*..Z....J.D
00008480: 9870 11e0 0c4b 93f9 0030 002b e4da ef28  .p...K...0.+...(
00008490: 4fea d003 08d8 094a 00f0 0700 1a44 0123  O......J.....D.#
000084a0: 9178 8340 0b43 9370 10bd 00bf b410 0020  .x.@.C.p....... 
000084b0: 4914 0020 4814 0020 862f 0020 2814 0020  I.. H.. ./. (.. 
000084c0: 10b5 124b 1b78 63b9 0023 1946 104a 12f8  ...K.xc..#.F.J..
000084d0: 014f 0133 8442 dbb2 08bf 1170 062b f6d1  .O.3.B.....p.+..
000084e0: 12e0 0c4b 93f9 0030 002b edda ef28 4fea  ...K...0.+...(O.
000084f0: d002 09d8 0121 084b 00f0 0700 1344 9a78  .....!.K.....D.x
00008500: 8140 22ea 0102 9a70 10bd 00bf b410 0020  .@"....p....... 
00008510: 4914 0020 862f 0020 2814 0020 38b5 3023  I.. ./. (.. 8.0#
00008520: 83f3 1188 124b 134c 1349 d869 2368 0a68  .....K.L.I.i#h.h
00008530: c01a 8242 114a 0ad9 a3f5 8333 e03b 1568  ...B.J.....3.;.h
00008540: 2360 0f4b 00f5 8330 2b44 e030 1360 0860  #`.K...0+D.0.`.`
00008550: 1568 0021 81f3 1188 4ff4 7a7c 094c 0023  .h.!....O.z|.L.#
00008560: e0fb 0c41 084a 2046 fef7 80fe 2844 38bd  ...A.J F....(D8.
00008570: 682a 0020 3429 0020 3029 0020 2c29 0020  h*. 4). 0). ,). 
00008580: 8859 8f02 9f86 0100 a086 0100 094a 08b5  .Y...........J..
00008590: 5278 5207 0ad5 084b 41ea c001 1970 fff7  RxR....KA....p..
000085a0: 47f8 fff7 bbff 054b 1880 08bd bde8 0840  G......K.......@
000085b0: fff7 3eb8 862f 0020 3c2e 0020 3e2e 0020  ..>../. <.. >.. 
000085c0: 38b5 1c4b 1c4d 1c78 1c4b 1b78 1c43 2b78  8..K.M.x.K.x.C+x
000085d0: f3b1 fff7 a3ff 1a4b 1b88 c01a 41f2 8733  .......K....A..3
000085e0: 80b2 9842 01d9 fff7 ddf8 164b 2878 1b78  ...B.......K(x.x
000085f0: 23b1 154b 93f9 0030 002b 11db 0622 134b  #..K...0.+...".K
00008600: 9918 0022 9942 0ed1 0ab1 fff7 cbf8 0443  ...".B.........C
00008610: 0f4b 104a 1b78 1078 24ea 0304 2043 38bd  .K.J.x.x$... C8.
00008620: 1e22 0d4b ece7 13f8 015b 002d ead0 0132  .".K.....[.-...2
00008630: d2b2 e7e7 392e 0020 382e 0020 3b2e 0020  ....9.. 8.. ;.. 
00008640: 402e 0020 b410 0020 862f 0020 4a14 0020  @.. ... ./. J.. 
00008650: 932b 0020 922b 0020 2a14 0020 08b5 074a  .+. .+. *.. ...J
00008660: 1378 0342 08d0 23ea 0000 1070 10b1 fff7  .x.B..#....p....
00008670: 55ff 80b2 024b 1880 08bd 00bf 382e 0020  U....K......8.. 
00008680: 402e 0020 0022 08b5 074b 1a70 fff7 8af8  @.. ."...K.p....
00008690: fff7 44ff 0122 054b 00f5 9c50 0830 1880  ..D..".K...P.0..
000086a0: 034b 1a70 08bd 00bf 392e 0020 8e2b 0020  .K.p....9.. .+. 
000086b0: 902b 0020 38b5 0b4b 0546 1c68 fff7 2eff  .+. 8..K.F.h....
000086c0: 001b b0f5 fa7f 0ad3 fff7 28ff 3223 0446  ..........(.2#.F
000086d0: 054a 1460 054a 1360 054b 1d80 38bd 4ff4  .J.`.J.`.K..8.O.
000086e0: fa73 f5e7 602c 0020 f429 0020 f029 0020  .s..`,. .). .). 
000086f0: 5c2c 0020 10b5 fff7 11ff 0d4b 80b2 9a78  \,. .......K...x
00008700: d978 0a43 18bf 0b4a 5979 18bf 1080 1a79  .x.C...JYy.....y
00008710: 0a43 1cbf 084a 1080 084a 1268 32b1 0221  .C...J...J.h2..!
00008720: 1970 0348 d368 bde8 1040 1847 10bd 00bf  .p.H.h...@.G....
00008730: 7d2b 0020 002a 0020 fe29 0020 f42a 0020  }+. .*. .). .*. 
00008740: 90f8 7720 90f8 7630 43ea 0223 1a0a 032a  ..w ..v0C..#...*
00008750: 1ad0 0cd8 012a 2ed0 022a 12d1 5b23 174a  .....*...*..[#.J
00008760: 1748 002a 4260 0360 08bf 1046 7047 90f8  .H.*B`.`...FpG..
00008770: 7830 90f8 7910 212a 43ea 0123 0dd0 222a  x0..y.!*C..#.."*
00008780: 12d0 0023 1a46 ebe7 dbb2 032b f9d8 0d4a  ...#.F.....+...J
00008790: 0d49 52f8 2320 cb5c e2e7 022b f1d8 0b4a  .IR.# .\...+...J
000087a0: 52f8 2320 0923 dbe7 022b ead8 084a 0949  R.# .#...+...J.I
000087b0: 52f8 2320 efe7 1223 074a d1e7 fbfc 0008  R.# ...#.J......
000087c0: ac14 0020 88fd 0008 84fd 0008 78fd 0008  ... ........x...
000087d0: 6cfd 0008 68fd 0008 56fd 0008 90f8 7a20  l...h...V.....z 
000087e0: 90f8 7b00 0849 42ea 0022 022a 0b78 07d1  ..{..IB..".*.x..
000087f0: 012b 01d0 062b 05d1 4a78 044b 1a70 7047  .+...+..Jx.K.ppG
00008800: 024a 1370 7047 00bf a814 0020 a514 0020  .J.ppG..... ... 
00008810: 70b5 90f8 7410 0446 01f0 7f03 212b 40f0  p...t..F....!+@.
00008820: 9280 11f0 800f 90f8 7530 50d0 022b 32d0  ........u0P..+2.
00008830: 032b 25d0 012b 4ad1 90f8 7830 022b 01d9  .+%..+J...x0.+..
00008840: 0020 70bd 90f8 7610 0829 f9d8 544a d25c  . p...v..)..TJ.\
00008850: 022a f5d8 9020 534b 00fb 0233 d3f8 8c30  .*... SK...3...0
00008860: 002b edd0 504d 5e68 1868 2a46 b047 05f1  .+..PM^h.h*F.G..
00008870: 0803 a366 ab6c 0022 e366 2267 0120 e0e7  ...f.l.".f"g. ..
00008880: 90f8 7820 90f8 7930 52ea 0322 5bd1 474b  ..x ..y0R.."[.GK
00008890: 8366 0123 f0e7 90f8 7830 022b d0d8 90f8  .f.#....x0.+....
000088a0: 7610 0829 ccd8 3e4a d25c 022a c8d8 9020  v..)..>J.\.*... 
000088b0: 3c4b 00fb 0233 d3f8 8c30 002b c0d0 5a69  <K...3...0.+..Zi
000088c0: 1868 9047 3a4b 1870 a366 0123 d3e7 0a2b  .h.G:K.p.f.#...+
000088d0: 1fd0 0b2b 0fd0 092b 35d1 94f8 7830 94f8  ...+...+5...x0..
000088e0: 7920 43ea 0223 23f0 0203 63bb 314b 324a  y C..##...c.1K2J
000088f0: a366 0223 c0e7 94f8 7830 94f8 7920 53ea  .f.#....x0..y S.
00008900: 0223 03d1 94f8 7620 284b 1a70 0023 a366  .#....v (K.p.#.f
00008910: b1e7 94f8 7830 022b 92d8 94f8 7610 0829  ....x0.+....v..)
00008920: 8ed8 1f4a d25c 022a 8ad8 9020 1d4b 00fb  ...J.\.*... .K..
00008930: 0233 d3f8 8c30 002b 82d0 1d69 94f8 7720  .3...0.+...i..w 
00008940: 1868 a847 e2e7 01f0 9f01 8129 18d1 94f8  .h.G.......)....
00008950: 7530 062b 14d1 94f8 7920 6168 94f8 7830  u0.+....y ah..x0
00008960: 4d68 43ea 0223 2046 94f8 7720 94f8 7610  MhC..# F..w ..v.
00008970: a847 0028 3ff4 64af 4368 a366 0368 7ae7  .G.(?.d.Ch.f.hz.
00008980: 0325 084e d6f8 8430 23b9 013d 06f1 9006  .%.N...0#..=....
00008990: f8d1 55e7 2046 9847 0028 f6d0 6ee7 00bf  ..U. F.G.(..n...
000089a0: f8fc 0008 7c0e 0020 5814 0020 b410 0020  ....|.. X.. ... 
000089b0: a414 0020 a814 0020 dd87 0008 014b 1878  ... ... .....K.x
000089c0: 7047 00bf a514 0020 0346 3022 82f3 1188  pG..... .F0"....
000089d0: 0169 4269 9142 0fd1 c068 48b1 0120 1a6f  .iBi.B...hH.. .o
000089e0: 93f8 7430 9840 1389 1840 b0fa 80f0 4009  ..t0.@...@....@.
000089f0: 0023 83f3 1188 7047 0020 f9e7 0368 43b1  .#....pG. ...hC.
00008a00: 9100 1960 0349 0b78 002a 18bf 43f0 0103  ...`.I.x.*..C...
00008a10: 0b70 7047 502a 0020 0068 10b1 0068 c0f3  .ppGP*. .h...h..
00008a20: 8700 7047 38b5 0368 0bb9 0020 38bd 3023  ..pG8..h... 8.0#
00008a30: 83f3 1188 0368 0021 1c68 5b68 81f3 1188  .....h.!.h[h....
00008a40: 002c f2d0 4ff4 7a7c 074a 084d d069 084a  .,..O.z|.J.M.i.J
00008a50: c01a e0fb 0c51 0023 2846 fef7 07fc 8442  .....Q.#(F.....B
00008a60: 8cbf 0020 0120 e1e7 682a 0020 9f86 0100  ... . ..h*. ....
00008a70: a086 0100 4b1e 072b 0bd8 50f8 2130 43b1  ....K..+..P.!0C.
00008a80: 9100 1960 0349 0b78 002a 18bf 43f0 0103  ...`.I.x.*..C...
00008a90: 0b70 7047 502a 0020 0829 06d8 50f8 2100  .ppGP*. .)..P.!.
00008aa0: 20b1 0068 c0f3 8700 7047 0020 7047 0000   ..h....pG. pG..
00008ab0: 0829 38b5 01d9 0020 38bd 50f8 2130 002b  .)8.... 8.P.!0.+
00008ac0: f9d0 3023 83f3 1188 50f8 2130 0021 1c68  ..0#....P.!0.!.h
00008ad0: 5b68 81f3 1188 002c edd0 4ff4 7a7c 084a  [h.....,..O.z|.J
00008ae0: 084d d069 084a c01a e0fb 0c51 0023 2846  .M.i.J.....Q.#(F
00008af0: fef7 bcfb 8442 8cbf 0020 0120 dce7 00bf  .....B... . ....
00008b00: 682a 0020 9f86 0100 a086 0100 0346 10b5  h*. .........F..
00008b10: 1b68 9842 03d0 9c68 8a68 9442 f8d2 5a68  .h.B...h.h.B..Zh
00008b20: 0b60 4a60 1160 5960 10bd 0000 3023 83f3  .`J`.`Y`....0#..
00008b30: 1188 0d4b 5b68 13f4 0063 12d0 eff3 0983  ...K[h...c......
00008b40: 4ff0 8072 203b da61 83f3 0988 074a 1168  O..r ;.a.....J.h
00008b50: d268 8968 9268 9142 8cbf 054a 054a 9a61  .h.h.h.B...J.J.a
00008b60: 7047 83f3 1188 7047 00ed 00e0 682a 0020  pG....pG....h*. 
00008b70: 6372 0008 6672 0008 0369 1960 c268 013a  cr..fr...i.`.h.:
00008b80: c260 c269 1344 8269 0361 9342 24bf 436a  .`.i.D.i.a.B$.Cj
00008b90: 0361 0023 8362 036b 03b1 1847 7047 0368  .a.#.b.k...GpG.h
00008ba0: 10b5 5b68 0c46 9847 c368 13b1 53f8 3400  ..[h.F.G.h..S.4.
00008bb0: 10bd 0069 6043 fbe7 90f8 7630 074a 10b5  ...i`C....v0.J..
00008bc0: 80f8 7e30 43f0 8003 d364 4368 0446 1b68  ..~0C....dCh.F.h
00008bd0: 0bb1 0121 9847 0323 2370 10bd 005c 0040  ...!.G.##p...\.@
00008be0: 70b5 0124 4689 04fa 01f5 3543 4581 00eb  p..$F.....5CE...
00008bf0: 8100 c568 a869 8260 0022 0360 4260 c260  ...h.i.`.".`B`.`
00008c00: 2bb1 6a8a 013b 1344 b3fb f2f3 9cb2 084a  +.j..;.D.......J
00008c10: 0482 52f8 2130 23f4 9043 23f0 7003 83f4  ..R.!0#..C#.p...
00008c20: 4053 43f4 0043 43f0 8003 42f8 2130 70bd  @SC..CC...B.!0p.
00008c30: 005c 0040 10b4 0346 006f 0278 042a 12d1  .\.@...F.o.x.*..
00008c40: 0122 93f8 7410 4489 8a40 2242 0bd1 1a69  ."..t.D..@"B...i
00008c50: 5c69 a242 01d1 dc68 2cb9 db69 10bc 043b  \i.B...h,..i...;
00008c60: 0432 fff7 bdbf 10bc 7047 406b fff7 e2bf  .2......pG@k....
00008c70: 0048 7047 54fc 0008 f7b5 0546 0079 0528  .HpGT......F.y.(
00008c80: 40d0 0420 2871 1f20 4ff6 ff7c ec69 e060  @.. (q. O..|.i.`
00008c90: 2069 40f0 0100 2061 0ab9 1046 2ae0 21f0   i@... a...F*.!.
00008ca0: 0100 adf8 04c0 00f1 0060 01f0 0106 13f8  .........`......
00008cb0: 017b 0836 6e44 013a 06f8 047c 01f1 0101  .{.6nD.:...|....
00008cc0: 01d0 cf07 f1d4 bdf8 0470 0780 e668 f607  .........p...h..
00008cd0: fcd4 e668 06f0 1f0e 16f0 100f c4f8 0ce0  ...h............
00008ce0: 07d1 7607 03d4 0088 80b2 8742 d4d0 0320  ..v........B... 
00008cf0: 00e0 0620 2369 23f0 0103 2361 0223 2b71  ... #i#...#a.#+q
00008d00: 03b0 f0bd 0120 fbe7 0720 7047 10b5 0379  ..... ... pG...y
00008d10: 0446 052b 14d0 0523 1f22 0371 c369 da60  .F.+...#.".q.i.`
00008d20: 1a69 42f0 0202 1a61 fff7 39ff e369 00f1  .iB....a..9..i..
00008d30: 0060 5861 0020 1a69 42f0 4002 1a61 10bd  .`Xa. .iB.@..a..
00008d40: 0120 fce7 0379 052b 09d1 c369 da68 d207  . ...y.+...i.h..
00008d50: 07d4 1a69 22f0 3602 1a61 0223 0371 0020  ...i".6..a.#.q. 
00008d60: 7047 09b1 0123 0b60 0120 7047 10b5 0379  pG...#.`. pG...y
00008d70: 0446 052b 12d0 fff7 12ff 00f1 0063 1a1f  .F.+.........c..
00008d80: 03f5 7f73 52f8 041f 0131 05d1 9a42 f9d1  ...sR....1...B..
00008d90: 0020 0223 2371 10bd 0520 fae7 0120 fae7  . .##q... ... ..
00008da0: 10b4 0468 437b 2168 4268 d940 1268 01f0  ...hC{!hBh.@.h..
00008db0: 0e01 0a42 0ed0 827b 01fa 03f3 6360 064b  ...B...{....c`.K
00008dc0: 0132 53f8 3240 2cb1 03eb c203 5868 2346  .2S.2@,.....Xh#F
00008dd0: 10bc 1847 10bc 7047 9418 0020 164b f0b5  ...G..pG... .K..
00008de0: 9f5c 0023 032a 1d46 4ff0 0802 1c46 1e46  .\.#.*.FO....F.F
00008df0: 08bf 0161 11f0 800f 4fea 0414 4fea 0313  ...a....O...O...
00008e00: 4fea 0616 4fea 0515 0cbf 44f0 0f04 3b43  O...O.....D...;C
00008e10: 11f4 004f 0cbf 46f0 0f06 3d43 013a 4fea  ...O..F...=C.:O.
00008e20: 4101 e7d1 4268 3240 2a43 4260 0268 2240  A...Bh2@*CB`.h"@
00008e30: 1343 0360 f0bd 00bf 40fc 0008 08b5 3023  .C.`....@.....0#
00008e40: 83f3 1188 0121 00f0 0f03 9940 0322 20f0  .....!.....@." .
00008e50: 0f00 fff7 c3ff 0023 83f3 1188 08bd 0000  .......#........
00008e60: 0f4b 10b5 1b6d 0401 03f1 8043 03f5 c043  .K...m.....C...C
00008e70: 03eb 0010 e358 1144 03f1 0053 03f5 4053  .....X.D...S..@S
00008e80: 5b00 4260 002a a1eb 0204 00dc 10bd 2078  [.B`.*........ x
00008e90: 6478 023a 40ea 0420 43f8 040b f2e7 00bf  dx.:@.. C.......
00008ea0: 005c 0040 38b5 0c46 0125 1146 0289 a540  .\.@8..F.%.F...@
00008eb0: 1543 0581 00eb 8400 c268 0025 5069 128a  .C.......h.%Pi..
00008ec0: 0360 9a42 28bf 1a46 8160 0261 4560 c560  .`.B(..F.`.aE`.`
00008ed0: 2046 fff7 c5ff 084a 52f8 2430 23f4 f043   F.....JR.$0#..C
00008ee0: 23f0 4003 83f0 3003 43f4 0043 43f0 8003  #.@...0.C..CC...
00008ef0: 42f8 2430 38bd 00bf 005c 0040 10b4 436b  B.$08....\.@..Ck
00008f00: 186f 0278 042a 11d1 0122 93f8 7410 0489  .o.x.*..."..t...
00008f10: 8a40 2242 0ad1 5a69 1c69 9442 01d1 db68  .@"B..Zi.i.B...h
00008f20: 23b9 52f8 043b 10bc fff7 bcbf 10bc 7047  #.R..;........pG
00008f30: 38b5 90f8 6430 0446 002b 5bd0 063b dab2  8...d0.F.+[..;..
00008f40: 0f2a 51d8 0f2b 4fd8 01a2 52f8 23f0 00bf  .*Q..+O...R.#...
00008f50: f58f 0008 e98f 0008 e98f 0008 918f 0008  ................
00008f60: cd8f 0008 eb8f 0008 e98f 0008 e98f 0008  ................
00008f70: e98f 0008 e98f 0008 e98f 0008 e98f 0008  ................
00008f80: e98f 0008 e98f 0008 f58f 0008 f58f 0008  ................
00008f90: 90f8 7a30 90f8 7b20 c56e 43ea 0223 9d42  ..z0..{ .nC..#.B
00008fa0: 14d2 c368 1b8a b5fb f3f2 03fb 1255 6db9  ...h.........Um.
00008fb0: 3023 83f3 1188 2b46 2a46 2946 fff7 72ff  0#....+F*F)F..r.
00008fc0: 85f3 1188 0a23 84f8 6430 0de0 1423 84f8  .....#..d0...#..
00008fd0: 6430 3023 83f3 1188 0023 2046 1a46 1946  d00#.....# F.F.F
00008fe0: fff7 fefd 81f3 1188 38bd 036f 03b1 9847  ........8..o...G
00008ff0: 0023 e8e7 48f2 8001 0d4a 1368 23f4 f043  .#..H....J.h#..C
00009000: 23f0 4003 83f0 1003 0b43 1360 1368 23f4  #.@......C.`.h#.
00009010: 9043 23f0 7003 83f4 8053 0b43 1360 6368  .C#.p....S.C.`ch
00009020: 1b68 13b1 0621 2046 9847 0623 cbe7 00bf  .h...! F.G.#....
00009030: 005c 0040 10b5 90f8 6430 0446 142b 36d0  .\.@....d0.F.+6.
00009040: 24d8 062b 05d0 01d8 1bb1 10bd 093b 022b  $..+.........;.+
00009050: fbd8 48f2 8001 1c4a 1368 23f4 f043 23f0  ..H....J.h#..C#.
00009060: 4003 83f0 1003 0b43 1360 1368 23f4 9043  @......C.`.h#..C
00009070: 23f0 7003 83f4 8053 0b43 1360 6368 1b68  #.p....S.C.`ch.h
00009080: 13b1 0621 2046 9847 0623 19e0 152b dcd1  ...! F.G.#...+..
00009090: 0b23 80f8 6430 3023 83f3 1188 0023 1a46  .#..d00#.....#.F
000090a0: 1946 fff7 fffe 0023 83f3 1188 cde7 c368  .F.....#.......h
000090b0: 9b69 5b68 002b c8d1 036f 03b1 9847 0023  .i[h.+...o...G.#
000090c0: 84f8 6430 c1e7 00bf 005c 0040 00eb 8103  ..d0.....\.@....
000090d0: f0b5 de68 274a 3368 146d 03f0 0303 032b  ...h'J3h.m.....+
000090e0: 18bf b3fa 83f3 04f1 8044 7269 18bf 5b09  .........Dri..[.
000090f0: 04f5 c044 0cbf 4ff4 c063 5b02 4fea 011c  ...D..O..c[.O...
00009100: 04eb 0115 72b1 0022 6a60 328a d0f8 8470  ....r.."j`2....p
00009110: 0132 22f0 0102 3a44 c0f8 8420 43f0 2003  .2"...:D... C. .
00009120: 4cf8 0470 b269 dab1 748a 43f4 0053 621e  L..p.i..t.C..Sb.
00009130: 3e2c 93bf 42f0 0102 0f4e 5209 0132 8bbf  >,..B....NR..2..
00009140: 46ea 8222 5202 92b2 02f4 7c42 ea60 0134  F.."R.....|B.`.4
00009150: d0f8 8420 24f0 0104 1444 c0f8 8440 aa60  ... $....D...@.`
00009160: 8a00 02f1 8042 02f5 b842 1068 0b43 1060  .....B...B.h.C.`
00009170: 1360 f0bd 005c 0040 0080 ffff 0021 8022  .`...\.@.....!."
00009180: 0a4b 0b48 1965 5964 da64 4268 d268 8a42  .K.H.eYd.dBh.h.B
00009190: 14bf 4ff4 3e42 4ff4 3c42 1a64 4023 c0f8  ..O.>BO.<B.d@#..
000091a0: 8430 044b c360 fff7 91bf 00bf 005c 0040  .0.K.`.......\.@
000091b0: 5c29 0020 1cfc 0008 10b5 064a 064c 1178  \). .......J.L.x
000091c0: 2478 4b1c 03f0 0f03 9c42 1ebf 034c 1370  $xK......B...L.p
000091d0: 6054 10bd 5929 0020 5829 0020 4829 0020  `T..Y). X). H). 
000091e0: 10b5 4ff4 0472 0c21 5248 06f0 95fa 6522  ..O..r.!RH....e"
000091f0: 0021 5148 06f0 90fa 1022 4ff4 8071 4f48  .!QH....."O..qOH
00009200: fff7 ecfd 3023 83f3 1188 4d4a 1368 13f0  ....0#....MJ.h..
00009210: 1001 13d1 43f0 1003 1360 4a4b 9162 d162  ....C....`JK.b.b
00009220: 5a69 42f0 0102 5a61 5b69 474b 9a6d 22f0  ZiB...Za[iGK.m".
00009230: 0f02 9a65 4ff4 6022 5a60 9965 0021 81f3  ...eO.`"Z`.e.!..
00009240: 1188 424a d369 03f1 3400 3f4b 1866 3948  ..BJ.i..4.?K.f9H
00009250: 5866 43f2 b010 9865 40f2 7520 d865 986d  XfC....e@.u .e.m
00009260: 40f0 0100 9865 3023 83f3 1188 384b 1078  @....e0#....8K.x
00009270: 5360 4ff4 e173 0128 9360 d160 d369 51d1  S`O..s.(.`.`.iQ.
00009280: 01f1 8041 01f5 0431 8869 4ff0 0074 40f4  ...A...1.iO..t@.
00009290: 0060 8861 8869 c868 40f4 0060 c860 c868  .`.a.i.h@..`.`.h
000092a0: 20f4 0060 c860 7020 c968 2a49 81f8 1903   ..`.`p .h*I....
000092b0: c1f8 8041 0c60 81f8 1b03 4ff0 0060 c1f8  ...A.`....O..`..
000092c0: 8001 0860 2449 5161 46f6 6801 9961 d961  ...`$IQaF.h..a.a
000092d0: 5169 2248 147e b1fb f0f1 0139 9962 40f2  Qi"H.~.....9.b@.
000092e0: c111 0120 d962 0021 5960 1862 5861 1961  ... .b.!Y`.bXa.a
000092f0: 4ff4 8071 d960 14b1 4ff4 0041 5964 8521  O..q.`..O..AYd.!
00009300: 1960 0223 1370 0023 83f3 1188 3021 81f3  .`.#.p.#....0!..
00009310: 1188 d168 41f0 0101 d160 d269 5363 83f3  ...hA....`.iSc..
00009320: 1188 10bd 1960 5963 9963 d963 1964 5962  .....`Yc.c.c.dYb
00009330: cee7 00bf b914 0020 c916 0020 0008 0140  ....... ... ...@
00009340: 9418 0020 0010 0240 0000 0240 d418 0020  ... ...@...@... 
00009350: f0ff 0008 00e1 00e0 00a2 4a04 0051 2502  ..........J..Q%.
00009360: 0068 10b4 40b1 054c 8264 e469 0830 40f8  .h..@..L.d.i.0@.
00009370: 044c 10bc 06f0 2aba 10bc 7047 682a 0020  .L....*...pGh*. 
00009380: 0168 1346 31b1 8a6c 03f1 0800 9a64 0831  .h.F1..l.....d.1
00009390: 06f0 1cba 7047 0000 10b4 0c78 082c 0bd8  ....pG.....x.,..
000093a0: 50f8 2400 40b1 054c 8264 e469 0830 40f8  P.$.@..L.d.i.0@.
000093b0: 044c 10bc 06f0 0aba 10bc 7047 682a 0020  .L........pGh*. 
000093c0: 0829 1346 09d8 50f8 2110 31b1 8a6c 03f1  .).F..P.!.1..l..
000093d0: 0800 9a64 0831 06f0 f9b9 7047 38b5 0446  ...d.1....pG8..F
000093e0: 1846 2379 052b 0cd0 0323 1f25 2371 e369  .F#y.+...#.%#q.i
000093f0: 01f1 0061 dd60 06f0 e9f9 0223 0020 2371  ...a.`.....#. #q
00009400: 38bd 0120 fce7 0000 0346 0846 9918 b1f5  8.. .....F.F....
00009410: 805f 03d8 0249 1944 06f0 d8b9 7047 00bf  ._...I.D....pG..
00009420: fc18 0020 0023 07b5 0122 0df1 0701 8df8  ... .#..."......
00009430: 0730 fff7 e9ff 9df8 0700 03b0 5df8 04fb  .0..........]...
00009440: 0628 38b5 17d8 0429 15d8 0e2a 13d8 1e23  .(8....)...*...#
00009450: 5400 03fb 0144 9623 03fb 0044 04f1 2800  T....D.#...D..(.
00009460: fff7 e0ff 0502 04f1 2900 fff7 dbff adb2  ........).......
00009470: 2843 80b2 38bd 0020 fce7 0000 17b4 0f4b  (C..8.. .......K
00009480: adf8 0410 1b68 bbb9 9df8 0510 9df8 0420  .....h......... 
00009490: f029 07d1 f02a 01d1 094b 1b88 1846 03b0  .)...*...K...F..
000094a0: 10bc 7047 0429 f9d8 0e2a f7d8 0628 f5d8  ..pG.)...*...(..
000094b0: 03b0 10bc fff7 c4bf 0023 efe7 cc2a 0020  .........#...*. 
000094c0: c82a 0020 7fb5 0624 0f4b adf8 0400 1e78  .*. ...$.K.....x
000094d0: 0e4b 1b78 1e43 46fa 04f3 db07 05d4 013c  .K.x.CF........<
000094e0: f9d2 0025 2846 04b0 70bd bdf8 0430 e5b2  ...%(F..p....0..
000094f0: adf8 0c30 0399 2846 fff7 c0ff fef7 52fa  ...0..(F......R.
00009500: 80b2 0128 ebd0 ede7 852f 0020 842f 0020  ...(...../. ./. 
00009510: 0346 13b5 0089 c0b9 5a79 1b88 adf8 0430  .F......Zy.....0
00009520: 0198 72b1 69b1 fff7 cdff 0446 0146 0198  ..r.i......F.F..
00009530: fef7 92f8 2046 0199 02b0 bde8 1040 fff7  .... F.......@..
00009540: 9dbf fef7 b5f8 0446 f4e7 02b0 10bd 1fb5  .......F........
00009550: adf8 0400 0198 fff7 b5ff bdf8 0430 adf8  .............0..
00009560: 0c30 0399 fff7 8aff 05b0 5df8 04eb fef7  .0........].....
00009570: 19ba 08b5 0346 0079 b0b1 1889 a8b1 fef7  .....F.y........
00009580: 11fa c0f3 0333 062b c2b2 17d0 94bf 0e33  .....3.+.......3
00009590: 0633 03f0 0f03 012b 17d8 f02a 17d0 08d8  .3.....+...*....
000095a0: e72a 8cbf 0020 0120 08bd 1888 fff7 cfff  .*... . ........
000095b0: e7e7 a2f1 f403 5842 5841 f5e7 f12a 18bf  ......XBXA...*..
000095c0: e72a 94bf 0120 0020 eee7 0020 ece7 0120  .*... . ... ... 
000095d0: eae7 2420 08b5 fff7 25ff e228 01d0 0020  ..$ ....%..(... 
000095e0: 08bd 2520 fff7 1eff ce28 f8d1 2620 fff7  ..% .....(..& ..
000095f0: 19ff a0f1 be03 5842 5841 f1e7 08b5 2720  ......XBXA....' 
00009600: fff7 10ff 08bd 0422 0023 13b5 0820 0deb  .......".#... ..
00009610: 0201 0193 fff7 f8fe 2320 019c fff7 02ff  ........# ......
00009620: 0146 2046 02b0 10bd 0f28 08b5 07d8 0a22  .F F.....(....."
00009630: 5043 00f2 4240 fff7 e7fe 0020 08bd 4ff0  PC..B@..... ..O.
00009640: ff30 fbe7 1fb5 a0f5 ae43 ff2b 09d8 01a9  .0.......C.+....
00009650: c0b2 fff7 e9ff 20b9 bdf8 0c00 05b0 5df8  ...... .......].
00009660: 04fb c820 fae7 0000 4ff4 8052 08b5 0021  ... ....O..R...!
00009670: 0448 06f0 51f8 41f2 0802 024b 03f5 8053  .H..Q.A....K...S
00009680: 1a60 08bd fc18 0020 7fb5 a022 0021 1248  .`..... ...".!.H
00009690: 06f0 42f8 c022 0021 1048 06f0 3df8 40f2  ..B..".!.H..=.@.
000096a0: e244 0d4e 0d4d 2046 2e60 0a22 01a9 fff7  .D.N.M F.`."....
000096b0: abfe 3046 0822 01a9 06f0 88f8 bdf8 0c30  ..0F.".........0
000096c0: 0a34 ab80 40f2 8253 9c42 06f1 0a06 05f1  .4..@..S.B......
000096d0: 0c05 e8d1 04b0 70bd 3017 0020 c42e 0020  ......p.0.. ... 
000096e0: 7fb5 40f2 8255 2e4c 2e4e 2846 0a22 01a9  ..@..U.L.N(F."..
000096f0: fff7 8afe 0021 1022 04f1 0800 06f0 0cf8  .....!."........
00009700: bdf8 0430 9df9 0d20 2380 9df8 0a30 002a  ...0... #....0.*
00009710: a370 bdf8 0830 a8bf 6661 e370 9df8 0b30  .p...0..fa.p...0
00009720: 0a35 2371 9df8 0c30 1834 04f8 133c bdf8  .5#q...0.4...<..
00009730: 0630 24f8 123c 9df8 0d30 d907 44bf 0122  .0$..<...0..D.."
00009740: 04f8 102c 9a07 42bf 14f8 102c 42f0 0202  ...,..B....,B...
00009750: 04f8 102c 5807 42bf 14f8 102c 42f0 0402  ...,X.B....,B...
00009760: 04f8 102c 1907 42bf 14f8 102c 42f0 0802  ...,..B....,B...
00009770: 04f8 102c da06 42bf 14f8 102c 42f0 1002  ...,..B....,B...
00009780: 04f8 102c 9b06 42bf 14f8 103c 43f0 2003  ...,..B....<C. .
00009790: 04f8 103c 40f2 d253 9d42 a6d1 04b0 70bd  ...<@..S.B....p.
000097a0: 942b 0020 2f17 0020 084b 1b78 4bb1 084b  .+. /.. .K.xK..K
000097b0: 93f9 0030 002b 04da 1e22 0021 0548 05f0  ...0.+...".!.H..
000097c0: abbf 0622 0021 0448 f9e7 00bf b410 0020  ...".!.H....... 
000097d0: 862f 0020 2a14 0020 4a14 0020 10b5 0446  ./. *.. J.. ...F
000097e0: 0068 40b1 826c 0021 0830 05f0 95ff 0022  .h@..l.!.0....."
000097f0: 2368 1a60 5a60 10bd 70b5 0026 051f 00f1  #h.`Z`..p..&....
00009800: 2004 55f8 040f 38b1 826c 0021 0830 05f0   .U...8..l.!.0..
00009810: 83ff 2b68 1e60 5e60 a542 f2d1 70bd 70b5  ..+h.`^`.B..p.p.
00009820: 00eb 8103 0546 5069 0e46 1446 da60 18b1  .....FPi.F.F.`..
00009830: 1422 0021 05f0 70ff a069 18b1 1422 0021  .".!..p..i...".!
00009840: 05f0 6aff 3146 2846 bde8 7040 fff7 3ebc  ..j.1F(F..p@..>.
00009850: 10b5 1b4b 1b78 ebb1 1a4b 93f9 0030 002b  ...K.x...K...0.+
00009860: 18da fef7 adfe 184c 2022 6070 1749 2046  .......L "`p.I F
00009870: 06f0 bdf8 10b3 2022 2146 1448 05f0 a6ff  ...... "!F.H....
00009880: 134b 1b68 d3b1 0622 9b68 2270 2046 bde8  .K.h...".h"p F..
00009890: 1040 1847 fef7 94fe 0e4c 0822 2070 0e49  .@.G.....L." p.I
000098a0: 2046 06f0 a4f8 48b1 0822 2146 0a48 05f0   F....H.."!F.H..
000098b0: 8dff 074b 1b68 0bb1 5b68 e7e7 10bd 00bf  ...K.h..[h......
000098c0: b410 0020 862f 0020 2814 0020 d22a 0020  ... ./. (.. .*. 
000098d0: f42a 0020 4814 0020 f82a 0020 08b5 0346  .*. H.. .*. ...F
000098e0: a0b3 021f d2b2 a02a 05d8 fef7 e9fd bde8  .......*........
000098f0: 0840 fff7 adbf 00f1 2002 d2b2 072a 07d8  .@...... ....*..
00009900: 00f0 0703 0120 9840 c0b2 fdf7 43ff eee7  ..... .@....C...
00009910: 00f1 5b02 d2b2 022a 04d8 bde8 0840 0020  ..[....*.....@. 
00009920: fef7 5ebd 00f1 5802 d2b2 1a2a 04d8 bde8  ..^...X....*....
00009930: 0840 0020 fef7 70bd 3333 dbb2 122b 05d8  .@. ..p.33...+..
00009940: fef7 b6fc bde8 0840 fef7 d4be 08bd 0000  .......@........
00009950: 10b5 0446 0028 59d0 031f dbb2 a02b 27d8  ...F.(Y......+'.
00009960: 2b4b 1b78 7bb9 0023 2a4a 12f8 011f a142  +K.x{..#*J.....B
00009970: 18d0 0133 062b f8d1 2046 fef7 69fd bde8  ...3.+.. F..i...
00009980: 1040 fff7 65bf 244b 93f9 0030 002b eada  .@..e.$K...0.+..
00009990: 224b 00f0 0701 03eb d003 9a78 0123 8b40  "K.........x.#.@
000099a0: 1a42 e9d0 2046 fef7 8bfd fff7 51ff e3e7  .B.. F......Q...
000099b0: 00f1 2003 dbb2 072b 07d8 00f0 0704 0120  .. ....+....... 
000099c0: a040 c0b2 fdf7 defe d9e7 00f1 5b03 dbb2  .@..........[...
000099d0: 022b 05d8 bde8 1040 2438 80b2 fef7 00bd  .+.....@$8......
000099e0: 00f1 5803 dbb2 1a2b 06d8 bde8 1040 0c4a  ..X....+.....@.J
000099f0: 32f8 1300 fef7 10bd 3334 e4b2 122c 05d8  2.......34...,..
00009a00: fef7 e8fb bde8 1040 fef7 74be 10bd 00bf  .......@..t.....
00009a10: b410 0020 4914 0020 862f 0020 2814 0020  ... I.. ./. (.. 
00009a20: bc04 0108 a0f1 e003 072b 10b5 0446 00d9  .........+...F..
00009a30: 40b9 2046 0449 fdf7 e0fd e0b2 bde8 1040  @. F.I.........@
00009a40: fff7 86bf 0149 f6e7 519a 0008 759a 0008  .....I..Q...u...
00009a50: 08b5 28b1 fdf7 96fe bde8 0840 fff7 f8be  ..(........@....
00009a60: 08bd 08b5 28b1 fdf7 95fe bde8 0840 fff7  ....(........@..
00009a70: efbe 08bd 28b1 034b 1a78 1043 1870 fff7  ....(..K.x.C.p..
00009a80: e7be 7047 3b2e 0020 30b1 044a 1378 23ea  ..pG;.. 0..J.x#.
00009a90: 0003 1370 fff7 dcbe 7047 00bf 3b2e 0020  ...p....pG..;.. 
00009aa0: 10b5 0024 0e4b 1c70 fff7 7efe 2046 fef7  ...$.K.p..~. F..
00009ab0: 97fc 2046 fef7 b0fc 0a4b 1c70 fff7 c8fe  .. F.....K.p....
00009ac0: 2146 0622 0848 05f0 27fe 084b 1c70 084b  !F.".H..'..K.p.K
00009ad0: 1c70 084b 1c70 bde8 1040 fef7 0bbe 00bf  .p.K.p...@......
00009ae0: 392e 0020 3b2e 0020 7d2b 0020 7c2b 0020  9.. ;.. }+. |+. 
00009af0: 7b2b 0020 7a2b 0020 10b5 064c 2378 43b1  {+. z+. ...L#xC.
00009b00: 054a 1378 23f0 2203 1370 fff7 a1fe 0023  .J.x#."..p.....#
00009b10: 2370 10bd 902b 0020 3b2e 0020 10b5 0446  #p...+. ;.. ...F
00009b20: 0269 8169 fef7 50fc 074a e178 1378 2079  .i.i..P..J.x.x y
00009b30: 23ea 0103 1370 fdf7 2dfe fff7 89fe 0023  #....p..-......#
00009b40: 2360 a380 10bd 00bf 3b2e 0020 4379 10b5  #`......;.. Cy..
00009b50: 9a07 0446 11d4 0f4a 43f0 0203 1178 4371  ...F...JC....xCq
00009b60: c378 0079 0b43 1370 fdf7 0cfe fff7 70fe  .x.y.C.p......p.
00009b70: 2046 e268 a169 fef7 27fc 0022 064b 1a80   F.h.i..'..".K..
00009b80: 6379 db07 04d4 2046 bde8 1040 fff7 c6bf  cy.... F...@....
00009b90: 10bd 00bf 3b2e 0020 282e 0020 f8b5 224d  ....;.. (.. .."M
00009ba0: 0646 2b68 002b 37d0 0022 2049 dc88 0a80  .F+h.+7.." I....
00009bb0: 1f49 0a70 1f49 0a70 a4f5 8072 b2f5 f85f  .I.p.I.p...r..._
00009bc0: 3cbf 24f4 f854 a4b2 e4b2 da68 271e 18bf  <.$..T.....h'...
00009bd0: 0127 1ab1 0020 1969 9047 0740 37b1 231f  .'... .i.G.@7.#.
00009be0: dbb2 a02b 19d8 2046 fef7 6afc 124c 76b1  ...+.. F..j..Lv.
00009bf0: 2b68 1a7a d206 0ad4 2278 42b1 47f6 3e62  +h.z...."xB.G.>b
00009c00: 1888 431e 9bb2 9342 01d8 fef7 53fd fff7  ..C....B....S...
00009c10: 1ffe 0023 2b60 2370 f8bd fff7 19fe 2046  ...#+`#p...... F
00009c20: fff7 5cfe e2e7 00bf 582c 0020 5c2c 0020  ..\.....X,. \,. 
00009c30: 932b 0020 922b 0020 542c 0020 2de9 ff47  .+. .+. T,. -..G
00009c40: 0023 0525 4ff0 3008 dff8 1c91 474f 0193  .#.%O.0.....GO..
00009c50: 0293 adf8 0c30 01ae 59f8 041b 4b1c 4dd0  .....0..Y...K.M.
00009c60: 88f3 1188 4ff0 010a 21f0 0f00 01f0 0f01  ....O...!.......
00009c70: 0afa 01f4 2146 0622 fff7 b0f8 4461 0024  ....!F."....Da.$
00009c80: 84f3 1188 00bf 00bf 00bf 00bf 00bf 00bf  ................
00009c90: 00bf 00bf 00bf 00bf 00bf 00bf 00bf 00bf  ................
00009ca0: 00bf 00bf 00bf 00bf 0f23 5246 3048 50f8  .........#RF0HP.
00009cb0: 041b b1f1 ff3f 3cd0 21f0 0f0c dcf8 08c0  .....?<.!.......
00009cc0: 01f0 0f01 2cfa 01f1 11f0 010f 0cbf 1146  ....,..........F
00009cd0: 0021 013b 2143 5200 13f0 ff03 8cb2 92b2  .!.;!CR.........
00009ce0: e5d1 59f8 040c 431c 01d0 fff7 a7f8 7a68  ..Y...C.......zh
00009cf0: 7b68 9b1a b3f5 076f fad3 3480 013d 15f0  {h.....o..4..=..
00009d00: ff05 06f1 0206 a7d1 0a22 1a48 01a9 05f0  .........".H....
00009d10: 6efe 194c 78b1 0a22 01a9 1648 05f0 56fd  n..Lx.."...H..V.
00009d20: 0123 2370 fef7 fafb 144b 1860 04b0 bde8  .##p.....K.`....
00009d30: f087 0021 cde7 2378 002b f7d0 0f4b 1d68  ...!..#x.+...K.h
00009d40: fef7 ecfb 401b 0428 f0d9 0a22 0949 0c48  ....@..(...".I.H
00009d50: 05f0 4dfe 20b1 0a22 0649 0948 05f0 36fd  ..M. ..".I.H..6.
00009d60: 0023 2370 e2e7 00bf 0803 0108 0010 00e0  .##p............
00009d70: 1c03 0108 3829 0020 5414 0020 5014 0020  ....8). T.. P.. 
00009d80: 582a 0020 0023 8268 0375 0369 1b68 9968  X*. .#.h.u.i.h.h
00009d90: 9142 fbd2 5a68 0360 4260 1060 5860 7047  .B..Zh.`B`.`X`pG
00009da0: 08b5 0846 3023 83f3 1188 0a7d 0023 052a  ...F0#.....}.#.*
00009db0: 10d8 01a1 51f8 22f0 e19d 0008 d59d 0008  ....Q.".........
00009dc0: d59d 0008 d19d 0008 ef9d 0008 e79d 0008  ................
00009dd0: 8269 1360 4ff0 ff33 8361 fff7 d3ff 0023  .i.`O..3.a.....#
00009de0: 83f3 1188 08bd 8269 9368 0133 9360 4268  .......i.h.3.`Bh
00009df0: 0368 1360 5a60 ede7 0346 0068 20b1 0022  .h.`Z`...F.h .."
00009e00: 1a60 8161 fff7 bebf 7047 0000 2de9 f041  .`.a....pG..-..A
00009e10: 90f8 6430 0446 13b1 0023 80f8 6430 a14b  ..d0.F...#..d0.K
00009e20: 04f1 7402 1b6d 04f1 7c06 03f1 8043 03f5  ..t..m..|....C..
00009e30: c043 03eb 0113 9b68 03f1 0053 03f5 4053  .C.....h...S..@S
00009e40: 5b00 1968 0433 22f8 021b b242 f9d1 6368  [..h.3"....B..ch
00009e50: 9b68 23bb 94f8 7430 13f0 6005 47d0 48f2  .h#...t0..`.G.H.
00009e60: 8001 904a 1368 23f4 f043 23f0 4003 83f0  ...J.h#..C#.@...
00009e70: 1003 0b43 1360 1368 23f4 9043 23f0 7003  ...C.`.h#..C#.p.
00009e80: 83f4 8053 0b43 1360 6368 1b68 13b1 0621  ...S.C.`ch.h...!
00009e90: 2046 9847 0623 84f8 6430 bde8 f081 2046   F.G.#..d0.... F
00009ea0: 9847 0028 d6d0 94f8 7a30 94f8 7b20 e56e  .G.(....z0..{ .n
00009eb0: 43ea 0223 9d42 84bf 1d46 e366 94f9 7430  C..#.B...F.f..t0
00009ec0: 002b 4ff0 3003 80f2 5a81 002d 00f0 4981  .+O.0...Z..-..I.
00009ed0: 0922 84f8 6420 83f3 1188 0021 e36e 2046  ."..d .....!.n F
00009ee0: a26e fef7 dfff 0023 83f3 1188 d5e7 94f8  .n.....#........
00009ef0: 7520 03f0 7f03 43ea 0223 40f2 0232 9342  u ....C..#@..2.B
00009f00: 00f0 0b81 1fd8 b3f5 807f 4bd0 0bd8 012b  ..........K....+
00009f10: 42d0 022b 00f0 ac80 002b a0d1 0222 a666  B..+.....+...".f
00009f20: e266 2367 bfe7 b3f5 817f 00f0 c580 b3f5  .f#g............
00009f30: 407f 94d1 94f8 7630 012b 90d1 b4f8 7c30  @.....v0.+....|0
00009f40: 43f0 0203 37e0 b3f5 006f 3ed0 1cd8 b3f5  C...7....o>.....
00009f50: a06f 36d0 a3f5 c063 012b 80d8 94f8 7920  .o6....c.+....y 
00009f60: 6168 94f8 7830 4e68 43ea 0223 2046 94f8  ah..x0NhC..# F..
00009f70: 7620 94f8 7710 b047 0028 3ff4 70af 4368  v ..w..G.(?.p.Ch
00009f80: a366 0368 e366 1ae0 b3f5 106f 22d0 40f6  .f.h.f.....o".@.
00009f90: 0242 9342 7ff4 63af 434b a366 0223 e366  .B.B..c.CK.f.#.f
00009fa0: 0023 bee7 94f8 7630 012b 7ff4 58af b4f8  .#....v0.+..X...
00009fb0: 7c30 23f0 0203 a4f8 7c30 a566 e566 2567  |0#.....|0.f.f%g
00009fc0: 71e7 3a4b a566 e566 abe7 04f1 7f03 a366  q.:K.f.f.......f
00009fd0: 0123 d7e7 2378 042b 39d1 3023 83f3 1188  .#..#x.+9.0#....
00009fe0: a368 04f1 0c06 03f0 0113 a360 04f1 2808  .h.........`..(.
00009ff0: 56f8 047f 6fb1 7869 20b1 6ff0 0101 0c30  V...o.xi .o....0
0000a000: fff7 fafe b869 20b1 6ff0 0101 0c30 fff7  .....i .o....0..
0000a010: f3fe 4645 3560 ebd1 4023 0122 0021 c4f8  ..FE5`..@#.".!..
0000a020: 8430 9300 03f1 8043 03f5 b843 1868 0132  .0.....C...C.h.2
0000a030: 082a 1860 1960 f4d1 81f3 1188 84f8 7f10  .*.`.`..........
0000a040: 0321 6368 2170 1b68 0bb1 2046 9847 94f8  .!ch!p.h.. F.G..
0000a050: 7630 4bb1 84f8 7f30 0423 2370 6368 1b68  v0K....0.##pch.h
0000a060: 13b1 0221 2046 9847 0023 a366 e366 58e7  ...! F.G.#.f.fX.
0000a070: 94f8 7830 03f0 0f02 13f0 800f 094b 53f8  ..x0.........KS.
0000a080: 2230 08d0 13f0 3003 3ff4 e9ae 102b 14bf  "0....0.?....+..
0000a090: 074b 084b 81e7 13f4 4053 3ff4 e0ae b3f5  .K.K....@S?.....
0000a0a0: 805f f4e7 005c 0040 74fc 0008 b98b 0008  ._...\.@t.......
0000a0b0: 70fc 0008 72fc 0008 94f8 7630 002b 7ff4  p...r.....v0.+..
0000a0c0: ceae 94f8 7820 12f0 0f03 cdd0 9b00 03f1  ....x ..........
0000a0d0: 8043 12f0 800f 03f5 b843 1a68 10d0 02f0  .C.......C.h....
0000a0e0: 3002 302a c0d0 1a68 22f4 f042 22f0 4002  0.0*...h"..B".@.
0000a0f0: 82f0 2002 42f4 0042 42f0 8002 1a60 b3e7  .. .B..BB....`..
0000a100: 02f4 4052 b2f5 405f aed0 1a68 22f4 f042  ..@R..@_...h"..B
0000a110: 22f0 4002 42f4 2042 eee7 94f8 7630 002b  ".@.B. B....v0.+
0000a120: 7ff4 9dae 94f8 7830 13f0 0f01 9cd0 1f4a  ......x0.......J
0000a130: 13f0 800f 52f8 2130 15bf 23f4 f043 23f4  ....R.!0..#..C#.
0000a140: 9043 23f0 4003 23f0 7003 14bf 83f0 1003  .C#.@.#.p.......
0000a150: 83f4 8053 43f4 0043 43f0 8003 42f8 2130  ...SC..CC...B.!0
0000a160: 82e7 1422 84f8 6420 83f3 1188 2b46 2a46  ..."..d ....+F*F
0000a170: 0021 2046 fef7 34fd 81f3 1188 8de6 3db1  .! F..4.......=.
0000a180: 1522 84f8 6420 83f3 1188 e36e a26e efe7  ."..d .....n.n..
0000a190: 0b22 84f8 6420 83f3 1188 2b46 2a46 2946  ."..d ....+F*F)F
0000a1a0: 2046 fef7 7ffe 85f3 1188 76e6 005c 0040   F........v..\.@
0000a1b0: 0346 0068 8342 06d0 0268 1a60 5360 0023  .F.h.B...h.`S`.#
0000a1c0: 8361 fff7 dfbd 7047 f8b5 00eb 8103 9c6a  .a....pG.......j
0000a1d0: 0546 0e46 002c 4ed0 3023 83f3 1188 0023  .F.F.,N.0#.....#
0000a1e0: 2269 6169 84f8 8830 8a42 01d1 e368 03bb  "iai...0.B...h..
0000a1f0: 05eb 8603 db68 5b69 1b68 d3b1 d4f8 8c30  .....h[i.h.....0
0000a200: 43b1 8a42 01d1 e268 4abb 51f8 042b 9f68  C..B...hJ.Q..+.h
0000a210: 1868 b847 e368 e269 0133 e360 6369 2046  .h.G.h.i.3.`ci F
0000a220: 1344 a269 6361 9342 24bf 636a 6361 fff7  .D.ica.B$.cjca..
0000a230: bfff 6269 2369 9342 14d1 e368 93b1 05eb  ..bi#i.B...h....
0000a240: 8603 db68 1a68 022a 12d1 5a69 1268 7ab1  ...h.h.*..Zi.hz.
0000a250: 1b8a 013b 1340 0bd1 05f1 7402 04e0 0022  ...;.@....t...."
0000a260: 1146 d4e7 52f8 043b 3146 2846 fef7 1afe  .F..R..;1F(F....
0000a270: 0023 83f3 1188 f8bd 01f1 1103 10b5 50f8  .#............P.
0000a280: 2340 34b3 3023 83f3 1188 00eb 8100 c368  #@4.0#.........h
0000a290: 9b69 5b68 bbb1 94f8 7420 236f 2046 03eb  .i[h....t #o F..
0000a2a0: 8203 db68 9b69 5a68 2369 1a60 e268 0132  ...h.iZh#i.`.h.2
0000a2b0: e260 e269 1344 a269 2361 9342 24bf 636a  .`.i.D.i#a.B$.cj
0000a2c0: 2361 fff7 75ff 2046 fef7 b4fc 0023 83f3  #a..u. F.....#..
0000a2d0: 1188 10bd 38b5 0446 6ff0 0105 2068 8442  ....8..Fo... h.B
0000a2e0: 00d1 38bd 0368 2360 5c60 8561 fff7 4afd  ..8..h#`\`.a..J.
0000a2f0: f4e7 026a c260 426a 4261 0261 0022 8262  ...j.`BjBa.a.".b
0000a300: c262 fff7 e7bf 0000 0846 70b5 0529 71d8  .b.......Fp..)q.
0000a310: 01a3 53f8 21f0 00bf a1a3 0008 f5a3 0008  ..S.!...........
0000a320: 31a3 0008 a1a3 0008 a1a3 0008 f7a3 0008  1...............
0000a330: 3023 83f3 1188 0026 3546 374c 94f8 7410  0#.....&5F7L..t.
0000a340: 206f 04f1 3802 fff7 6afa 0136 2046 fff7   o..8...j..6 F..
0000a350: d0ff 032e 2572 04f1 9004 efd1 2f4c 94f8  ....%r....../L..
0000a360: 7410 04f1 3802 206f fff7 59fa 636a 2046  t...8. o..Y.cj F
0000a370: 6361 2361 e560 a562 e562 fff7 abff 2046  ca#a.`.b.b.... F
0000a380: 2572 fef7 57fc 85f3 1188 254b 1b78 13b1  %r..W.....%K.x..
0000a390: 0520 fef7 11ff 0220 bde8 7040 fef7 0cbf  . ..... ..p@....
0000a3a0: fef7 0aff 3023 83f3 1188 0325 0126 1a4c  ....0#.....%.&.L
0000a3b0: 2046 2672 fff7 8eff 2046 fff7 9aff d4f8   F&r.... F......
0000a3c0: 8c30 13b1 da68 1868 9047 013d 04f1 9004  .0...h.h.G.=....
0000a3d0: eed1 0123 114c 2046 2372 fff7 7bff 636a  ...#.L F#r..{.cj
0000a3e0: 2046 e560 6361 2361 a562 e562 fff7 72ff   F.`ca#a.b.b..r.
0000a3f0: 85f3 1188 70bd 3023 83f3 1188 0023 064a  ....p.0#.....#.J
0000a400: 1372 82f8 9830 82f8 2831 044a 1372 83f3  .r...0..(1.J.r..
0000a410: 1188 0520 c0e7 00bf 7c0e 0020 2c10 0020  ... ....|.. ,.. 
0000a420: 5a29 0020 2de9 f84f 0123 0027 4ff0 ff0a  Z). -..O.#.'O...
0000a430: 374e 90f8 0290 f578 364c 05f0 fe05 fe35  7N.....x6L.....5
0000a440: dff8 d4b0 90f8 0480 2d12 0371 b9f1 020f  ........-..q....
0000a450: 9fbf 7378 2370 b378 6370 b8f1 000f 14d1  ..sx#p.xcp......
0000a460: 84f8 0380 84f8 0280 2c48 07eb 4703 a278  ........,H..G..x
0000a470: 6178 0344 0137 14f8 050b fdf7 fbfb 162f  ax.D.7........./
0000a480: e4d1 bde8 f84f fdf7 59bc e378 bbb1 013b  .....O..Y..x...;
0000a490: 2279 dbb2 e370 c3eb 0323 b3fb f2f3 bb22  "y...p...#....."
0000a4a0: dbb2 1bf8 0330 223b dbb2 c3eb 0323 b3fb  .....0";.....#..
0000a4b0: f2f3 f278 dbb2 5343 1b12 a370 d4e7 04f0  ...x..SC...p....
0000a4c0: 49fb 90fb faf3 c3eb 0323 c01a a842 cbda  I........#...B..
0000a4d0: b9f1 020f 0fd9 04f0 3dfb 90fb faf3 0344  ........=......D
0000a4e0: 2370 04f0 37fb b378 5b08 90fb f3f2 02fb  #p..7..x[.......
0000a4f0: 1300 0344 6370 0023 a370 f378 c82b 28bf  ...Dcp.#.p.x.+(.
0000a500: c823 142b 38bf 1423 2371 e370 ace7 00bf  .#.+8..##q.p....
0000a510: 302e 0020 e017 0020 2800 0108 4f18 0020  0.. ... (...O.. 
0000a520: 054b d968 0875 1868 0268 5360 1a60 0122  .K.h.u.h.hS`.`."
0000a530: 0275 d860 fcf7 84be 682a 0020 70b5 194c  .u.`....h*. p..L
0000a540: 4b1c 0246 e568 86b0 29d0 174b 0495 0393  K..F.h..)..K....
0000a550: 0023 0593 2369 9868 8142 1dd8 5e68 0291  .#..#i.h.B..^h..
0000a560: 0196 0093 c6f8 00d0 4ff0 ff36 9868 c3f8  ........O..6.h..
0000a570: 04d0 401a 9860 1046 a661 fff7 d1ff 009b  ..@..`.F.a......
0000a580: 3bb1 9a68 0299 0a44 9a60 019a 1360 5a60  ;..h...D.`...`Z`
0000a590: a661 a869 06b0 70bd 1b68 091a dbe7 fff7  .a.i..p..h......
0000a5a0: bfff f6e7 682a 0020 a19d 0008 08b5 0146  ....h*. .......F
0000a5b0: 3023 83f3 1188 0820 fff7 c0ff 0023 83f3  0#..... .....#..
0000a5c0: 1188 08bd 38b5 0c46 0546 fff7 c1f9 94b1  ....8..F.F......
0000a5d0: 40f2 e730 0021 dff8 24c0 4ff4 7a72 0023  @..0.!..$.O.zr.#
0000a5e0: e4fb 0c01 fcf7 42fe fff7 e0ff 2846 bde8  ......B.....(F..
0000a5f0: 3840 fff7 73b9 0120 f6e7 00bf a086 0100  8@..s.. ........
0000a600: 2de9 f743 0024 0125 1b4f 3b68 a342 03d8  -..C.$.%.O;h.B..
0000a610: 2846 03b0 bde8 f083 dff8 6080 184b d8f8  (F........`..K..
0000a620: 0000 1968 0368 2144 5b69 9847 d8f8 0090  ...h.h!D[i.G....
0000a630: 0646 40f2 e738 d9f8 0030 4846 9b69 01a9  .F@..8...0HF.i..
0000a640: 9847 0128 08d0 3043 c0b2 0128 8cbf 0025  .G.(..0C...(...%
0000a650: 05f0 0105 0134 d8e7 c446 0021 0198 dff8  .....4...F.!....
0000a660: 24e0 4ff4 7a72 e0fb 0ec1 0023 6046 fcf7  $.O.zr.....#`F..
0000a670: fdfd fff7 9bff dee7 600e 0020 2829 0020  ........`.. (). 
0000a680: 640e 0020 a086 0100 2de9 f347 fff7 b8ff  d.. ....-..G....
0000a690: 0446 90b3 fdf7 62fa 0026 0546 2e4f 3046  .F....b..&.F.O0F
0000a6a0: 37f8 021b fdf7 9cfa 0446 f0b1 0236 b6f5  7........F...6..
0000a6b0: 805f f4d1 41f2 0101 0020 1224 dff8 98c0  ._..A.... .$....
0000a6c0: 264a dff8 9ce0 0139 1bd1 6c46 41f2 0807  &J.....9..lFA...
0000a6d0: cde9 002e 3046 34f8 021b fdf7 81fa 10b1  ....0F4.........
0000a6e0: 0236 be42 f6d1 4400 e4b2 012d 01d1 fdf7  .6.B..D....-....
0000a6f0: 5dfa 41f2 0802 1b4b 1a60 2046 02b0 bde8  ].A....K.` F....
0000a700: f087 1cf8 013b 4fea 4e19 5a40 a2fb 0438  .....;O.N.Z@...8
0000a710: 04fb 0e88 4fea 421a 49ea d269 13eb 0a03  ....O.B.I..i....
0000a720: 48eb 0908 4fea c21a 9b18 4fea ce19 4fea  H...O.....O...O.
0000a730: 0227 4eeb 0808 49ea 5269 13eb 0a03 4fea  .'N...I.Ri....O.
0000a740: 0e2e 48eb 0908 4eea 126e db19 48eb 0e0e  ..H...N..n..H...
0000a750: be44 c218 b7e7 00bf fc18 0020 2523 2284  .D......... %#".
0000a760: e49c f2cb fc28 0020 044b 1b68 b3f5 005f  .....(. .K.h..._
0000a770: 01d3 fff7 89bf 0120 7047 00bf fc28 0020  ....... pG...(. 
0000a780: 10b5 074c 0146 2068 fdf7 2afa 30b1 2368  ...L.F h..*.0.#h
0000a790: 0233 2360 bde8 1040 fff7 e6bf 10bd 00bf  .3#`...@........
0000a7a0: fc28 0020 8318 b3f5 805f 2de9 f347 0446  .(. ....._-..G.F
0000a7b0: 0e46 1546 00f2 8b80 464f 0744 3946 3046  .F.F....FO.D9F0F
0000a7c0: 05f0 15f9 0028 00f0 8280 2a46 3146 3846  .....(....*F1F8F
0000a7d0: 04f0 fcff fdf7 c2f9 4ff0 0008 8246 4ff0  ........O....FO.
0000a7e0: 0009 012d 2cd0 e307 2ad4 b4f5 804f 37d2  ...-,...*....O7.
0000a7f0: 3378 7278 43ea 0223 012b 21d8 002b 0cbf  3xrxC..#.+!..+..
0000a800: 6ff0 7f03 6ff0 5f03 0020 43ea 5423 63f3  o...o._.. C.T#c.
0000a810: 0700 6308 63f3 0f20 80b2 fff7 b1ff 0128  ..c.c.. .......(
0000a820: 06d1 023d 0234 0236 002d dad1 fff7 9cff  ...=.4.6.-......
0000a830: baf1 010f 4bd1 02b0 bde8 f047 fdf7 b6b9  ....K......G....
0000a840: 3f2c 0dd8 3078 44f0 4003 dbb2 43ea 0020  ?,..0xD.@...C.. 
0000a850: fff7 96ff 0128 ebd1 013d 0134 0136 e3e7  .....(...=.4.6..
0000a860: 052d 2f46 28bf 0527 c4f3 0243 43ea c703  .-/F(..'...CC...
0000a870: cde9 0089 3a46 3146 8df8 0030 0df1 0300  ....:F1F...0....
0000a880: 230a 8df8 0130 8df8 0240 04f0 9fff bdf8  #....0...@......
0000a890: 0000 fff7 75ff 0128 cad1 bdf8 0200 fff7  ....u..(........
0000a8a0: 6fff 0128 c4d1 012d 0dd0 bdf8 0400 fff7  o..(...-........
0000a8b0: 67ff 0128 bcd1 032d 05d9 bdf8 0600 fff7  g..(...-........
0000a8c0: 5fff 0128 b4d1 ed1b 3c44 3e44 ace7 02b0  _..(....<D>D....
0000a8d0: bde8 f087 fc18 0020 37b5 0c46 0546 fef7  ....... 7..F.F..
0000a8e0: a1fd a042 07d0 0122 2846 0df1 0701 8df8  ...B..."(F......
0000a8f0: 0740 fff7 57ff 03b0 30bd 0628 38b5 1d46  .@..W...0..(8..F
0000a900: 16d8 0429 14d8 0e2a 12d8 1e23 5400 03fb  ...)...*...#T...
0000a910: 0144 9623 03fb 0044 290a 04f1 2800 fff7  .D.#...D)...(...
0000a920: dbff e9b2 04f1 2900 bde8 3840 fff7 d4bf  ......)...8@....
0000a930: 38bd 0000 2de9 f04f 324f 8db0 3b68 0024  8...-..O2O..;h.$
0000a940: 0193 0123 dff8 c0a0 3b60 d146 0026 5ffa  ...#....;`.F.&_.
0000a950: 84fb 11e0 032c d4bf 39f8 1530 0123 eab2  .....,..9..0.#..
0000a960: 4146 5846 0135 fff7 c8ff 0f2d f2d1 0136  AFXF.5.....-...6
0000a970: 052e 09f1 1e09 03d0 0025 5ffa 86f8 e9e7  .........%_.....
0000a980: 0134 072c 0af1 960a dfd1 0023 0993 0a93  .4.,.......#....
0000a990: c823 40f2 4244 40f2 e245 adf8 2c30 2046  .#@.BD@..E..,0 F
0000a9a0: 0a22 09a9 0a34 fff7 fdfe ac42 f7d1 0023  ."...4.....B...#
0000a9b0: 40f2 8255 cde9 0633 adf8 2030 2046 0a22  @..U...3.. 0 F."
0000a9c0: 06a9 0a34 fff7 eefe ac42 f7d1 0023 0493  ...4.....B...#..
0000a9d0: 0393 8df8 1430 4ff6 ff73 adf8 1030 0723  .....0O..s...0.#
0000a9e0: 40f2 d255 8df8 1530 2046 0a22 03a9 0a34  @..U...0 F."...4
0000a9f0: fff7 d8fe ac42 f7d1 019b 3b60 0db0 bde8  .....B....;`....
0000aa00: f08f 00bf 642a 0020 98fd 0008 10b5 40f2  ....d*. ......@.
0000aa10: d254 2046 0021 0134 fff7 5eff b4f5 805f  .T F.!.4..^...._
0000aa20: f7d1 10bd 10b5 041e 0cbf ff21 e221 2420  ...........!.!$ 
0000aa30: fff7 52ff 002c 0cbf ff21 ce21 2520 fff7  ..R..,...!.!% ..
0000aa40: 4bff 002c 08bf ff21 bde8 1040 18bf be21  K..,...!...@...!
0000aa50: 2620 fff7 41bf 08b5 0020 fff7 e3ff 2720  & ..A.... ....' 
0000aa60: 0021 fff7 39ff fff7 65ff fff7 cfff bde8  .!..9...e.......
0000aa70: 0840 0120 fff7 d6bf 0023 37b5 0c46 0222  .@. .....#7..F."
0000aa80: 0df1 0601 adf8 0630 0546 fef7 bdfc bdf8  .......0.F......
0000aa90: 0630 9c42 07d0 0222 2846 0df1 0601 adf8  .0.B..."(F......
0000aaa0: 0640 fff7 7ffe 03b0 30bd 0000 094a 08b5  .@......0....J..
0000aab0: 5378 c3f3 8001 8142 0bd0 60f3 8203 5370  Sx.....B..`...Sp
0000aac0: 0420 1188 fff7 d8ff bde8 0840 0220 fcf7  . .........@. ..
0000aad0: 3dbe 08bd 862f 0020 37b5 0422 0023 0c46  =..../. 7..".#.F
0000aae0: 0deb 0201 0193 0546 fef7 8efc 019b 9c42  .......F.......B
0000aaf0: 06d0 0422 2846 0deb 0201 0194 fff7 52fe  ..."(F........R.
0000ab00: 03b0 30bd 10b5 0c46 fdf7 08f9 0146 0820  ..0....F.....F. 
0000ab10: fff7 e2ff e1b2 2320 bde8 1040 fff7 dcbe  ......# ...@....
0000ab20: 044a 1379 0bb1 013b 1371 d2e9 0001 fff7  .J.y...;.q......
0000ab30: e9bf 00bf 302e 0020 044a 1379 022b 9cbf  ....0.. .J.y.+..
0000ab40: 0133 1371 d2e9 0001 fff7 dcbf 302e 0020  .3.q........0.. 
0000ab50: 2de9 f04f 344c 85b0 2778 0646 fd07 8946  -..O4L..'x.F...F
0000ab60: 9046 0193 5dd5 314d bb08 ed5c dff8 c0c0  .F..].1M...\....
0000ab70: 07f0 fc07 042f 8cf8 0050 1cd1 03ab fdf7  ...../...P......
0000ab80: 79f8 2378 db07 07d5 9df8 0e20 9df8 0c10  y.#x....... ....
0000ab90: 9df8 0d00 fdf7 c4f9 019b 6670 84f8 0290  ..........fp....
0000aba0: 84f8 0380 002b 3cd0 d4e9 0001 05b0 bde8  .....+<.........
0000abb0: f04f fff7 a7bf 092d 04d0 05d8 022d 2bd0  .O.....-.....-+.
0000abc0: 062d e9d1 6678 e7e7 132d e5d1 1627 0025  .-..fx...-...'.%
0000abd0: bb46 133b 03f0 0102 0092 164a c3f3 4603  .F.;.......J..F.
0000abe0: 12f8 03a0 0afb 05f0 b0fb fbf0 009b c0b2  ................
0000abf0: abb9 3044 104a 05eb 4503 1344 4946 4246  ..0D.J..E..DIFBF
0000ac00: c0b2 013f fdf7 36f8 0135 17f0 ff07 edb2  ...?..6..5......
0000ac10: e8d1 fdf7 93f8 bfe7 94f8 0380 bce7 301a  ..............0.
0000ac20: e8e7 05b0 bde8 f08f 302e 0020 2d01 0108  ........0.. -...
0000ac30: 2d2e 0020 2801 0108 4f18 0020 70b5 194c  -.. (...O.. p..L
0000ac40: 2378 db07 2cd5 08b3 2328 21d8 00f0 3f00  #x..,...#(!...?.
0000ac50: 2378 60f3 8703 2370 19b1 d4e9 0001 fff7  #x`...#p........
0000ac60: 51ff 2178 0b22 1048 8908 04f0 a1fd 0f4d  Q.!x.".H.......M
0000ac70: 0f4b 78b1 0022 5a70 0123 e278 eb70 a178  .Kx.."Zp.#.x.p.x
0000ac80: 6078 0023 bde8 7040 fff7 62bf 0120 dfe7  `x.#..p@..b.. ..
0000ac90: 2320 dde7 0122 5a70 fdf7 40fc 2880 ebe7  # ..."Zp..@.(...
0000aca0: 70bd 00bf 302e 0020 4b0e 0020 f829 0020  p...0.. K.. .). 
0000acb0: 2d2e 0020 0121 044b 1878 8008 0130 2428  -.. .!.K.x...0$(
0000acc0: 28bf 0846 fff7 babf 302e 0020 054b 0121  (..F....0.. .K.!
0000acd0: 1878 c0f3 8500 0138 10f0 ff00 08bf 2320  .x.....8......# 
0000ace0: fff7 acbf 302e 0020 074b 1b78 da07 08d5  ....0.. .K.x....
0000acf0: b0eb 930f 4fea 9302 03d8 9142 01d9 fff7  ....O......B....
0000ad00: d9bf 0121 fff7 9abf 302e 0020 0449 0123  ...!....0.. .I.#
0000ad10: 4878 ca78 0830 8978 c0b2 fff7 19bf 00bf  Hx.x.0.x........
0000ad20: 302e 0020 0449 0123 4878 ca78 0838 8978  0.. .I.#Hx.x.8.x
0000ad30: c0b2 fff7 0dbf 00bf 302e 0020 0548 0123  ........0.. .H.#
0000ad40: 8178 c278 1131 ff29 28bf ff21 4078 c9b2  .x.x.1.)(..!@x..
0000ad50: fff7 febe 302e 0020 0548 0123 8178 c278  ....0.. .H.#.x.x
0000ad60: 1139 21ea e171 4078 c9b2 fff7 f1be 00bf  .9!..q@x........
0000ad70: 302e 0020 0548 0123 c278 8178 1132 ff2a  0.. .H.#.x.x.2.*
0000ad80: 28bf ff22 4078 d2b2 fff7 e2be 302e 0020  (.."@x......0.. 
0000ad90: 0548 0123 c278 8178 113a 22ea e272 4078  .H.#.x.x.:"..r@x
0000ada0: d2b2 fff7 d5be 00bf 302e 0020 10b5 fcf7  ........0.. ....
0000adb0: d5fe 0446 fff7 24fc fef7 56fc 012c 03d1  ...F..$...V..,..
0000adc0: bde8 1040 fcf7 f2be 10bd 0000 2de9 f84f  ...@........-..O
0000add0: 0446 534d 534e 544f 2378 002b 00f0 9d80  .FSMSNTO#x.+....
0000ade0: 012b 4ed1 6378 013b 032b 0bd8 01a2 52f8  .+N.cx.;.+....R.
0000adf0: 23f0 00bf 11ae 0008 27ae 0008 33ae 0008  #.......'...3...
0000ae00: 3fae 0008 0134 0120 fff7 d0fb 0134 e3e7  ?....4. .....4..
0000ae10: a078 04f1 0208 3928 0cbf 5021 0021 fff7  .x....9(..P!.!..
0000ae20: d1fb 4446 efe7 a078 04f1 0208 fef7 90fd  ..DF...x........
0000ae30: f7e7 a078 04f1 0208 fef7 50fd f1e7 0020  ...x......P.... 
0000ae40: 4ff0 0a0c 14f8 023f 384a d15c 11f0 0401  O......?8J.\....
0000ae50: 0fd1 a0b1 40f2 e73c dff8 d4e0 4ff4 7a72  ....@..<....O.zr
0000ae60: c0fb 0ec1 0023 6046 fcf7 00fa fff7 9efb  .....#`F........
0000ae70: c9e7 303b 0cfb 0030 14f8 013f e5e7 0120  ..0;...0...?... 
0000ae80: f4e7 d908 2b48 725c 15f8 0380 17f8 0190  ....+Hr\........
0000ae90: 03f0 0703 10f8 01a0 1a41 49fa 03f9 4afa  .........AI...J.
0000aea0: 03fa 12f0 010b 09f0 0109 0af0 010a 07d0  ................
0000aeb0: 0220 fcf7 67fc fef7 cbfc 0120 fff7 76fb  . ..g...... ..v.
0000aec0: b9f1 000f 07d0 4020 fcf7 5cfc fef7 c0fc  ......@ ..\.....
0000aed0: 0120 fff7 6bfb 4046 0021 fff7 73fb 0120  . ..k.@F.!..s.. 
0000aee0: fff7 64fb b9f1 000f 05d0 e620 fef7 f6fc  ..d........ ....
0000aef0: 0120 fff7 5bfb bbf1 000f 05d0 e120 fef7  . ..[........ ..
0000af00: edfc 0120 fff7 52fb baf1 000f 3ff4 7eaf  ... ..R.....?.~.
0000af10: 0021 2c20 fff7 56fb 75e7 bde8 f88f 00bf  .!, ..V.u.......
0000af20: 9cfb 0008 8cfb 0008 7cfb 0008 1906 0108  ........|.......
0000af30: a086 0100 7cfb 0008 2de9 f04f 0379 0546  ....|...-..O.y.F
0000af40: 89b0 002b 00f0 6787 0121 fef7 e1fa 6b79  ...+..g..!....ky
0000af50: 0446 dbb1 ac4b 1e88 c6b1 b042 16d0 f2b2  .F...K.....B....
0000af60: 16f0 f006 40f0 4287 1c23 5343 a749 c818  ....@.B..#SC.I..
0000af70: 4279 cc52 42f0 0402 4271 fef7 e7fd a44b  By.RB...Bq.....K
0000af80: 0121 2846 1e70 fef7 c3fa 0446 6b79 002b  .!(F.p.....Fky.+
0000af90: 00f0 9b80 a4f5 ee43 9bb2 7f2b 00f2 f380  .......C...+....
0000afa0: e4b2 0f2c 00f2 f880 40f6 ff70 fef7 3afa  ...,....@..p..:.
0000afb0: 0028 40f0 f180 40f2 d256 4cbb 3046 0794  .(@...@..VL.0F..
0000afc0: fef7 30fa 771c 8df8 1c00 0028 00f0 e480  ..0.w......(....
0000afd0: 0128 76d1 3846 fef7 25fa 06f1 0209 8046  .(v.8F..%......F
0000afe0: 8df8 1d00 0728 20d8 01a3 53f8 20f0 00bf  .....( ...S. ...
0000aff0: 99b1 0008 31b0 0008 31b0 0008 31b0 0008  ....1...1...1...
0000b000: 91b0 0008 47b0 0008 47b0 0008 47b0 0008  ....G...G...G...
0000b010: b6f5 805f 00f0 c080 3046 fef7 03fa 0136  ..._....0F.....6
0000b020: 0028 f5d1 013c e4b2 c7e7 4f46 3e46 c5e7  .(...<....OF>F..
0000b030: 4846 fef7 f7f9 8df8 1e00 10b1 07a8 fff7  HF..............
0000b040: c5fe f71c f2e7 4846 fef7 ecf9 f71c 8df8  ......HF........
0000b050: 1e00 0028 ead0 3846 fef7 e4f9 8df8 1f00  ...(..8F........
0000b060: 70b1 bdf8 1e00 b0f5 7f4f 84bf 0002 80b2  p........O......
0000b070: b8f1 060f 06d0 b8f1 070f 06d0 01f0 a2fb  ................
0000b080: 371d d3e7 01f0 46fb fae7 01f0 67fb f7e7  7.....F.....g...
0000b090: 4846 fef7 c7f9 8046 f01c 371d fef7 c2f9  HF.....F..7.....
0000b0a0: b8f1 000f 78d0 0028 76d0 461e c6eb 0626  ....x..(v.F....&
0000b0b0: 08f1 ff38 4644 013e b8d3 6420 fff7 76fa  ...8FD.>..d ..v.
0000b0c0: f9e7 07a8 fff7 82fe b0e7 b4f5 ae4f 7ad3  .............Oz.
0000b0d0: b4f5 b04f 80f0 8386 4e4e a4f5 ae40 87b2  ...O....NN...@..
0000b0e0: 3146 c0b2 fef7 a0fa 78b9 1c23 4748 03fb  1F......x..#GH..
0000b0f0: 0703 9b78 012b 37d1 3388 33b1 7388 23b1  ...x.+7.3.3.s.#.
0000b100: b388 f288 1343 9bb2 9bb3 dff8 0ca1 dff8  .....C..........
0000b110: 0c91 9af8 0030 99f8 0020 43ea 0206 404b  .....0... C...@K
0000b120: 1b78 002b 40f0 a480 222e 01d1 fdf7 aafa  .x.+@...".......
0000b130: 6e79 3c4b 002e 00f0 2681 47f6 5e42 9442  ny<K....&.G.^B.B
0000b140: 00f0 1e81 47f6 5f42 9442 08d0 47f6 5d42  ....G._B.B..G.]B
0000b150: 9442 40f0 1881 1a78 002a 00f0 1181 0020  .B@....x.*..... 
0000b160: 1870 fef7 1bfd 17e0 022b ced1 b388 002b  .p.......+.....+
0000b170: cbd0 1c23 03fb 0700 4379 23f0 0103 4371  ...#....Cy#...Cq
0000b180: fef7 e4fc c1e7 47f6 7343 9c42 1bd1 244b  ......G.sC.B..$K
0000b190: 1b78 abb1 fef7 b0fc 234b 1b78 5e07 00f0  .x......#K.x^...
0000b1a0: 3a86 6b79 002b 00f0 3686 204b 5b78 5c07  :.ky.+..6. K[x\.
0000b1b0: 40f1 3186 0220 09b0 bde8 f04f fcf7 c6ba  @.1.. .....O....
0000b1c0: fdf7 60fa e8e7 45f2 a223 9c42 30d0 0bd8  ..`...E..#.B0...
0000b1d0: a4f5 0053 9bb2 b3f5 005f 0bd3 e12c 01d0  ...S....._...,..
0000b1e0: e52c 92d1 2346 24e0 45f2 b223 9c42 8cd1  .,..#F$.E..#.B..
0000b1f0: e523 1ee0 ab79 0f2b 87d8 c4f3 0423 022b  .#...y.+.....#.+
0000b200: 16d0 122b f3e7 00bf 282e 0020 682c 0020  ...+....(.. h,. 
0000b210: 3b2e 0020 842b 0020 382e 0020 392e 0020  ;.. .+. 8.. 9.. 
0000b220: 902b 0020 b510 0020 3c2e 0020 862f 0020  .+. ... <.. ./. 
0000b230: e123 0122 974e 03f0 0503 9749 3678 9a40  .#.".N.....I6x.@
0000b240: d0b2 0b78 46b1 6c79 14b1 1843 0870 a3e7  ...xF.ly...C.p..
0000b250: 23ea 0203 0b70 9fe7 1842 3ff4 56af 23ea  #....p...B?.V.#.
0000b260: 0203 0b70 fcf7 96fa 6b79 002b 94d0 4ce7  ...p....ky.+..L.
0000b270: fdf7 54f9 894b 00f5 9c50 0830 1880 6b79  ..T..K...P.0..ky
0000b280: 002b 3ff4 55af 36f0 6203 59d1 b4f5 a04f  .+?.U.6.b.Y....O
0000b290: 18d2 b4f5 804f 5ad2 e62c 3ff4 49af a4f5  .....OZ..,?.I...
0000b2a0: 0053 9bb2 b3f5 005f 55d2 ab79 0f2b 3dd9  .S....._U..y.+=.
0000b2b0: e3b2 0021 7a4a 2d2b 1170 14d1 0222 784b  ...!zJ-+.p..."xK
0000b2c0: 1a70 4ce0 45f2 b422 9442 3ff4 31af 1dd8  .pL.E..".B?.1...
0000b2d0: 45f2 3f22 9442 11d8 b4f5 a44f bff4 28af  E.?".B.....O..(.
0000b2e0: 6f4a 1370 2346 2d2b 44d8 272b 35d8 1d2b  oJ.p#F-+D.'+5..+
0000b2f0: 35d8 043b 9bb2 192b e0d9 21e0 a4f5 a442  5..;...+..!....B
0000b300: 603a 92b2 3f2a 7ff6 13af e9e7 45f2 df22  `:..?*......E.."
0000b310: 9442 05d8 45f2 bf22 9442 3ff6 09af dfe7  .B..E..".B?.....
0000b320: a4f5 f842 773a 92b2 012a ece7 c4f3 0423  ...Bw:...*.....#
0000b330: 142b 3ff4 fdae 162b 02d1 0022 584b 1a70  .+?....+..."XK.p
0000b340: fef7 dafb 544b 1878 fcf7 1cfa f0e6 ab79  ....TK.x.......y
0000b350: 0f2b add8 ece6 2346 abe7 2a2b f0d1 4e4b  .+....#F..*+..NK
0000b360: 1b78 23b1 4e4a 1378 83f0 0203 1370 fef7  .x#.NJ.x.....p..
0000b370: 6ffa dde6 4c2b f2d0 40f2 2d22 9342 ede7  o...L+..@.-".B..
0000b380: 0122 1a70 08e7 1b78 002b 33d1 a4f5 ae43  .".p...x.+3....C
0000b390: ff2b 00f2 bb81 14f0 f008 7ff4 fdae 1c22  .+............."
0000b3a0: 404e e3b2 02fb 0366 6f79 7379 67f3 0003  @N.....foysyg...
0000b3b0: 7371 002f 00f0 9781 fdf7 b0f8 3a4b 99f8  sq./........:K..
0000b3c0: 0020 1880 b378 3046 0133 b370 344b b169  . ...x0F.3.p4K.i
0000b3d0: 1b78 1343 f370 9af8 0030 b268 3371 fcf7  .x.C.p...0.h3q..
0000b3e0: f3ff 7379 13f0 020f 08bf a046 2f4b a3f8  ..sy.......F/K..
0000b3f0: 0080 7fe0 a4f1 e003 9bb2 0193 2c4b 2d4f  ............,K-O
0000b400: 1978 99f8 0030 1943 9af8 0030 41ea 030b  .x...0.C...0A...
0000b410: 019b 072b 54d8 0123 04f0 0702 9340 4ffa  ...+T..#.....@O.
0000b420: 8bf1 5bb2 002e 31d0 1943 5ffa 81fb 2888  ..[...1..C_...(.
0000b430: fcf7 3ef9 0123 4ff0 0008 03fa 00f2 1e4b  ..>..#O........K
0000b440: 1b68 0393 3b88 1d4f 0493 bbf1 000f 01d1  .h..;..O........
0000b450: bb78 9bb9 fb78 1342 10d0 3b7a 0199 13f0  .x...x.B..;z....
0000b460: 070f 08bf 0723 0729 00f2 8c80 002e 00f0  .....#.)........
0000b470: 8680 c3f3 4003 002b 40f0 8a80 08f1 0108  ....@..+@.......
0000b480: b8f1 080f 07f1 1807 dfd1 23e0 21ea 0301  ..........#.!...
0000b490: cbe7 00bf 902b 0020 912b 0020 8e2b 0020  .....+. .+. .+. 
0000b4a0: 3b2e 0020 682c 0020 2a2e 0020 282e 0020  ;.. h,. *.. (.. 
0000b4b0: 3a2e 0020 642c 0020 582c 0020 942b 0020  :.. d,. X,. .+. 
0000b4c0: 002e 53d1 3b88 a342 04d1 ae4b 3e80 1e60  ..S.;..B...K>..`
0000b4d0: ad4b 1e80 ad4b 1868 0028 3ff4 57af 019b  .K...K.h.(?.W...
0000b4e0: 072b 00f2 ee80 5946 fcf7 fafd 10b9 0120  .+....YF....... 
0000b4f0: fef7 54fb 6a79 002a 40f0 7e84 99f8 0000  ..T.jy.*@.~.....
0000b500: a4f5 f043 203b 00f0 2200 142b 00f2 8981  ...C ;.."..+....
0000b510: 01a1 51f8 23f0 00bf 49b7 0008 7bb7 0008  ..Q.#...I...{...
0000b520: b9b7 0008 bfb7 0008 c5b7 0008 cbb7 0008  ................
0000b530: d1b7 0008 d7b7 0008 ddb7 0008 e3b7 0008  ................
0000b540: e9b7 0008 efb7 0008 f5b7 0008 ffb7 0008  ................
0000b550: 05b8 0008 99b1 0008 0bb8 0008 11b8 0008  ................
0000b560: 17b8 0008 99b1 0008 1db8 0008 3c80 fcf7  ............<...
0000b570: d5ff 0022 834b 1860 834b 1a80 57e7 c3f3  ...".K.`.K..W...
0000b580: 8003 78e7 002e 3ff4 79af d907 7ff5 76af  ..x...?.y.....v.
0000b590: 3b88 9c42 02d1 002e 3ff4 70af 0399 b942  ;..B....?.p....B
0000b5a0: 3ff4 6caf 7869 18b1 0078 0028 3ff4 66af  ?.l.xi...x.(?.f.
0000b5b0: 5946 3846 0592 0293 fcf7 92fd 059a 0028  YF8F...........(
0000b5c0: 3ff4 5caf 029b 9c42 14bf 0021 06f0 0101  ?.\....B...!....
0000b5d0: 0291 23b1 19b9 0499 8b42 7ff4 4faf 0020  ..#......B..O.. 
0000b5e0: 0393 fef7 dbfa 0121 684a 029b 1760 684a  .......!hJ...`hJ
0000b5f0: 684f 1170 1822 02fb 08f2 b918 4879 6649  hO.p."......HyfI
0000b600: 0870 43b9 039b 33b1 bb5a b85c 043b a02b  .pC...3..Z.\.;.+
0000b610: 3ad8 fcf7 55ff 1823 1821 47f6 3e62 03fb  :...U..#.!G.>b..
0000b620: 0873 de88 01fb 0871 a6f5 8073 b3f5 f85f  .s.....q...s..._
0000b630: 3cbf 26f4 f856 b6b2 731e 9bb2 9342 ca68  <.&..V..s....B.h
0000b640: 8cbf 4ff0 000b 4ff0 010b 22b1 0120 0969  ..O...O...".. .i
0000b650: 9047 0bea 000b bbf1 000f 12d0 1823 03fb  .G...........#..
0000b660: 0877 f888 a0f5 8073 b3f5 f85f 0fd2 fbf7  .w.....s..._....
0000b670: a3ff 4a4b 1870 019b 072b 0ad8 3046 fdf7  ..JK.p...+..0F..
0000b680: 19f8 fef7 e5f8 0be0 fef7 28f9 c3e7 0020  ..........(.... 
0000b690: efe7 f7b2 043e a02e 09d8 3846 fcf7 d8fe  .....>....8F....
0000b6a0: 029b 002b 3ff4 72ae fef7 d2f8 74e5 fef7  ...+?.r.....t...
0000b6b0: cff8 4ff4 7a70 fef7 79ff 3846 fef7 48f9  ..O.zp..y.8F..H.
0000b6c0: eee7 0388 a342 06d1 46b9 314b 1e70 0020  .....B..F.1K.p. 
0000b6d0: fef7 64fa 5ae6 002e 3ff4 58ae 037a 9a06  ..d.Z...?.X..z..
0000b6e0: 3ff5 54ae f3e7 3046 7269 b169 fcf7 6cfe  ?.T...0Fri.i..l.
0000b6f0: 7379 9b07 7ff5 feae 3046 fef7 0ffa 284b  sy......0F....(K
0000b700: 1a88 a242 7ff4 f6ae 1f80 f3e6 47f6 1643  ...B........G..C
0000b710: 9c42 7ff4 efae 6b79 224a 6bb1 99f8 0030  .B....ky"Jk....0
0000b720: 03f0 aa03 002b 13bf 0123 0023 2920 3520  .....+...#.#) 5 
0000b730: 1370 fcf7 8dfe b7e7 1378 002b 0cbf 2920  .p.......x.+..) 
0000b740: 3520 fcf7 bdfe afe7 174b 1878 c707 0cd5  5 .......K.x....
0000b750: 20f0 0100 1870 d3e9 0001 fff7 d3f9 0022   ....p........."
0000b760: 124b 5a70 fcf7 eafa 16e5 0121 40f0 0100  .KZp.......!@...
0000b770: 1870 8008 fff7 62fa 0ee5 0d4a 0d49 fcf7  .p....b....J.I..
0000b780: 19fc 09e5 602c 0020 5c2c 0020 582c 0020  ....`,. \,. X,. 
0000b790: 542c 0020 942b 0020 932b 0020 922b 0020  T,. .+. .+. .+. 
0000b7a0: 282e 0020 2c2e 0020 302e 0020 2d2e 0020  (.. ,.. 0.. -.. 
0000b7b0: cdac 0008 b5ac 0008 b14a b249 dfe7 b24a  .........J.I...J
0000b7c0: b249 dce7 b14a b049 d9e7 b14a b149 d6e7  .I...J.I...J.I..
0000b7d0: b04a af49 d3e7 b04a b049 d0e7 af4a ae49  .J.I...J.I...J.I
0000b7e0: cde7 af4a af49 cae7 ae4a ad49 c7e7 0121  ...J.I...J.I...!
0000b7f0: 0846 bfe7 0521 0220 fff7 76fa cce4 0821  .F...!. ..v....!
0000b800: 0620 f9e7 0e21 0920 f6e7 1121 0f20 f3e7  . ...!. ...!. ..
0000b810: 0121 1220 aee7 1c21 1320 ede7 2321 1e20  .!. ...!. ..#!. 
0000b820: eae7 47f6 7743 9c42 76d0 47f6 7843 9c42  ..G.wC.Bv.G.xC.B
0000b830: 76d0 92b1 47f6 5a43 9c42 00f0 a280 73d8  v...G.ZC.B....s.
0000b840: 47f6 0143 9c42 00f0 9580 47f6 0343 9c42  G..C.B....G..C.B
0000b850: 00f0 8980 b4f5 f84f 79d0 2889 0028 00f0  .......Oy.(..(..
0000b860: 9480 fcf7 9ff8 dff8 4082 aa79 98f8 0070  ........@..y...p
0000b870: 0446 17f0 0707 6e79 4fea 1212 29d0 3746  .F....nyO...).7F
0000b880: 3eb3 c4f3 0723 03f0 f001 4029 10d0 c0b2  >....#....@)....
0000b890: 00f1 2001 c9b2 0729 40f2 9180 03f0 e003  .. ....)@.......
0000b8a0: 202b 05d1 0128 40f2 8a80 002a 00f0 8980   +...(@....*....
0000b8b0: 7e4b 5f78 17f0 0407 0bd0 0220 0192 fbf7  ~K_x....... ....
0000b8c0: 45ff 98f8 0070 019a 07f0 0707 b7fa 87f7  E....p..........
0000b8d0: 7f09 c4f3 0333 1946 0193 0b29 00f2 8e80  .....3.F...)....
0000b8e0: 01a3 53f8 21f0 00bf c7b9 0008 c7b9 0008  ..S.!...........
0000b8f0: bdba 0008 bdba 0008 cdbb 0008 fdbb 0008  ................
0000b900: fdb9 0008 fdb9 0008 11bc 0008 b7bc 0008  ................
0000b910: d7bc 0008 d7bc 0008 0120 fbf7 93fe 73e2  ......... ....s.
0000b920: 0220 002a f9d0 6de2 47f6 5b43 9c42 2ad0  . .*..m.G.[C.B*.
0000b930: 47f6 5c43 9c42 90d1 5c4b 5878 c0f3 8000  G.\C.B..\KXx....
0000b940: 80f0 0100 00f0 0100 fff7 b0f8 85e7 fef7  ................
0000b950: a7f8 46f2 a810 fef7 29fe 554b 554a c3f8  ..F.....).UKUJ..
0000b960: 002c fbf7 17fe fff7 21fa 4ff6 ff71 0020  .,......!.O..q. 
0000b970: fff7 82f8 fef7 94f8 46f2 a810 fef7 16fe  ........F.......
0000b980: efe7 0120 e0e7 0020 dee7 2a88 6b79 adf8  ... ... ..*.ky..
0000b990: 1820 0698 7bb1 fdf7 95fd 0446 0146 0698  . ..{......F.F..
0000b9a0: fbf7 5afe bdf8 1830 2046 adf8 1c30 0799  ..Z....0 F...0..
0000b9b0: fdf7 64fd 55e7 fbf7 7bfe 0446 f2e7 0027  ..d.U...{..F...'
0000b9c0: 87e7 1746 85e7 c4f3 0723 c4f3 0329 0f2b  ...F.....#...).+
0000b9d0: 88bf 4fea 0919 e4b2 ceb3 b9f1 000f 0ad0  ..O.............
0000b9e0: 04f1 2003 dbb2 072b 00d9 54bb 4846 fbf7  .. ....+..T.HF..
0000b9f0: c9fe fdf7 2dff 2046 fdf7 aaff 019b a3f1  ....-. F........
0000ba00: 080b bbf1 030f 03d8 fcf7 e2fc fbf7 04fe  ................
0000ba10: 87b1 98f8 0000 10f0 0103 0bd1 6b71 c008  ............kq..
0000ba20: fbf7 06fe 2846 fff7 87fa 98f8 0000 c008  ....(F..........
0000ba30: fbf7 08fe 0021 2846 09b0 bde8 f04f fdf7  .....!(F.....O..
0000ba40: 67bd 1d4a 1378 49ea 0303 1370 d1e7 2046  g..J.xI....p.. F
0000ba50: fdf7 44ff b9f1 000f d0d0 04f1 2003 dbb2  ..D......... ...
0000ba60: 072b 00d9 1cb9 4846 fbf7 94fe 04e0 124a  .+....HF.......J
0000ba70: 1378 23ea 0903 1370 fdf7 eafe bee7 00bf  .x#....p........
0000ba80: b5ac 0008 cdac 0008 25ad 0008 0dad 0008  ........%.......
0000ba90: 59ad 0008 3dad 0008 91ad 0008 75ad 0008  Y...=.......u...
0000baa0: 21ab 0008 39ab 0008 3c2e 0020 862f 0020  !...9...<.. ./. 
0000bab0: 0040 0020 34b1 20c2 3b2e 0020 c4f3 0721  .@. 4. .;.. ...!
0000bac0: 01f0 f001 c4f3 032b 2029 e4b2 18bf 4fea  .......+ )....O.
0000bad0: 0b1b 5cb1 012c 60d0 002e 6ad0 dab1 aa79  ..\..,`...j....y
0000bae0: d107 88d5 22f0 f002 aa71 14e0 ab49 4978  ...."....q...IIx
0000baf0: 4807 0ed4 3eb1 bbf1 000f 3ff4 7faf 5846  H...>.....?...XF
0000bb00: fbf7 40fe b8e7 bbf1 000f 3ff4 77af 5846  ..@.......?.w.XF
0000bb10: aae7 46b3 1ab9 5846 fdf7 9aff 6ee7 012a  ..F...XF....n..*
0000bb20: 0ed1 9af8 0040 3bea 0402 3ff4 67af fcf7  .....@;...?.g...
0000bb30: f5fc 9b4a 4bea 0404 1080 8af8 0040 5de7  ...JK........@].
0000bb40: 052a 7ff4 5baf 5846 fdf7 82ff 5846 fcf7  .*..[.XF....XF..
0000bb50: 85fd 9449 0a78 3bea 0200 3ff4 4faf 4bea  ...I.x;...?.O.K.
0000bb60: 0202 0a70 4ae7 72b9 5846 fdf7 7aff 5846  ...pJ.r.XF..z.XF
0000bb70: fcf7 74fd 8b49 0a78 1bea 020f 3ff4 3eaf  ..t..I.x....?.>.
0000bb80: 22ea 0b02 ede7 012a 7ff4 38af 99f8 0020  "......*..8.... 
0000bb90: 1bea 020f 3ff4 32af e6e7 1eb1 052a 3ff6  ....?.2......*?.
0000bba0: 2daf b8e7 042a 3ff6 29af 5846 fdf7 59ff  -....*?.).XF..Y.
0000bbb0: 24e7 002a f9d0 392c 0cbf 4ff4 fa50 0120  $..*..9,..O..P. 
0000bbc0: fef7 f4fc 2046 fdf7 89fe 17e7 14f4 406f  .... F........@o
0000bbd0: c4f3 8123 08d0 012b 7ff4 10af 66b1 c4f3  ...#...+....f...
0000bbe0: 0900 fcf7 19fc 09e7 26b1 c4f3 0900 fcf7  ........&.......
0000bbf0: f7fb 03e7 3046 fae7 3046 f2e7 e0b2 26b1  ....0F..0F....&.
0000bc00: fcf7 e8fa fcf7 76fd f8e6 fcf7 51fb f9e7  ......v.....Q...
0000bc10: 14f4 407f 23d1 002e 7ff4 f0ae 14f0 1002  ..@.#...........
0000bc20: 18bf 0f22 c4f3 4211 4fea 8101 c9b2 1cbf  ..."..B.O.......
0000bc30: 8a40 d243 04f0 0f03 03fa 01f3 c4f3 8124  .@.C...........$
0000bc40: 5949 18bf d2b2 dbb2 022c 2ed0 032c 30d0  YI.......,...,0.
0000bc50: 012c 26d0 1343 0a78 1340 0b70 cee6 c4f3  .,&..C.x.@.p....
0000bc60: 0122 d6b1 d207 7ff5 c9ae 14f0 1002 18bf  ."..............
0000bc70: 0f22 c4f3 4211 4fea 8101 c9b2 1cbf 8a40  ."..B.O........@
0000bc80: d243 04f0 0f03 03fa 01f3 c4f3 8124 18bf  .C...........$..
0000bc90: d2b2 4649 dbb2 022c d7e7 012a 7ff6 aeae  ..FI...,...*....
0000bca0: e3e7 0878 0343 1a43 5be7 1343 0a78 5340  ...x.C.C[..C.xS@
0000bcb0: d3e7 1343 d1e7 e1b2 c4f3 0324 26b1 2046  ...C.......$&. F
0000bcc0: fbf7 b6fc 0846 27e7 0846 fdf7 cafe 2046  .....F'..F.... F
0000bcd0: fbf7 b8fc 92e6 5ffa 84f9 a9f1 f003 042b  ......_........+
0000bce0: 68d8 01a1 51f8 23f0 fdbc 0008 47bd 0008  h...Q.#.....G...
0000bcf0: 1bbd 0008 29bd 0008 3fbd 0008 5eb1 042a  ....)...?...^..*
0000bd00: 3ff6 7cae 0123 294a c4f3 0424 1178 a340  ?.|..#)J...$.x.@
0000bd10: 4b40 1370 72e6 052a f2e7 c4f3 0420 002e  K@.pr..*..... ..
0000bd20: d6d1 fbf7 85fc 69e6 204a 36b1 0123 c4f3  ......i. J6..#..
0000bd30: 0424 03fa 04f4 1470 60e6 1670 5ee6 174b  .$.....p`..p^..K
0000bd40: 5b78 5b07 04d4 c4f3 0420 002e c0d0 e8e7  [x[...... ......
0000bd50: c6b1 98f8 0030 03f0 0703 042b 0ad1 0023  .....0.....+...#
0000bd60: 134a c4f3 0420 88f8 0030 1380 fbf7 6afc  .J... ...0....j.
0000bd70: 0027 49e6 042a fbd8 0321 c4f3 0420 fcf7  .'I..*...!... ..
0000bd80: 05fc f5e7 042a 05d9 094b 0421 88f8 0060  .....*...K.!...`
0000bd90: 1e80 f2e7 0120 fbf7 d9fc e9e7 862f 0020  ..... ......./. 
0000bda0: 402e 0020 3a2e 0020 842f 0020 852f 0020  @.. :.. ./. ./. 
0000bdb0: 3e2e 0020 2eb1 0ab1 4846 1de6 c4f3 0420  >.. ....HF..... 
0000bdc0: afe7 4ab1 b9f1 390f 0cbf 4ff4 fa50 0120  ..J...9...O..P. 
0000bdd0: fef7 ecfb 4846 f6e6 c4f3 0420 78e7 47f6  ....HF..... x.G.
0000bde0: 7343 9c42 3ff4 d8a9 fff7 8fb9 0022 5379  sC.B?........"Sy
0000bdf0: 62f3 8203 5371 ffde 47f6 7743 9c42 7ff4  b...Sq..G.wC.B..
0000be00: 14ad 0120 fbf7 14fc 0322 0221 0120 fbf7  ... .....".!. ..
0000be10: 77fc fff7 c1b9 09b0 bde8 f08f 2de9 f047  w...........-..G
0000be20: 1f4d ab79 0f2b 0dd8 6b79 5bb1 4ff0 0a0a  .M.y.+..ky[.O...
0000be30: 1c4b dff8 7490 1c78 dff8 7080 99f8 0030  .K..t..x..p....0
0000be40: a342 01d1 bde8 f087 0afb 04f3 03eb 0806  .B..............
0000be50: 3279 0ab3 38f8 0320 2b88 9a42 1cd1 7179  2y..8.. +..B..qy
0000be60: d1b9 6b88 7788 0e48 ff1a fdf7 51fb fdf7  ..k.w..H....Q...
0000be70: e9fb bfb2 8742 0fd2 0122 ab79 0848 62f3  .....B...".y.Hb.
0000be80: 0713 ab71 b379 62f3 0713 b371 fff7 54f8  ...q.yb....q..T.
0000be90: bde8 f047 fbf7 4abc 0134 04f0 0704 cde7  ...G..J..4......
0000bea0: 522b 0020 012b 0020 002b 0020 022b 0020  R+. .+. .+. .+. 
0000beb0: 2de9 f04f 8246 89b0 a44c 0622 0146 03a8  -..O.F...L.".F..
0000bec0: 03f0 84fc 2279 9af8 0550 9af8 0480 d2b9  ...."y...P......
0000bed0: b8f1 000f 15d0 002d 00f0 3481 5046 fdf7  .......-..4.PF..
0000bee0: 48fb 0028 00f0 2e81 0a22 5146 2046 03f0  H..(....."QF F..
0000bef0: 6dfc b8f1 010f 02d1 2088 fdf7 28fb fff7  m....... ...(...
0000bf00: 8dff 0124 35e0 baf8 0260 6788 94f8 0590  ...$5....`g.....
0000bf10: f71b bfb2 b9f1 000f 00f0 d480 9af8 0030  ...............0
0000bf20: 0021 2046 0193 9af8 01b0 fdf7 f1fa fdf7  .! F............
0000bf30: 89fb b842 40f2 a180 b8f1 000f e1d0 a279  ...B@..........y
0000bf40: 2188 0f2a baf8 0000 5fd8 8842 15d1 2089  !..*...._..B.. .
0000bf50: baf8 0810 8842 10d1 002d 49d1 0121 2046  .....B...-I..! F
0000bf60: 61f3 0712 a271 fef7 e7ff a279 8af8 0620  a....q.....y... 
0000bf70: 0024 2046 09b0 bde8 f08f 002d 38d1 2a46  .$ F.......-8.*F
0000bf80: 5946 0198 02f0 c0fd 2a46 5946 0198 02f0  YF......*FYF....
0000bf90: bbfd 0446 0028 ebd1 0398 fdf7 d8fa c0f3  ...F.(..........
0000bfa0: 0331 0329 c2b2 09d8 0129 11d9 10f4 706f  .1.).....)....po
0000bfb0: 13d0 9af8 0610 0f29 0fd8 dae7 0631 01f0  .......).....1..
0000bfc0: 0f01 0129 0ed9 5046 fef7 b6ff 4c46 d0e7  ...)..PF....LF..
0000bfd0: 10f4 706f 01d0 002a cbd0 2032 d2b2 072a  ..po...*.. 2...*
0000bfe0: c7d9 f0e7 ef2a c4d9 0f32 d2b2 022a f7e7  .....*...2...*..
0000bff0: a379 5648 43f0 0103 a371 fef7 9dff 0a22  .yVHC....q....."
0000c000: 0021 5248 03f0 88fb b2e7 8842 10d1 2089  .!RH.......B.. .
0000c010: baf8 0810 8842 0bd1 55b9 5046 8af8 0620  .....B..U.PF... 
0000c020: fef7 8aff 0a22 5146 2046 03f0 cffb 68e7  ....."QF F....h.
0000c030: 5046 fdf7 9efa 0028 00f0 8480 002d 00f0  PF.....(.....-..
0000c040: 8180 a279 1f2a 12d9 2188 8df8 1a20 adf8  ...y.*..!.... ..
0000c050: 1410 2179 2289 8df8 1810 0021 05a8 adf8  ..!y"......!....
0000c060: 1660 8df8 1910 adf8 1c20 fef7 65ff 0a22  .`....... ..e.."
0000c070: 5146 3648 03f0 aafb 41e7 a279 0f2a 06d8  QF6H....A..y.*..
0000c080: 2046 fef7 59ff 0a22 0021 2046 bae7 b8f1   F..Y..".! F....
0000c090: 000f 3ff4 36af 2088 baf8 0010 8842 c7d1  ..?.6. ......B..
0000c0a0: 2089 baf8 0810 8842 c2d1 002d c0d1 5046   ......B...-..PF
0000c0b0: 8af8 0620 fef7 40ff 0a22 2946 2046 03f0  ... ..@..")F F..
0000c0c0: 2bfb 1ee7 4946 2046 fdf7 22fa fdf7 bafa  +...IF F..".....
0000c0d0: b842 d8d9 b8f1 000f 3ff4 13af 95b3 2188  .B......?.....!.
0000c0e0: baf8 0020 9142 24d1 2189 baf8 0820 9142  ... .B$.!.... .B
0000c0f0: 1fd1 6288 b61a b6b2 c72e 16d8 a279 d307  ..b..........y..
0000c100: 13d4 0f2a 11d9 1146 8af8 0620 02f0 f002  ...*...F... ....
0000c110: f02a 07d0 cab2 c2f3 0311 0131 61f3 0712  .*.........1a...
0000c120: 8af8 0620 5046 fef7 07ff 0a22 5146 0748  ... PF....."QF.H
0000c130: 7be7 5046 fdf7 1dfa 0028 98d1 a279 42f0  {.PF.....(...yB.
0000c140: 0102 a271 5046 fef7 f7fe dae6 522b 0020  ...qPF......R+. 
0000c150: f0b5 89b0 01ac 84e8 0700 2046 fff7 a8fe  .......... F....
0000c160: 1e4f 0546 1e4e d8b9 94e8 0700 05ab 03c3  .O.F.N..........
0000c170: 1a80 9df8 0830 97f8 00c0 96f8 00e0 7bb1  .....0........{.
0000c180: 0cf1 0104 04f0 0704 7445 11d0 0a22 1548  ........tE...".H
0000c190: 05a9 02fb 0c00 03f0 19fb 3c70 fbf7 c6fa  ..........<p....
0000c1a0: 0a24 104d 3078 3b78 8342 0bd1 09b0 f0bd  .$.M0x;x.B......
0000c1b0: fdf7 76fc 0a22 2946 0b48 3d70 3570 03f0  ..v..")F.H=p5p..
0000c1c0: abfa ede7 04fb 0050 fff7 72fe 0028 edd0  .......P..r..(..
0000c1d0: 3378 0133 03f0 0703 3370 e3e7 002b 0020  3x.3....3p...+. 
0000c1e0: 012b 0020 022b 0020 522b 0020 2de9 f843  .+. .+. R+. -..C
0000c1f0: dff8 7080 98f8 0030 63b1 1b4f dff8 6c90  ..p....0c..O..l.
0000c200: 3c78 1b4e 98f8 0030 a342 05d8 0023 88f8  <x.N...0.B...#..
0000c210: 0030 3b70 bde8 f883 0e22 6243 02eb 0903  .0;p....."bC....
0000c220: 651c 1979 edb2 3d70 c9b1 1989 21b9 4ff6  e..y..=p....!.O.
0000c230: ff71 5889 8842 0cd1 39f8 0200 b3f8 02c0  .qX..B..9.......
0000c240: 9a88 d988 40ea 0c40 42ea 0141 1a89 fff7  ....@..@B..A....
0000c250: 7fff 0e23 0022 03fb 0493 3270 1a71 2c46  ...#."....2p.q,F
0000c260: d0e7 00bf be2e 0020 b814 0020 4e2e 0020  ....... ... N.. 
0000c270: 3b2e 0020 2de9 f74f 2f4b 1c78 2f4b 1b78  ;.. -..O/K.x/K.x
0000c280: a342 06d1 fff7 b2ff 03b0 bde8 f04f fbf7  .B...........O..
0000c290: edbe 0c26 2a4b 33f8 1400 2a4b 06fb 0036  ...&*K3...*K...6
0000c2a0: b379 002b 40d1 284d 9c46 aa46 4ff0 010e  .y.+@.(M.F.FO...
0000c2b0: 264a 92f8 00b0 dab2 5a45 33d2 4ff0 0009  &J......ZE3.O...
0000c2c0: 4ff6 ff71 aa89 9046 3268 0192 019f 5ffa  O..q...F2h...._.
0000c2d0: 89f2 37f8 1270 2fb1 b845 08bf 91b2 09f1  ..7..p/..E......
0000c2e0: 0109 f3e7 4ff6 ff78 4145 22d0 0efa 01f1  ....O..xAE".....
0000c2f0: 4cea 0101 0efa 02f2 5ffa 81fc 013a 6245  L......._....:bE
0000c300: 16d1 0e22 5a43 0c23 0e4d 0aeb 0201 03fb  ..."ZC.#.M......
0000c310: 0053 9d88 0d81 0425 0d71 2af8 0270 4881  .S.....%.q*..pH.
0000c320: 83f8 07e0 fbf7 b4fe 0134 04f0 0304 a5e7  .........4......
0000c330: 2f71 0133 0e35 bee7 4d2e 0020 4c2e 0020  /q.3.5..M.. L.. 
0000c340: 422e 0020 c42e 0020 4e2e 0020 be2e 0020  B.. ... N.. ... 
0000c350: 08b5 0023 064a 1380 064a 1370 064b 1a78  ...#.J...J.p.K.x
0000c360: 064b 1a70 fbf7 82fe bde8 0840 fff7 3ebf  .K.p.......@..>.
0000c370: c02e 0020 b610 0020 4c2e 0020 4d2e 0020  ... ... L.. M.. 
0000c380: 2de9 f04f 8fb0 06ab 83e8 0300 9df8 1d20  -..O........... 
0000c390: 12b1 0021 a44a 1170 0022 adf8 2620 adf8  ...!.J.p."..& ..
0000c3a0: 2820 93e8 0300 a14b 0890 5b78 adf8 2410  ( .....K..[x..$.
0000c3b0: 5a07 1cd5 fcf7 b2f8 9d4b 1b88 c01a 41f2  Z........K....A.
0000c3c0: 8733 80b2 9842 06d9 9a4b 1b78 5b07 02d4  .3...B...K.x[...
0000c3d0: 0220 fbf7 bbf9 fcf7 a1f8 974b 1b88 c01a  . .........K....
0000c3e0: 41f2 8733 80b2 9842 01d9 fbf7 dbf9 9df8  A..3...B........
0000c3f0: 2430 73b1 0121 08a8 fdf7 8af8 47f6 5043  $0s..!......G.PC
0000c400: 9842 8346 0bd1 9df8 2530 f3b1 0122 8b4b  .B.F....%0...".K
0000c410: 1a70 08ab 93e8 0700 fff7 9afe 84e0 47f6  .p............G.
0000c420: 5143 9842 05d1 9df8 2530 73b1 fff7 90ff  QC.B....%0s.....
0000c430: efe7 47f6 5243 9842 07d1 9df8 2530 23b1  ..G.RC.B....%0#.
0000c440: 7e4b 1b78 002b e1d0 f0e7 0025 aa46 7c4c  ~K.x.+.....%.F|L
0000c450: 0021 4ff6 ff76 abb2 9df8 2590 2068 0193  .!O..v....%. h..
0000c460: cab2 30f8 1230 23b1 9b45 08bf 96b2 0131  ..0..0#..E.....1
0000c470: f6e7 4ff6 ff71 8e42 2ad0 a079 08b9 6f4b  ..O..q.B*..y..oK
0000c480: 1b78 e779 217a b9f1 000f 00f0 b880 002b  .x.y!z.........+
0000c490: 00f0 b580 4fb9 0123 b340 0b43 6949 2372  ....O..#.@.CiI#r
0000c4a0: 0b88 312b 9cbf 3223 0b80 0126 237a 06fa  ..1+..2#...&#z..
0000c4b0: 02f2 013a 9a42 0ad1 634b 1f88 002f 36d0  ...:.B..cK.../6.
0000c4c0: fcf7 2cf8 c01b 80b2 3228 30d9 a671 4b46  ..,.....2(0..qKF
0000c4d0: 0135 102d 43ea 0a0a 04f1 0c04 b8d1 b9f1  .5.-C...........
0000c4e0: 000f 00f0 df80 baf1 000f 00f0 db80 fcf7  ................
0000c4f0: 15f8 554b 1880 554b 1c78 072c 14d8 621c  ..UK..UK.x.,..b.
0000c500: 1a70 0bab 08aa 07ca 03c3 1a80 0e22 504b  .p..........."PK
0000c510: 0ba9 02fb 0433 0a22 1846 03f0 57f9 4ff6  .....3.".F..W.O.
0000c520: ff72 a0f8 0cb0 4281 0fb0 bde8 f08f 4ff0  .r....B.......O.
0000c530: 000e 484b 484a 1b78 92f8 0080 1946 7246  ..HKHJ.x.....FrF
0000c540: 4345 11d1 bef1 000f 01d0 424b 1970 a242  CE........BK.p.B
0000c550: bdd0 424b 019a 23f8 1820 3f4a 08f1 0103  ..BK..#.. ?J....
0000c560: 03f0 0303 1370 b2e7 3c4a 4ff0 000c 32f8  .....p..<JO...2.
0000c570: 1320 6646 0092 0c22 0098 5043 304a 1258  . fF..."..PC0J.X
0000c580: 6046 0592 059a 5ffa 8cf7 32f8 1720 0292  `F...._...2.. ..
0000c590: a2b1 2268 0027 0492 05e0 029a 039e b242  .."h.'.........B
0000c5a0: 08bf 40f0 0100 049a feb2 32f8 1620 0137  ..@.......2.. .7
0000c5b0: 0392 002a f1d1 0cf1 010c e3e7 e8b1 b742  ...*...........B
0000c5c0: 07d9 0123 a371 bef1 000f 80d0 214b 1970  ...#.q......!K.p
0000c5d0: 7de7 0c26 1a4a 009f 06fb 0722 4ff0 0106  }..&.J....."O...
0000c5e0: a242 9671 efd0 8b42 03d1 8646 591c 01f0  .B.q...B...FY...
0000c5f0: 0301 0133 03f0 0303 a2e7 0246 f9e7 7fbb  ...3.......F....
0000c600: 0127 9740 013f b942 07d0 0023 0121 227a  .'.@.?.B...#.!"z
0000c610: b140 22ea 0102 2272 5ae7 0028 f6d0 0198  .@"..."rZ..(....
0000c620: fbf7 36fd f1e7 00bf 3b2e 0020 862f 0020  ..6.....;.. ./. 
0000c630: 3e2e 0020 3c2e 0020 402e 0020 b610 0020  >.. <.. @.. ... 
0000c640: c42e 0020 4a2e 0020 c02e 0020 be2e 0020  ... J.. ... ... 
0000c650: 4e2e 0020 4d2e 0020 4c2e 0020 422e 0020  N.. M.. L.. B.. 
0000c660: 4a1e 41fa 06f3 0a40 03f0 0103 18d1 bbb1  J.A....@........
0000c670: a388 8bb1 0b92 0c92 fbf7 50ff 0423 8df8  ..........P..#..
0000c680: 3030 a388 0df1 2c08 adf8 2e00 adf8 3430  00....,.......40
0000c690: 98e8 0700 fff7 5cfd 0023 e371 3b46 b5e7  ......\..#.q;F..
0000c6a0: dbb2 b3e7 0a4b 1a78 0a4b 1b78 9a42 06d0  .....K.x.K.x.B..
0000c6b0: fff7 e0fd baf1 000f 7ff4 36af a9e6 fff7  ..........6.....
0000c6c0: 95fd 0022 044b 1a80 fbf7 d0fc f2e7 00bf  ...".K..........
0000c6d0: 4d2e 0020 4c2e 0020 c02e 0020 73b5 fbf7  M.. L.. ... s...
0000c6e0: 1dff 0b4d 84b2 2b88 a342 0ed0 0026 adf8  ...M..+..B...&..
0000c6f0: 0060 fbf7 13ff adf8 0460 adf8 0200 02ab  .`.......`......
0000c700: 13e9 0300 fff7 3cfe 2c80 02b0 70bd 00bf  ......<.,...p...
0000c710: d02a 0020 07b5 104a b0f5 005f 1080 04d2  .*. ...J..._....
0000c720: 03b0 5df8 04eb fdf7 7db9 4ff2 f003 adf8  ..].....}.O.....
0000c730: 0030 fbf7 f3fe 40f2 0113 40f0 0100 adf8  .0....@...@.....
0000c740: 0430 adf8 0200 02ab 13e9 0300 03b0 5df8  .0............].
0000c750: 04eb fff7 15be 00bf c82a 0020 164b b0f5  .........*. .K..
0000c760: 005f 13b5 0446 1880 10d2 c0b2 fdf7 b6f8  ._...F..........
0000c770: a4f1 e003 072b 00d9 34b9 1049 2046 02b0  .....+..4..I F..
0000c780: bde8 1040 faf7 39bf 0d49 f7e7 4ff2 f003  ...@..9..I..O...
0000c790: adf8 0030 fbf7 c2fe 0123 40f0 0100 adf8  ...0.....#@.....
0000c7a0: 0430 adf8 0200 02ab 13e9 0300 02b0 bde8  .0..............
0000c7b0: 1040 fff7 e5bd 00bf c82a 0020 639a 0008  .@.......*. c...
0000c7c0: 899a 0008 10b5 0446 fff7 a4ff 0120 fdf7  .......F..... ..
0000c7d0: edfe 2046 bde8 1040 fff7 c0bf 38b5 0546  .. F...@....8..F
0000c7e0: 0846 0c4c c0b2 2146 fcf7 1eff 80b9 2488  .F.L..!F......$.
0000c7f0: 74b1 ab78 032b 0ad1 2046 fff7 e3ff 2046  t..x.+.. F.... F
0000c800: fff7 e0ff 2046 bde8 3840 fff7 dbbf f9d8  .... F..8@......
0000c810: 38bd 00bf 842b 0020 70b5 224c cdb2 0646  8....+. p."L...F
0000c820: 2146 2846 fcf7 00ff 0028 35d1 b278 1e4b  !F(F.....(5..x.K
0000c830: 012a 0bd1 7279 5607 2fd4 d007 2dd5 0222  .*..ryV./...-.."
0000c840: 6088 5a55 68b9 2088 30b3 0ae0 022a 21d1  `.ZUh. .0....*!.
0000c850: 7279 5107 17d4 d207 07d4 0322 a088 5a55  ryQ........"..ZU
0000c860: 98b1 bde8 7040 fff7 55bf 0422 e088 5a55  ....p@..U.."..ZU
0000c870: 0028 f6d1 2088 98b1 fff7 a4ff 6088 0028  .(.. .......`..(
0000c880: efd1 2088 ede7 0522 5a55 2088 20b1 fff7  .. ...."ZU . ...
0000c890: 99ff f6e7 0622 5a55 70bd 0122 5a55 d2e7  ....."ZUp.."ZU..
0000c8a0: 6088 d1e7 842b 0020 d017 0020 70b5 ccb2  `....+. ... p...
0000c8b0: 0646 1c49 2046 fcf7 b7fe 0546 0028 30d1  .F.I F.....F.(0.
0000c8c0: 0120 fdf7 73fe 184a b570 135d 1555 013b  . ..s..J.p.].U.;
0000c8d0: 042b 26d8 01a2 52f8 23f0 00bf 1bc9 0008  .+&...R.#.......
0000c8e0: f1c8 0008 ffc8 0008 05c9 0008 1bc9 0008  ................
0000c8f0: 0c4b 5888 90b1 bde8 7040 fff7 2fbf 094b  .KX.....p@../..K
0000c900: 9888 f7e7 074b d888 0028 f4d1 1a88 5888  .....K...(....X.
0000c910: 2ab1 0028 efd1 1046 ede7 024b 1888 0028  *..(...F...K...(
0000c920: e9d1 70bd 842b 0020 d017 0020 38b5 3023  ..p..+. ... 8.0#
0000c930: 00f1 0c05 83f3 1188 174b 4169 dc68 91b9  .........KAi.h..
0000c940: 236a 4461 8361 2562 21e0 8b60 0b7d 7bb1  #jDa.a%b!..`.}{.
0000c950: 062b 14d1 0b68 4a68 8869 1360 5a60 fcf7  .+...hJh.i.`Z`..
0000c960: d5f8 8b69 9968 a368 8a68 9342 edd8 06e0  ...i.h.h.h.B....
0000c970: 4a68 0b68 0846 1360 5a60 fdf7 03fa 2846  Jh.h.F.`Z`....(F
0000c980: 2146 fcf7 c3f8 0620 a561 fdf7 c9fd 0020  !F..... .a..... 
0000c990: 80f3 1188 38bd 00bf 682a 0020 7047 0000  ....8...h*. pG..
0000c9a0: 194b 1a68 42f0 0102 1a60 1a68 9007 fcd5  .K.hB....`.h....
0000c9b0: 1a68 02f0 f902 1a60 0022 5a60 5a68 12f0  .h.....`."Z`Zh..
0000c9c0: 0c0f fbd1 1a68 42f4 8032 1a60 1a68 9103  .....hB..2.`.h..
0000c9d0: fcd5 5a68 42f4 f812 5a60 1a68 42f0 8072  ..ZhB...Z`.hB..r
0000c9e0: 1a60 1a68 9201 fcd5 1221 084a 5a60 084a  .`.h.....!.JZ`.J
0000c9f0: 1160 5a68 42f0 0202 5a60 5a68 02f0 0c02  .`ZhB...Z`Zh....
0000ca00: 082a fad1 7047 00bf 0010 0240 0064 1f00  .*..pG.....@.d..
0000ca10: 0020 0240 7047 fee7 f0b5 0820 0026 104a  . .@pG..... .&.J
0000ca20: 5168 1368 0d46 9468 043b ac42 10d8 e31c  Qh.h.F.h.;.B....
0000ca30: 5b1a cd1e 23f0 0303 ac42 38bf 0023 0b44  [...#....B8..#.D
0000ca40: d168 9942 09d8 0138 02f1 1002 e8d1 f0bd  .h.B...8........
0000ca50: 53f8 047f 45f8 047b e7e7 43f8 046b f0e7  S...E..{..C..k..
0000ca60: 78fc 0008 0c4b 10b4 1868 d968 0268 5360  x....K...h.h.hS`
0000ca70: 1a60 0122 d860 0023 0275 8a68 0b75 0b69  .`.".`.#.u.h.u.i
0000ca80: 1b68 9c68 9442 fbd8 5a68 0b60 4a60 10bc  .h.h.B..Zh.`J`..
0000ca90: 1160 5960 faf7 d4bb 682a 0020 044b 1a68  .`Y`....h*. .K.h
0000caa0: db68 9268 9b68 9a42 01d9 fff7 dbbf 7047  .h.h.h.B......pG
0000cab0: 682a 0020 164a 38b5 00f1 0c01 0346 d068  h*. .J8......F.h
0000cac0: 3022 82f3 1188 dc68 9a69 a142 0262 1bd0  0".....h.i.B.b..
0000cad0: 446a 82b9 8460 d868 0268 da60 5160 026a  Dj...`.h.h.`Q`.j
0000cae0: 5861 9a61 0162 fdf7 4df9 fff7 d7ff 0020  Xa.a.b..M...... 
0000caf0: 80f3 1188 38bd 1568 aa42 03d0 ad68 ac42  ....8..h.B...h.B
0000cb00: 38bf 2c46 d268 e4e7 0022 5a61 efe7 00bf  8.,F.h..."Za....
0000cb10: 682a 0020 2de9 f74f 3023 0746 8a46 9046  h*. -..O0#.F.F.F
0000cb20: 83f3 1188 9024 4f4d 04fb 0054 236f 1b78  .....$OM...T#o.x
0000cb30: 042b 4ff0 0003 04d0 83f3 1188 03b0 bde8  .+O.............
0000cb40: f08f 42f2 1079 94f8 8820 002a 14bf 0022  ..B..y... .*..."
0000cb50: 4a46 0092 83f3 1188 3023 83f3 1188 4ff0  JF......0#....O.
0000cb60: 0009 5646 dff8 00b1 a26a 3ab9 e268 52b3  ..VF.....j:..hR.
0000cb70: 2269 111d a162 e169 0a44 e262 a06a e26a  "i...b.i.D.b.j.j
0000cb80: a8eb 0901 121a 8a42 28bf 0a46 402a 43d9  .......B(..F@*C.
0000cb90: 3146 4022 02f0 1afe a16a 4036 4031 09f1  1F@".....j@6@1..
0000cba0: 4009 e26a a162 8a42 04d8 e169 2046 0439  @..j.b.B...i F.9
0000cbb0: fbf7 e2ff 0022 82f3 1188 c845 1bd9 3022  .....".....E..0"
0000cbc0: 82f3 1188 d0e7 227a 7ab9 009b dbf8 0c20  ......"zz...... 
0000cbd0: 5bb1 6168 1460 5160 0420 0a60 42f2 1071  [.ah.`Q`. .`B..q
0000cbe0: 6260 fdf7 abfc 0028 c0da 4ff0 000b 8bf3  b`.....(..O.....
0000cbf0: 1188 c845 1ad8 3023 83f3 1188 9023 03fb  ...E..0#.....#..
0000cc00: 0755 a96a 31b1 2b69 0439 c91a 02d0 2046  .U.j1.+i.9.... F
0000cc10: fbf7 b2ff 0023 8fe7 3146 0192 02f0 d6fd  .....#..1F......
0000cc20: 019a a16a 1644 1144 9144 bae7 3022 82f3  ...j.D.D.D..0"..
0000cc30: 1188 9026 06fb 0756 96f8 8820 2046 b9f1  ...&...V...  F..
0000cc40: 000f 08bf 42f0 0102 86f8 8820 fdf7 42fb  ....B...... ..B.
0000cc50: 2046 fdf7 4efb 86f8 08b0 fff7 1fff 8bf3   F..N...........
0000cc60: 1188 79e7 7c0e 0020 682a 0020 2de9 8048  ..y.|.. h*. -..H
0000cc70: 93b0 4ff0 ff32 a84c a848 2369 2261 2369  ..O..2.L.H#i"a#i
0000cc80: 0023 1e46 2361 2169 e168 e260 e268 e360  .#.F#a!i.h.`.h.`
0000cc90: e268 e269 a249 42f0 8052 e261 e269 e269  .h.i.IB..R.a.i.i
0000cca0: 00af 42f0 0062 e261 e269 0a68 42f4 8072  ..B..b.a.i.hB..r
0000ccb0: 0a60 9c4a 1360 5360 0832 50f8 2310 0e60  .`.J.`S`.2P.#..`
0000ccc0: 42f8 1360 0433 1c2b f7d1 4ff0 ff35 6022  B..`.3.+..O..5`"
0000ccd0: 4021 954b 4ff0 800a 5d60 944b 4ff4 0070  @!.KO...]`.KO..p
0000cce0: 83f8 0623 c3f8 8011 1960 4ff4 8071 83f8  ...#.....`O..q..
0000ccf0: 0723 c3f8 80a1 c3f8 00a0 83f8 0823 c3f8  .#...........#..
0000cd00: 8011 1960 83f8 0923 c3f8 8001 1860 4ff4  ...`...#.....`O.
0000cd10: 8060 83f8 0a23 c3f8 8001 1860 4ff4 0000  .`...#.....`O...
0000cd20: 83f8 1723 c3f8 8001 1860 83f8 2823 c3f8  ...#.....`..(#..
0000cd30: 8411 5960 a369 7e4a 43f0 7d03 a361 a369  ..Y`.i~JC.}..a.i
0000cd40: 7c4b d560 5360 a3f5 6453 303b 1360 03f5  |K.`S`..dS0;.`..
0000cd50: 6053 c2f8 0c54 c2f8 0434 4ff0 8833 7649  `S...T...4O..3vI
0000cd60: c2f8 0034 c2f8 0c58 c2f8 0418 7349 c2f8  ...4...X....sI..
0000cd70: 0038 c2f8 0c5c c2f8 043c c2f8 001c 02f5  .8...\...<......
0000cd80: 8062 c2f8 0c5c c2f8 043c c2f8 003c 0422  .b...\...<...<."
0000cd90: 4ff0 0109 dff8 a881 6a4b 6b48 c8f8 0030  O.......jKkH...0
0000cda0: 08f1 0c03 c8f8 0c30 c8f8 1030 674b 0021  .......0...0gK.!
0000cdb0: c8f8 1c30 664b 00f8 2c9b 1a74 654a 83f8  ...0fK..,..teJ..
0000cdc0: 0090 da61 3822 5e60 de60 83f8 1890 88f8  ...a8"^`.`......
0000cdd0: 0490 c8f8 1460 02f0 9ffc 5b4a 5e49 5660  .....`....[J^IV`
0000cde0: 9660 5e4a 5e4d 5368 4ff0 300b 43f0 0073  .`^J^MShO.0.C..s
0000cdf0: 5360 44f2 4c22 5b4b 9a62 4ff0 e023 40f2  S`D.L"[K.bO..#@.
0000ce00: cf22 5a61 0722 9e61 1a61 574a 83f8 23ad  ."Za.".a.aWJ..#.
0000ce10: 1160 5649 03f5 5063 5160 554a ae62 2a63  .`VI..PcQ`UJ.b*c
0000ce20: 8bf3 1188 62b6 d968 524a 21f4 e061 0904  ....b..hRJ!..a..
0000ce30: 090c 0a43 da60 d3f8 fc20 4f49 42f0 8072  ...C.`... OIB..r
0000ce40: c3f8 fc20 0a68 4d48 42ea 0902 0a60 2022  ... .hMHB....` "
0000ce50: da77 83f8 22b0 05f1 1003 c5e9 0433 4ff0  .w.."........3O.
0000ce60: ff33 ee61 e969 ab61 0a46 3346 c5e9 0823  .3.a.i.a.F3F...#
0000ce70: 05f1 3403 eb60 00f1 c403 c0f8 f430 404b  ..4..`.......0@K
0000ce80: c0f8 c860 c0f8 c430 3e4b c0f8 f090 c0f8  ...`...0>K......
0000ce90: e430 0223 c5e9 0055 a0f8 fc30 c5e9 1466  .0.#...U...0...f
0000cea0: ae60 ee62 ee65 c5f8 3ca0 6d64 c5f8 58a0  .`.b.e..<.md..X.
0000ceb0: a5f8 4890 c0f8 f850 c0e9 4269 c0f8 0461  ..H....P..Bi...a
0000cec0: e830 fcf7 5fff 86f3 1188 2f4b 2f4a 1a60  .0.._...../K/J.`
0000ced0: fcf7 cafb 2e49 c1f8 0080 8bf3 1188 d8f8  .....I..........
0000cee0: 1c20 88f8 0490 1369 43ea 0a03 1361 86f3  . .....iC....a..
0000cef0: 1188 0868 0368 5b68 9847 264b 2649 d3f8  ...h.h[h.G&K&I..
0000cf00: e027 0378 8668 03ea 0903 0b70 002e 47d1  .'.x.h.....p..G.
0000cf10: 72b6 224b eb65 fee7 0010 0240 5802 0108  r."K.e.....@X...
0000cf20: 0070 0040 9418 0020 0000 0240 00e1 00e0  .p.@... ...@....
0000cf30: 0008 0140 b884 8888 8888 3888 4488 8888  ...@......8.D...
0000cf40: 0829 0020 c402 0108 5c29 0020 0020 0240  .). ....\). . .@
0000cf50: d418 0020 002c 0140 d830 0020 0000 0140  ... .,.@.0. ...@
0000cf60: 682a 0020 006c 0040 f418 0020 0050 0020  h*. .l.@... .P. 
0000cf70: ec02 0108 0003 fa05 0010 00e0 3811 0020  ............8.. 
0000cf80: 577b 0008 5172 0008 580e 0020 4d7b 0008  W{..Qr..X.. M{..
0000cf90: 2829 0020 00f0 ff1f 0429 0020 a405 0108  (). .....). ....
0000cfa0: 4ff0 0009 c846 c14b dff8 04b3 03ea 822a  O....F.K.......*
0000cfb0: c04b 711e 1868 a1eb 0801 cbf8 0010 fbf7  .Kq..h..........
0000cfc0: eefd 5045 dbf8 0030 80f0 5682 7b60 b94b  ..PE...0..V.{`.K
0000cfd0: 1868 0268 5268 9047 c268 002a 00f0 4a82  .h.hRh.G.h.*..J.
0000cfe0: 7b68 02eb c302 5368 9944 b9f5 005f c0f0  {h....Sh.D..._..
0000cff0: 4482 dbf8 0010 b04b 761a 1e60 ad4b 1868  D......Kv..`.K.h
0000d000: fbf7 cdfd ad4b 1860 4ff0 0009 dff8 b082  .....K.`O.......
0000d010: 4846 08eb 0901 faf7 03fe 0028 01f0 ca82  HF.........(....
0000d020: 09f1 0209 b9f5 805f f2d1 41f2 0101 1220  ......._..A.... 
0000d030: a44b dff8 8ce2 a44e 7b60 0139 40f0 2382  .K.....N{`.9@.#.
0000d040: 41f2 080b 07f1 280a 5146 4846 faf7 e8fd  A.....(.QFHF....
0000d050: 28b1 09f1 0209 d945 0af1 020a f4d1 7968  (......E......yh
0000d060: d7e9 0a23 8b42 08bf b242 01d0 fcf7 fcfa  ...#.B...B......
0000d070: 41f2 080b 4ff0 000a 5846 07f1 1801 faf7  A...O...XF......
0000d080: cffd 0028 00f0 7782 3b8b 002b 00f0 7282  ...(..w.;..+..r.
0000d090: c3f3 8111 0129 0bf1 0206 3b85 dab2 00f0  .....)....;.....
0000d0a0: 7382 0229 00f0 7782 0029 00f0 1982 874b  s..)..w..).....K
0000d0b0: 1e60 fdf7 e9fa 08b9 fcf7 d6fa faf7 8aff  .`..............
0000d0c0: fcf7 e2fa fcf7 0cfb 1022 0021 8048 02f0  .........".!.H..
0000d0d0: 23fb 4ff0 0002 7f4b 0120 1a70 7e4b 4ff0  #.O....K. .p~KO.
0000d0e0: 900c 1a70 0022 4ff0 3008 9346 1646 7b4b  ...p."O.0..F.F{K
0000d0f0: dff8 eca1 dff8 e491 d96f 0cfb 0b99 03f1  .........o......
0000d100: 5c02 d3f8 78e0 da64 d3f8 8020 0431 1b60  \...x..d... .1.`
0000d110: 5b60 1872 c9f8 0ce0 01fb 0e29 5a61 1a61  [`.r.......)Za.a
0000d120: c3f8 1890 d961 c3f8 20e0 5a62 9e62 de62  .....a.. .Zb.b.b
0000d130: c3f8 30a0 5b63 88f3 1188 1a6f 93f8 7410  ..0.[c.....o..t.
0000d140: 02eb 8102 9362 83f8 8860 86f3 1188 5a46  .....b...`....ZF
0000d150: 0132 032a 9346 03f1 9003 cbd1 614b 03f1  .2.*.F......aK..
0000d160: 5c02 1a65 da6f d3f8 8010 d3f8 78c0 0432  \..e.o......x..2
0000d170: 1872 02fb 0c10 da61 5b4a 1b60 5b60 de60  .r.....a[J.`[`.`
0000d180: 5961 1961 9861 c3f8 20c0 5962 9e62 de62  Ya.a.a.. .Yb.b.b
0000d190: 1a63 5b63 88f3 1188 93f8 7420 196f 1132  .c[c......t .o.2
0000d1a0: 41f8 2230 83f8 8460 86f3 1188 4f48 0622  A."0...`....OH."
0000d1b0: 4ff4 8051 fbf7 12fe 4ff4 8053 4361 88f3  O..Q....O..SCa..
0000d1c0: 1188 4b4b 1b78 012b 18d0 4ff4 0022 494b  ..KK.x.+..O.."IK
0000d1d0: c3f8 8020 c3f8 8021 4ff4 8012 83f8 1363  ... ...!O......c
0000d1e0: c3f8 8020 c3f8 8021 83f8 1463 424b c3f8  ... ...!...cBK..
0000d1f0: 40b0 e369 23f4 0003 e361 e369 0123 3c4a  @..i#....a.i.#<J
0000d200: 4ff0 0008 1370 02f1 0803 9a46 0826 c2f8  O....p.....F.&..
0000d210: 0480 5346 53f8 049f 9a46 b9f1 000f 0fd0  ..SFS....F......
0000d220: d9f8 1400 20b1 6ff0 0101 0c30 fcf7 e4fd  .... .o....0....
0000d230: d9f8 1800 20b1 6ff0 0101 0c30 fcf7 dcfd  .... .o....0....
0000d240: 013e caf8 0080 e4d1 fff7 28fc 86f3 1188  .>........(.....
0000d250: 41f2 8830 fdf7 aaf9 3023 83f3 1188 244a  A..0....0#....$J
0000d260: 264b 9046 3146 5360 08f1 0c00 2022 02f0  &K.F1FS`.... "..
0000d270: 53fa 98f8 0010 0129 4ed1 e369 1e4a 43f4  S......)N..i.JC.
0000d280: 0003 e361 e369 2369 43f4 0003 2361 2369  ...a.i#iC...#a#i
0000d290: 23f4 0003 2361 2369 1164 d021 154b 83f8  #...#a#i.d.!.K..
0000d2a0: 1313 4ff4 0021 c3f8 8011 29e0 00fc ff03  ..O..!....).....
0000d2b0: 640e 0020 2829 0020 600e 0020 5c0e 0020  d.. (). `.. \.. 
0000d2c0: fc18 0020 e49c f2cb 2523 2284 fc28 0020  ... ....%#"..(. 
0000d2d0: 4829 0020 5929 0020 5829 0020 7c0e 0020  H). Y). X). |.. 
0000d2e0: fd8e 0008 2c10 0020 6b8c 0008 0008 0140  ....,.. k......@
0000d2f0: 5c29 0020 00e1 00e0 005c 0040 f802 0108  \). .....\.@....
0000d300: 1960 e021 83f8 1413 4ff4 8011 c3f8 8011  .`.!....O.......
0000d310: 1960 1664 fbf7 32ff 0222 bf4b 0024 1a70  .`.d..2..".K.$.p
0000d320: 84f3 1188 4ff4 8051 bc48 fbf7 57fd bc4e  ....O..Q.H..W..N
0000d330: bc4b 41f2 8830 3360 fdf7 38f9 3023 83f3  .KA..03`..8.0#..
0000d340: 1188 b94b ea69 1a60 b84b 1c60 b84b 1c60  ...K.i.`.K.`.K.`
0000d350: 84f3 1188 fcf7 52f9 fcf7 3bf9 08b9 fdf7  ......R...;.....
0000d360: 7afb 0524 b34d 55f8 040b 431c 01d0 fbf7  z..$.MU...C.....
0000d370: 65fd 013c 14f0 ff04 f5d1 0f24 ae4d 55f8  e..<.......$.MU.
0000d380: 040b 411c 01d0 fbf7 59fd 013c 14f0 ff04  ..A.....Y..<....
0000d390: f5d1 2146 0a22 a948 02f0 bef9 2146 0a22  ..!F.".H....!F."
0000d3a0: a748 02f0 b9f9 0222 2046 07f1 2801 3c85  .H....." F..(.<.
0000d3b0: fcf7 2af8 4ff6 e563 3a8d a24c 9a42 00f0  ..*.O..c:..L.B..
0000d3c0: fc80 fdf7 f3fc 4ff6 e561 0020 fdf7 54fb  ......O..a. ..T.
0000d3d0: 0021 0220 fdf7 80fa 0121 0320 2170 fdf7  .!. .....!. !p..
0000d3e0: 7bfa 4ff4 a051 0420 fdf7 46fb 0021 0620  {.O..Q. ..F..!. 
0000d3f0: fdf7 72fa 0021 0720 fdf7 6efa 0021 0820  ..r..!. ..n..!. 
0000d400: fdf7 6afb 0021 2320 fdf7 66fa 0021 0c20  ..j..!# ..f..!. 
0000d410: fdf7 62fa 0021 0d20 fdf7 5efa 0022 0023  ..b..!. ..^..".#
0000d420: 1720 c7e9 0623 07f1 2801 0822 fbf7 ecff  . ...#..(.."....
0000d430: 0822 07f1 2801 07f1 1800 6d46 02f0 d7fa  ."..(.....mF....
0000d440: 28b1 0822 1720 07f1 1801 fdf7 abf9 0021  (..". .........!
0000d450: ad46 1f20 fdf7 40fb 0020 fdf7 e3fa fdf7  .F. ..@.. ......
0000d460: fafa 0021 0f20 fdf7 37fb 0021 1320 fdf7  ...!. ..7..!. ..
0000d470: 33fb a7e0 0369 b7e5 1e46 08f1 0108 b045  3....i...F.....E
0000d480: fff4 96ad c0e5 1ef8 013b 7a68 7340 a3fb  .........;zhs@..
0000d490: 00ba 00fb 02aa 5e01 5201 42ea d362 1beb  ......^.R.B..b..
0000d4a0: 0606 4aeb 020a 7a68 f618 42eb 0a0a 4fea  ..J...zh..B...O.
0000d4b0: c31b d201 42ea 5362 16eb 0b06 4aeb 020a  ....B.Sb....J...
0000d4c0: 7a68 4fea 032c 1202 42ea 1363 16eb 0c06  zhO..,..B..c....
0000d4d0: 4aeb 0302 0023 9e19 0ceb 0203 7b60 ace5  J....#......{`..
0000d4e0: 3046 07f1 2a01 faf7 9bfb 0028 3ff4 dfad  0F..*......(?...
0000d4f0: 97f8 2820 97f8 2a10 1304 03f4 e023 1846  ..( ..*......#.F
0000d500: 97f8 2930 c2f3 c209 43ea 0123 5bba 9bb2  ..)0....C..#[...
0000d510: 0343 7b60 7968 0bf1 0406 4944 b1f5 805f  .C{`yh....ID..._
0000d520: 4fea d203 3ff6 c3ad 12f0 300f 0bd0 3046  O...?.....0...0F
0000d530: 07f1 2c01 3b60 faf7 73fb 0028 3ff4 b7ad  ..,.;`..s..(?...
0000d540: 3b68 0bf1 0606 5a07 08d5 3046 07f1 2e01  ;h....Z...0F....
0000d550: faf7 66fb 0028 3ff4 aaad 0236 7868 4a46  ..f..(?....6xhJF
0000d560: 07f1 2b01 4044 02f0 31f9 b6f5 005f b346  ..+.@D..1...._.F
0000d570: fff4 82ad 0120 344b c3f8 00b0 0028 3ff4  ..... 4K.....(?.
0000d580: 98ad fdf7 f1f8 96e5 02f0 3f02 c3f3 0723  ..........?....#
0000d590: 08f8 0230 e9e7 5102 01f4 7851 1b0a 41ea  ...0..Q...xQ..A.
0000d5a0: 4303 591c b1f5 805f bff4 81ad c2f3 4012  C.Y...._......@.
0000d5b0: 08f8 0320 08f8 01a0 d7e7 fcf7 0af8 0028  ... ...........(
0000d5c0: 3ff4 ffae 0220 fbf7 2dff 0025 1f4b 07f1  ?.... ..-..%.K..
0000d5d0: 2801 1870 0222 0420 3d85 fbf7 15ff 3a8d  (..p.". =.....:.
0000d5e0: 1b4b 1a80 fcf7 2afb 40f6 b830 fcf7 deff  .K....*.@..0....
0000d5f0: fcf7 24fb 114b 1b88 da07 2fd5 fdf7 d6fb  ..$..K..../.....
0000d600: 4ff6 ff71 2846 fdf7 37fa 124b 124a c3f8  O..q(F..7..K.J..
0000d610: 002c f9f7 bfff 00bf 5c29 0020 0008 0140  .,......\). ...@
0000d620: 4429 0020 680e 0020 3429 0020 3029 0020  D). h.. 4). 0). 
0000d630: 2c29 0020 0803 0108 1c03 0108 582a 0020  ,). ........X*. 
0000d640: 3829 0020 842f 0020 fc28 0020 e429 0020  8). ./. .(. .). 
0000d650: 862f 0020 0040 0020 34b1 20c2 0320 fbf7  ./. .@. 4. .. ..
0000d660: e1fe 0622 2070 4ff4 0041 9a48 fbf7 b6fb  ..." pO..A.H....
0000d670: 4ff4 0043 984d 4361 2b78 9846 23bb fbf7  O..C.MCa+x.F#...
0000d680: c2ff 964c c4e9 0001 c0b2 0328 0bd8 944b  ...L.......(...K
0000d690: 84f8 0480 2360 d4e9 0001 fdf7 33fa fbf7  ....#`......3...
0000d6a0: b2ff c4e9 0001 faf7 39fb 4ff0 0002 8d4b  ........9.O....K
0000d6b0: 5a70 fbf7 95fd 2078 c307 03d5 0021 8008  Zp.... x.....!..
0000d6c0: fdf7 bcfa 0123 2b70 3268 874b 1a60 0025  .....#+p2h.K.`.%
0000d6d0: 864b 874a 1878 874e 1378 2946 9842 40d0  .K.J.x.N.x)F.B@.
0000d6e0: 1c46 0121 345d 0133 0d46 03f0 0f03 052c  .F.!4].3.F.....,
0000d6f0: f4d8 0ff2 080c 5cf8 24f0 00bf dbd6 0008  ......\.$.......
0000d700: ddd6 0008 dbd6 0008 dbd6 0008 15d7 0008  ................
0000d710: 21d7 0008 1370 4ff0 0102 774b 1a70 d6e7  !....pO...wK.p..
0000d720: 0024 734a 1370 744b 1c70 744b 1c70 744b  .$sJ.ptK.ptK.ptK
0000d730: 1c70 fcf7 39f8 0622 2146 7248 01f0 ecff  .p..9.."!FrH....
0000d740: 714b 2046 1c70 714b 1c70 714b 1c70 faf7  qK F.pqK.pqK.p..
0000d750: 47fe 2046 faf7 60fe faf7 3afe f9f7 5cff  G. F..`...:...\.
0000d760: b5e7 01b1 1070 6b4b 1b78 052b 00f0 a680  .....pkK.x.+....
0000d770: fcf7 64fa 684b 0524 1846 6849 7b60 013c  ..d.hK.$.FhI{`.<
0000d780: 14f0 ff04 30f8 022b 31f8 023b 40f0 9b80  ....0..+1..;@...
0000d790: 9a42 40f0 e380 fef7 a1ff 614d 2b88 9946  .B@.......aM+..F
0000d7a0: 8bb1 604c 604e d4f8 0080 faf7 b7fe 3368  ..`L`N........3h
0000d7b0: a0eb 0800 8342 06d8 4846 fcf7 33f9 0023  .....B..HF..3..#
0000d7c0: 2b80 2360 3360 594b 1e88 e6b1 584b 0025  +.#`3`YK....XK.%
0000d7d0: 1c88 faf7 a3fe 041b 3046 fd60 3d61 bd82  ........0F.`=a..
0000d7e0: fbf7 30ff a4b2 a042 0dd2 16f0 f00f f3b2  ..0....B........
0000d7f0: 40f0 c686 1c22 4f48 02fb 0300 4379 5c07  @...."OH....Cy\.
0000d800: 01d4 fcf7 a3f9 4c4b 1b78 b3b1 4b4c 2588  ......LK.x..KL%.
0000d810: 9db1 faf7 83fe 4a4e 401b 3388 80b2 8342  ......JN@.3....B
0000d820: 0bd2 484b 0025 1a78 474b 1b78 9a42 00f0  ..HK.%.xGK.x.B..
0000d830: ce80 fef7 1ffd 3580 2580 444b 1b78 5bb1  ......5.%.DK.x[.
0000d840: faf7 6cfe 424b 1b88 c01a 47f6 fe73 80b2  ..l.BK....G..s..
0000d850: 9842 01d8 fcf7 50f9 224b 5a78 002a 00f0  .B....P."KZx.*..
0000d860: e280 1a78 1d4b 3b4d 1b78 0f2a c2eb 9303  ...x.K;M.x.*....
0000d870: dbb2 ab70 00f0 fd81 00f2 b280 062a 00f0  ...p.........*..
0000d880: ef81 092a 00f0 f081 022a 00f0 e581 4ff4  ...*.....*....O.
0000d890: fa66 314c afe0 0020 f9f7 befe 40f2 a460  .f1L... ....@..`
0000d8a0: fcf7 84fe fcf7 caf9 1c4b 33f8 022b 002a  .........K3..+.*
0000d8b0: 40f0 6886 013c 14f0 ff04 f6d1 154b 1c78  @.h..<.......K.x
0000d8c0: 052c e8d0 54e7 9a42 3ff4 59af 0024 dff8  .,..T..B?.Y..$..
0000d8d0: 4cb0 45e0 000c 0140 4229 0020 302e 0020  L.E....@B). 0.. 
0000d8e0: 1900 ffff 2d2e 0020 f42a 0020 5929 0020  ....-.. .*. Y). 
0000d8f0: 5829 0020 4829 0020 5a29 0020 392e 0020  X). H). Z). 9.. 
0000d900: 3b2e 0020 7d2b 0020 7c2b 0020 7b2b 0020  ;.. }+. |+. {+. 
0000d910: 7a2b 0020 5c29 0020 e629 0020 582a 0020  z+. \). .). X*. 
0000d920: 5c2c 0020 f429 0020 f029 0020 282e 0020  \,. .). .). (.. 
0000d930: 2a2e 0020 682c 0020 b610 0020 c02e 0020  *.. h,. ... ... 
0000d940: 4a2e 0020 4d2e 0020 4c2e 0020 902b 0020  J.. M.. L.. .+. 
0000d950: 8e2b 0020 f829 0020 557b 0008 dff8 7cb0  .+. .). U{....|.
0000d960: 7b68 3bf8 028b 33f8 02ab c245 7b60 27d0  {h;...3....E{`'.
0000d970: 0025 0126 8aea 080a 07f1 2809 1aea 060f  .%.&......(.....
0000d980: 15d0 87f8 2850 87f8 2940 faf7 c7fd 4ff0  ....(P..)@....O.
0000d990: 0103 87f8 2c30 08ea 0603 003b 18bf 0123  ....,0.....;...#
0000d9a0: 7885 87f8 2d30 99e8 0300 fef7 e9fc 0135  x...-0.........5
0000d9b0: edb2 7600 0f2d b6b2 e0d1 7b68 23f8 028c  ..v..-....{h#...
0000d9c0: 0134 e4b2 052c cbd1 faf7 a8fd e5e6 fef7  .4...,..........
0000d9d0: 0dfc 2580 faf7 4afb 2fe7 00bf 582a 0020  ..%...J./...X*. 
0000d9e0: 1d2a 00f0 5581 1e2a 00f0 4781 122a 7ff4  .*..U..*..G..*..
0000d9f0: 4eaf 2826 a84c eb78 43b1 4ff0 0003 eb70  N.(&.L.xC.O....p
0000da00: faf7 8cfd 4ff0 0003 2880 ab80 faf7 86fd  ....O...(.......
0000da10: 47f6 fe72 2b88 c01a 80b2 9042 03d8 3344  G..r+......B..3D
0000da20: 9e48 2b80 a047 dff8 7892 0622 4946 07f1  .H+..G..x.."IF..
0000da30: 2800 01f0 cbfe 99f9 0430 99f9 0260 9b46  (........0...`.F
0000da40: 0023 99f9 0340 99f9 0550 89f8 0230 89f8  .#...@...P...0..
0000da50: 0330 89f8 0430 89f8 0530 54ea 0603 99f8  .0...0...0T.....
0000da60: 0180 35d0 8f4b b3f8 00a0 faf7 57fd 8e4a  ..5..K......W..J
0000da70: a0eb 0a00 1378 80b2 002b 00f0 7c85 1428  .....x...+..|..(
0000da80: 26dd ff2b 01d0 0133 1370 46b1 faf7 5cfb  &..+...3.pF...\.
0000da90: 002e d4bf ff23 0123 5843 89f8 0200 44b1  .....#.#XC....D.
0000daa0: faf7 52fb 002c d4bf ff23 0123 5843 89f8  ..R..,...#.#XC..
0000dab0: 0300 99f9 0200 58b1 99f9 0320 42b1 faf7  ......X.... B...
0000dac0: 2cfb 89f8 0200 1046 faf7 27fb 89f8 0300  ,......F..'.....
0000dad0: 5b46 2b43 37d0 754b b3f8 00a0 faf7 1efd  [F+C7.uK........
0000dae0: 734a a0eb 0a00 1378 80b2 002b 00f0 3e85  sJ.....x...+..>.
0000daf0: 5028 28dd ff2b 01d0 0133 1370 5b46 4bb1  P((..+...3.p[FK.
0000db00: faf7 44fb 5b46 002b d4bf ff23 0123 5843  ..D.[F.+...#.#XC
0000db10: 89f8 0400 45b1 faf7 39fb 002d d4bf ff23  ....E...9..-...#
0000db20: 0123 5843 89f8 0500 99f9 0400 58b1 99f9  .#XC........X...
0000db30: 0520 42b1 faf7 f1fa 89f8 0400 1046 faf7  . B..........F..
0000db40: ecfa 89f8 0500 99f8 0130 4345 14d1 99f9  .........0CE....
0000db50: 0230 0bb1 b342 0fd1 99f9 0310 09b1 a142  .0...B.........B
0000db60: 0ad1 99f9 0520 0ab1 aa42 05d1 99f9 0400  ..... ...B......
0000db70: 10b9 0b43 1a43 01d0 faf7 bcfd 0622 07f1  ...C.C......."..
0000db80: 2801 4748 01f0 22fe faf7 22fc 494b 0446  (.GH.."...".IK.F
0000db90: 1a78 8242 05d0 1870 faf7 c0fc 2046 f9f7  .x.B...p.... F..
0000dba0: 3bfd 454b 1b78 002b 48d0 0024 2546 a046  ;.EK.x.+H..$%F.F
0000dbb0: 424e d6f8 8ca0 baf1 000f 38d0 002d 40f0  BN........8..-@.
0000dbc0: 9980 4ff0 0109 3023 83f3 1188 5ffa 89fb  ..O...0#...._...
0000dbd0: 5946 daf8 1430 daf8 0000 9847 0028 18bf  YF...0.....G.(..
0000dbe0: 44f0 0104 88f3 1188 3448 faf7 edfe c8b1  D.......4H......
0000dbf0: 5946 daf8 1830 daf8 0000 9847 90b1 3023  YF...0.....G..0#
0000dc00: 83f3 1188 2e4a 5946 daf8 0430 daf8 0000  .....JYF...0....
0000dc10: 9847 88f3 1188 2a4b 0020 9a6c 03f1 0801  .G....*K. .l....
0000dc20: fef7 78ff 09f1 0109 b9f1 090f cbd1 0135  ..x............5
0000dc30: 032d 06f1 9006 bcd1 1f4b 1c70 214c 4ff0  .-.......K.p!LO.
0000dc40: 3008 88f3 1188 236f 0025 1b78 042b 00f0  0.....#o.%.x.+..
0000dc50: 0c84 85f3 1188 3ae5 1b4a 1c4c d65c cae6  ......:..J.L.\..
0000dc60: 1b4a 1c4c d65c c6e6 1b4a 5b08 d65c 1b4c  .J.L.\...J[..\.L
0000dc70: c1e6 1b4a 1b4c d65c bde6 0322 b3fb f2f2  ...J.L.\..."....
0000dc80: 02eb 4202 9b1a 184a dbb2 d65c 174c b2e6  ..B....J...\.L..
0000dc90: 4ff4 fa76 164c aee6 3d7e 0008 f829 0020  O..v.L..=~...). 
0000dca0: 7d2b 0020 002a 0020 7c2b 0020 fe29 0020  }+. .*. |+. .). 
0000dcb0: 7b2b 0020 022a 0020 502a 0020 7c0e 0020  {+. .*. P*. |.. 
0000dcc0: 042a 0020 2c10 0020 6403 0108 757f 0008  .*. ,.. d...u...
0000dcd0: 6103 0108 997f 0008 5e03 0108 6d7d 0008  a.......^...m}..
0000dce0: 5b03 0108 b17d 0008 5803 0108 25a4 0008  [....}..X...%...
0000dcf0: d97e 0008 4ff0 3009 89f3 1188 0021 daf8  .~..O.0......!..
0000dd00: 1430 daf8 0000 9847 0028 18bf 44f0 0104  .0.....G.(..D...
0000dd10: 88f3 1188 3046 faf7 57fe 0028 87d0 0021  ....0F..W..(...!
0000dd20: daf8 1830 daf8 0000 9847 0028 3ff4 7faf  ...0.....G.(?...
0000dd30: 89f3 1188 dff8 e892 0021 4a46 daf8 0430  .........!JF...0
0000dd40: daf8 0000 9847 88f3 1188 d9f8 4820 09f1  .....G......H ..
0000dd50: 0801 e8b2 fef7 defe 69e7 132b 2cd8 73b3  ........i..+,.s.
0000dd60: 013b 122b 2bd8 01a2 52f8 23f0 c7dd 0008  .;.++...R.#.....
0000dd70: d5dd 0008 3bde 0008 57de 0008 69de 0008  ....;...W...i...
0000dd80: 81de 0008 87de 0008 0bdf 0008 59df 0008  ............Y...
0000dd90: bfdd 0008 83e1 0008 65df 0008 6ddf 0008  ........e...m...
0000dda0: 77df 0008 c3df 0008 17e0 0008 1de0 0008  w...............
0000ddb0: 35e0 0008 8be0 0008 fe2b 00f0 b383 ff23  5........+.....#
0000ddc0: 87f8 2830 21e0 0023 87f8 2930 0923 87f8  ..(0!..#..)0.#..
0000ddd0: 2a30 1ae0 97f8 2930 022b 0ed0 032b 1ad0  *0....)0.+...+..
0000dde0: 012b ecd1 faf7 9afb 030e 87f8 2a30 030c  .+..........*0..
0000ddf0: 87f8 2b30 40ba b885 07e0 fbf7 fffb 0023  ..+0@..........#
0000de00: 87f8 2d00 7b85 87f8 2c30 2022 3146 0220  ..-.{...,0 "1F. 
0000de10: fef7 80fe 13e7 834b 1b68 002b f5d0 3346  .......K.h.+..3F
0000de20: 0122 8148 30f8 021b 0132 0d0a 062a 9d70  .".H0....2...*.p
0000de30: d970 03f1 0203 f5d1 e7e7 97f8 2930 022b  .p..........)0.+
0000de40: bdd1 798d bb8d 2720 41ea 0341 09ba c9b2  ..y...' A..A....
0000de50: fcf7 42fd d9e7 97f8 2b20 97f8 2a10 97f8  ..B.....+ ..*...
0000de60: 2900 fbf7 edfa c5e7 bb8d 97f8 2b20 5bba  )...........+ [.
0000de70: 97f8 2a10 97f8 2900 9bb2 fcf7 3efd c4e7  ..*...).....>...
0000de80: fcf7 58fd c1e7 97f8 2930 803b 032b bcd8  ..X.....)0.;.+..
0000de90: 01a2 52f8 23f0 00bf a9de 0008 bbde 0008  ..R.#...........
0000dea0: f1de 0008 fbde 0008 0023 6048 97f8 2a20  .........#`H..* 
0000deb0: 8178 4078 fcf7 4cfe a7e7 0021 97f8 2a00  .x@x..L....!..*.
0000dec0: fcf7 bcfe 97f8 2a20 584b 42b9 1978 62f3  ......* XKB..xb.
0000ded0: 0001 1970 564b 5a70 f9f7 30ff 95e7 1878  ...pVKZp..0....x
0000dee0: 0021 40f0 0100 1870 8008 fcf7 a7fe 8ce7  .!@....p........
0000def0: 97f8 2a20 4d4b 1a71 87e7 4c4a 0023 d278  ..* MK.q..LJ.#.x
0000df00: 97f8 2b10 97f8 2a00 d4e7 97f8 2930 803b  ..+...*.....)0.;
0000df10: 032b 3ff6 7aaf 01a2 52f8 23f0 2ddf 0008  .+?.z...R.#.-...
0000df20: 33df 0008 43df 0008 49df 0008 3f4b db78  3...C...I...?K.x
0000df30: 4de7 3e4b 1a78 12f0 0103 3ff4 48af 9308  M.>K.x....?.H...
0000df40: 45e7 3a4b 1b79 42e7 384b 5a78 9b78 87f8  E.:K.yB.8KZx.x..
0000df50: 2a20 87f8 2b30 58e7 344b d3e9 0001 fcf7  * ..+0X.4K......
0000df60: d1fd 52e7 1023 87f8 2930 4ee7 0a23 87f8  ..R..#..)0N..#..
0000df70: 2930 2e23 2be7 97f8 2b90 b9f1 1c0f 3ff6  )0.#+...+.....?.
0000df80: 44af 97f8 2950 97f8 2a30 40f6 2d2b 45ea  D...)P..*0@.-+E.
0000df90: 0325 6dba adb2 a846 07f1 2c0a a8eb 0503  .%m....F..,.....
0000dfa0: 9bb2 9945 7ff6 31af d845 08dc 08f2 d250  ...E..1..E.....P
0000dfb0: fbf7 38fa 0af8 010b 08f1 0108 eee7 0020  ..8............ 
0000dfc0: f8e7 184b 1b68 002b 3ff4 1faf 97f8 2ba0  ...K.h.+?.....+.
0000dfd0: baf1 1c0f 3ff6 19af 97f8 2950 97f8 2a30  ....?.....)P..*0
0000dfe0: b146 45ea 0325 6dba adb2 a846 40f6 2d2b  .FE..%m....F@.-+
0000dff0: a8eb 0503 9bb2 9a45 7ff6 07af d845 05dc  .......E.....E..
0000e000: 99f8 0410 08f2 d250 fcf7 66fc 08f1 0108  .......P..f.....
0000e010: 09f1 0109 ece7 fcf7 f9fc f6e6 0723 a2e7  .............#..
0000e020: 042a 0020 642a 0020 582a 0020 302e 0020  .*. d*. X*. 0.. 
0000e030: 2d2e 0020 97f8 2b90 b9f1 1c0f 3ff6 e5ae  -.. ..+.....?...
0000e040: 40f2 194b 97f8 2950 97f8 2a30 07f1 2c0a  @..K..)P..*0..,.
0000e050: 45ea 0325 6dba adb2 05f1 2808 c5f5 7f45  E..%m.....(....E
0000e060: d835 08eb 0503 9bb2 9945 7ff6 ceae a8f1  .5.......E......
0000e070: 2803 5b45 07dc 4046 fbf7 d4f9 0af8 010b  (.[E..@F........
0000e080: 08f1 0108 ede7 0020 f8e7 97f8 2b80 b8f1  ....... ....+...
0000e090: 1c0f 3ff6 baae 97f8 2a30 97f8 29a0 4aea  ..?.....*0..).J.
0000e0a0: 032a 40f2 1943 9afa 9afa 1ffa 8afa 9a45  .*@..C.........E
0000e0b0: 3ff6 abae caf5 8363 0233 4345 fff6 a5ae  ?......c.3CE....
0000e0c0: b94b 0af1 2809 1b68 9bb1 0025 40f2 194a  .K..(..h...%@..J
0000e0d0: abb2 9845 7ff6 99ae a9f1 2803 5345 04dc  ...E......(.SE..
0000e0e0: 7319 4846 1979 fcf7 f7fb 09f1 0109 0135  s.HF.y.........5
0000e0f0: eee7 1af0 0105 0ed0 0af1 2700 fbf7 92f9  ..........'.....
0000e100: 97f8 2c30 43ea 0023 1bb2 b3f5 f84f 04bf  ..,0C..#.....O..
0000e110: ff23 87f8 2c30 c244 1af0 010f 2fd0 07f1  .#..,0.D..../...
0000e120: 2c03 08f1 ff3b 09eb 0800 13f9 0ba0 fbf7  ,....;..........
0000e130: 79f9 4fea 0a2a 4aea 000a 0ffa 8afa baf5  y.O..*J.........
0000e140: f84f 08bf ff22 07f1 2c03 08bf 03f8 0b20  .O..."..,...... 
0000e150: 1ffa 8bfb ff21 07f1 2c03 5d45 b5d2 681c  .....!..,.]E..h.
0000e160: 13f8 05c0 1a5c 42ea 0c22 b2f5 f84f 08bf  .....\B.."...O..
0000e170: 5955 05f1 0205 08bf 1954 adb2 ede7 c346  YU.......T.....F
0000e180: e8e7 894b 1b68 002b 3ff4 3fae 2022 3146  ...K.h.+?.?. "1F
0000e190: 0220 fef7 bffc 42f2 1070 fcf7 07fa fff7  . ....B..p......
0000e1a0: 34ba 07f1 1805 0822 8049 2846 01f0 0efb  4......".I(F....
0000e1b0: 0021 1f22 07f1 2900 01f0 aefa 95e8 0300  .!."..).........
0000e1c0: 0623 87f8 2830 07f1 2c03 83e8 0300 1ce6  .#..(0..,.......
0000e1d0: 4ff4 aa73 bb62 18e6 7b8d 5b01 b3f5 aa7f  O..s.b..{.[.....
0000e1e0: bff4 13ae 03f1 2002 b2f5 aa7f 94bf c3eb  ...... .........
0000e1f0: 0202 c3f5 aa72 3046 6d49 1944 01f0 e6fa  .....r0FmI.D....
0000e200: 03e6 1b22 ff21 07f1 2d00 01f0 85fa 664b  ...".!..-.....fK
0000e210: 87f8 2950 1b68 87f8 2830 0023 7b85 40f2  ..)P.h..(0.#{.@.
0000e220: 0113 bb85 f1e5 0123 624a 1360 3222 624b  .......#bJ.`2"bK
0000e230: 1a60 faf7 73f9 614b 1880 e6e5 dff8 6881  .`..s.aK......h.
0000e240: 3db3 5f4b dff8 7491 b3f8 00b0 5b88 b9f8  =._K..t.....[...
0000e250: 00a0 7b60 faf7 62f9 a0eb 0a00 80b2 6428  ..{`..b.......d(
0000e260: dff8 54a1 1ed9 7b68 9907 1bd5 1bf0 010f  ..T...{h........
0000e270: 18d0 faf7 53f9 daf8 0030 a9f8 0000 013b  ....S....0.....;
0000e280: caf8 0030 2bb9 4b4a 1d46 1360 0122 c8f8  ...0+.KJ.F.`."..
0000e290: 0020 d8f8 0030 87f8 2950 87f8 2830 464b  . ...0..)P..(0FK
0000e2a0: 1b68 94e5 3223 caf8 0030 f2e7 0022 3e4b  .h..2#...0...">K
0000e2b0: 1a60 aae5 2022 ff21 3046 01f0 2dfa a4e5  .`.. ".!0F..-...
0000e2c0: 97f8 2a20 0023 062a 3ff6 9fad 01a1 51f8  ..* .#.*?.....Q.
0000e2d0: 22f0 00bf f1e2 0008 07e3 0008 29e3 0008  "...........)...
0000e2e0: 83e3 0008 c5e3 0008 07e4 0008 29e4 0008  ............)...
0000e2f0: 1d22 0021 07f1 2b00 01f0 0efa 41f2 1003  .".!..+.....A...
0000e300: 3b85 0823 63e5 97f8 2b00 07f1 1801 c7e9  ;..#c...+.......
0000e310: 0633 3b84 fbf7 88f9 87f8 2800 0a22 07f1  .3;.......(.."..
0000e320: 1801 07f1 2900 69e7 07f1 1803 07f1 2c02  ....).i.......,.
0000e330: 07ca 03c3 1a80 388b f9f7 40fe 3883 788b  ......8...@.8.x.
0000e340: f9f7 3cfe 7883 b88b f9f7 38fe b883 f88b  ..<.x.....8.....
0000e350: f9f7 34fe 97f8 2b50 f883 0f2d 0ed8 0a22  ..4...+P...-..."
0000e360: 02fb 05f0 07f1 1801 00f2 4240 fcf7 1afa  ..........B@....
0000e370: 0023 87f8 2830 f9f7 2dfe 46e5 4ff0 ff33  .#..(0..-.F.O..3
0000e380: f7e7 97f8 2b00 c7e9 0633 0f28 3b84 48d8  ....+....3.(;.H.
0000e390: 0a22 5043 07f1 1801 00f2 e240 fbf7 34f8  ."PC.......@..4.
0000e3a0: 0023 87f8 2830 b9e7 642a 0020 0206 0108  .#..(0..d*. ....
0000e3b0: 6803 0108 cc2a 0020 542a 0020 522a 0020  h....*. T*. R*. 
0000e3c0: 582a 0020 07f1 1803 07f1 2c02 07ca 03c3  X*. ......,.....
0000e3d0: 90b2 1a80 f9f7 f2fd 97f8 2b50 3884 0f2d  ..........+P8..-
0000e3e0: 0ed8 0a22 02fb 05f0 07f1 1801 00f2 e240  ..."...........@
0000e3f0: fcf7 d8f9 0023 87f8 2830 fbf7 45f9 04e5  .....#..(0..E...
0000e400: 4ff0 ff33 f7e7 97f8 2b00 c7e9 0633 0728  O..3....+....3.(
0000e410: 3b84 06d8 0a22 5043 07f1 1801 00f2 8250  ;...."PC.......P
0000e420: bce7 4ff0 ff33 bce7 07f1 1803 07f1 2c02  ..O..3........,.
0000e430: 07ca 03c3 1a80 788b f9f7 c0fd 97f8 2b50  ......x.......+P
0000e440: 7883 072d 0ed8 0a22 02fb 05f0 07f1 1801  x..-..."........
0000e450: 00f2 8250 fcf7 a6f9 0023 87f8 2830 fbf7  ...P.....#..(0..
0000e460: 3ff9 d2e4 4ff0 ff33 f7e7 85f3 1188 88f3  ?...O..3........
0000e470: 1188 07f1 280a 5646 a946 a16a 41b9 e368  ....(.VF.F.jA..h
0000e480: 002b 32d0 6369 191d 1b68 a162 0b44 e362  .+2.ci...h.b.D.b
0000e490: e36a 5046 a3eb 010b c5f1 2003 9b45 28bf  .jPF...... ..E(.
0000e4a0: 9b46 5a46 01f0 92f9 a36a e26a 5b44 9342  .FZF.....j.j[D.B
0000e4b0: da44 a362 5d44 11d3 e368 e269 013b e360  .D.b]D...h.i.;.`
0000e4c0: 6369 c4f8 2890 1344 a269 6361 9342 24bf  ci..(..D.ica.B$.
0000e4d0: 636a 6361 236b 0bb1 2046 9847 89f3 1188  cjca#k.. F.G....
0000e4e0: 1f2d 04d8 88f3 1188 c7e7 83f3 1188 b5fa  .-..............
0000e4f0: 85f3 202d 4fea 5313 84f8 8430 7ff4 e7a8  .. -O.S....0....
0000e500: 2e4b 1d68 97f8 2830 002d 3ff4 26ac fe2b  .K.h..(0.-?.&..+
0000e510: 7ff4 7bac 97f8 2930 022b 03d9 053b 022b  ..{...)0.+...;.+
0000e520: 3ff6 73ac 97f8 2930 0d2b 3ff6 6eac 01a2  ?.s...)0.+?.n...
0000e530: 52f8 23f0 a3e1 0008 d1e1 0008 d9e1 0008  R.#.............
0000e540: 0bde 0008 0bde 0008 03e2 0008 27e2 0008  ............'...
0000e550: 3de2 0008 ade2 0008 b5e2 0008 0bde 0008  =...............
0000e560: 0bde 0008 0bde 0008 c1e2 0008 0a28 3ff7  .............(?.
0000e570: c3aa fff7 e8ba 0a28 3ff7 85aa fff7 a8ba  .......(?.......
0000e580: 6b79 ffde 0e4b b3f8 7c20 9207 7ff5 96a9  ky...K..| ......
0000e590: 1b78 052b 7ff4 92a9 0a4c c820 236c 43f0  .x.+.....L. #lC.
0000e5a0: 1003 2364 fcf7 02f8 236c 23f0 1003 2364  ..#d....#l#...#d
0000e5b0: fff7 84b9 fbf7 58f8 fef7 7ebd cc2a 0020  ......X...~..*. 
0000e5c0: 5c29 0020 005c 0040 0146 0822 0120 fef7  \). .\.@.F.". ..
0000e5d0: a1ba 0146 2022 0020 fef7 9cba 0146 0622  ...F ". .....F."
0000e5e0: 0020 fef7 97ba 0146 0322 0020 fef7 92ba  . .....F.". ....
0000e5f0: 3023 83f3 1188 034b db68 9861 0f20 fbf7  0#.....K.h.a. ..
0000e600: 8fbf 00bf 682a 0020 eff3 0983 2033 83f3  ....h*. .... 3..
0000e610: 0988 0023 83f3 1188 7047 0000 08b5 0348  ...#....pG.....H
0000e620: faf7 befb bde8 0840 faf7 80ba 5402 0108  .......@....T...
0000e630: 08b5 0348 faf7 b4fb bde8 0840 faf7 76ba  ...H.......@..v.
0000e640: 6402 0108 08b5 0348 faf7 aafb bde8 0840  d......H.......@
0000e650: faf7 6cba 7402 0108 08b5 0348 faf7 a0fb  ..l.t......H....
0000e660: bde8 0840 faf7 62ba 8402 0108 08b5 0348  ...@..b........H
0000e670: faf7 96fb bde8 0840 faf7 58ba 9402 0108  .......@..X.....
0000e680: 08b5 0348 faf7 8cfb bde8 0840 faf7 4eba  ...H.......@..N.
0000e690: a402 0108 08b5 0348 faf7 82fb bde8 0840  .......H.......@
0000e6a0: faf7 44ba b402 0108 70b5 3026 86f3 1188  ..D.....p.0&....
0000e6b0: 1d4d 2a46 eb69 0133 eb61 52f8 103f 9342  .M*F.i.3.aR..?.B
0000e6c0: 06d1 0023 83f3 1188 bde8 7040 faf7 2eba  ...#......p@....
0000e6d0: 9a68 013a 9a60 2c69 a368 002b f1d1 2268  .h.:.`,i.h.+.."h
0000e6e0: 6168 0a60 5160 2360 83f3 1188 2046 e368  ah.`Q`#`.... F.h
0000e6f0: 2169 9847 86f3 1188 6269 002a ebd0 2b69  !i.G....bi.*..+i
0000e700: 9968 8a42 0cd8 5968 a260 2360 6160 0c60  .h.B..Yh.`#`a`.`
0000e710: 9968 5c60 891a 9960 4ff0 ff33 ab61 dae7  .h\`...`O..3.a..
0000e720: 1b68 521a ece7 00bf 682a 0020 38b5 174d  .hR.....h*. 8..M
0000e730: eb69 1c69 da68 1440 e2b2 d243 1a61 a307  .i.i.h.@...C.a..
0000e740: 04d5 6b68 1b69 0bb1 2846 9847 6007 04d5  ..kh.i..(F.G`...
0000e750: 6b68 9b69 0bb1 0d48 9847 2107 04d5 6b68  kh.i...H.G!...kh
0000e760: 1b6a 0bb1 0948 9847 e206 04d5 6b68 9b6a  .j...H.G....kh.j
0000e770: 0bb1 0648 9847 e307 04d5 6b68 9b68 0bb1  ...H.G....kh.h..
0000e780: 0248 9847 bde8 3840 faf7 d0b9 d418 0020  .H.G..8@....... 
0000e790: fff7 ccbf 2de9 f84f a64b 5f6c fa43 5a64  ....-..O.K_l.CZd
0000e7a0: 7b05 32d5 0024 a44e 0223 3546 4ff0 300a  {.2..$.N.#5FO.0.
0000e7b0: a046 3370 f467 45f8 084f 55f8 043f abb1  .F3p.gE..OU..?..
0000e7c0: 8af3 1188 d5f8 0090 d9f8 1400 20b1 6ff0  ............ .o.
0000e7d0: 0101 0c30 fbf7 10fb d9f8 1800 20b1 6ff0  ...0........ .o.
0000e7e0: 0101 0c30 fbf7 08fb 88f3 1188 0134 082c  ...0.........4.,
0000e7f0: c5f8 0080 e1d1 86f8 6480 faf7 bffc 7368  ........d.....sh
0000e800: 1b68 13b1 0021 8c48 9847 3e05 0fd4 fd04  .h...!.H.G>.....
0000e810: 40d4 b805 04d5 8848 4368 db68 03b1 9847  @......HCh.h...G
0000e820: 854d 3b04 4bd4 bde8 f84f faf7 7fb9 814a  .M;.K....O.....J
0000e830: 814d 136c 43f0 0803 1364 2b78 052b e6d0  .M.lC....d+x.+..
0000e840: 85f8 8030 0523 2b70 6b68 1b68 13b1 0421  ...0.#+pkh.h...!
0000e850: 2846 9847 0024 4ff0 3008 a146 ac60 774d  (F.G.$O.0..F.`wM
0000e860: 55f8 043f 93b1 88f3 1188 2e68 7069 20b1  U..?.......hpi .
0000e870: 6ff0 0101 0c30 fbf7 bffa b069 20b1 6ff0  o....0.....i .o.
0000e880: 0101 0c30 fbf7 b8fa 89f3 1188 0134 082c  ...0.........4.,
0000e890: e6d1 bce7 674b 9a6c 1404 bad4 1a6c 6648  ....gK.l.....lfH
0000e8a0: 22f0 0802 1a64 0178 0529 b2d1 90f8 8030  "....d.x.).....0
0000e8b0: 0370 4368 1b68 002b abd0 9847 a9e7 07f0  .pCh.h.+...G....
0000e8c0: 0f00 8400 04f1 8044 861c 04f5 b844 05eb  .......D.....D..
0000e8d0: 8603 f906 2268 d3f8 04c0 44d4 2268 dcf8  ...."h....D."h..
0000e8e0: 1430 22f4 7842 22f0 f002 5f68 42f4 0042  .0".xB"..._hB..B
0000e8f0: d3f8 10e0 2260 1a68 7744 d11b 5f60 17d0  ...."`.hwD.._`..
0000e900: bcf8 1020 8a42 28bf 0a46 9968 1a61 7144  ... .B(..F.h.aqD
0000e910: 9960 faf7 a5fa 2368 23f4 f043 23f0 4003  .`....#h#..C#.@.
0000e920: 83f0 3003 43f4 0043 43f0 8003 2360 29e0  ..0.C..CC...#`).
0000e930: 0122 2b89 8240 23ea 0203 2b81 dcf8 0830  ."+..@#...+....0
0000e940: 13b1 0146 2846 9847 3023 83f3 1188 0021  ...F(F.G0#.....!
0000e950: 05eb 8606 7368 5869 0c30 fbf7 4dfa 0023  ....shXi.0..M..#
0000e960: 83f3 1188 0ee0 2368 1205 23f4 7843 23f0  ......#h..#.xC#.
0000e970: f003 43f0 8003 2360 c1b2 06d5 2846 dcf8  ..C...#`....(F..
0000e980: 0430 9847 2b4b 5f6c 4be7 2a4b dcf8 1820  .0.G+K_lK.*K... 
0000e990: 1b6d d2f8 0880 03f1 8043 03f5 c043 03eb  .m.......C...C..
0000e9a0: 0013 9f68 db68 07f1 0057 07f5 4057 7f00  ...h.h...W..@W..
0000e9b0: c3f3 0903 be46 c146 9b46 bbf1 010f 09f1  .....F.F.F......
0000e9c0: 0209 3dd8 6ff0 010e 4fea 5309 0efb 09fe  ..=.o...O.S.....
0000e9d0: 13eb 0e0f 1ebf 57f8 2970 a8eb 0e08 88f8  ......W.)p......
0000e9e0: 0070 9768 1f44 9760 5768 1f44 5760 1768  .p.h.D.`Wh.DW`.h
0000e9f0: ff1a 1760 178a 013f bfb2 1782 bcf8 1220  ...`...?....... 
0000ea00: 9a42 00d8 3fbb 0123 03fa 00f2 6b89 23ea  .B..?..#....k.#.
0000ea10: 0203 6b81 05eb 8603 5b68 db68 0bb1 0648  ..k.....[h.h...H
0000ea20: 9847 3023 83f3 1188 05eb 8606 7368 9869  .G0#........sh.i
0000ea30: 4168 91e7 005c 0040 5c29 0020 6429 0020  Ah...\.@\). d). 
0000ea40: 5ef8 04ab abf1 020b 09f8 02ac 4fea 1a2a  ^...........O..*
0000ea50: 09f8 01ac b1e7 2368 23f4 9043 23f0 7003  ......#h#..C#.p.
0000ea60: 83f4 4053 5ee7 00bf 1623 0360 4ff0 ff30  ..@S^....#.`O..0
0000ea70: 7047 0020 7047 1846 7047 0020 7047 0000  pG. pG.FpG. pG..
0000ea80: 0346 3022 10b5 82f3 1188 0b4c 2068 6268  .F0".......L hbh
0000ea90: 0144 9142 4ff0 0002 06d9 82f3 1188 0c22  .D.BO.........."
0000eaa0: 4ff0 ff30 1a60 06e0 8842 f6d8 2160 82f3  O..0.`...B..!`..
0000eab0: 1188 0028 f3d0 10bd f418 0020 08b5 1346  ...(....... ...F
0000eac0: 0021 5822 1846 00f0 27fe 4ff4 0052 4260  .!X".F..'.O..RB`
0000ead0: 0020 08bd 0120 7047 72b6 024b 024a da65  . ... pGr..K.J.e
0000eae0: fee7 00bf 682a 0020 0b06 0108 72b6 024b  ....h*. ....r..K
0000eaf0: 024a da65 fee7 00bf 682a 0020 1006 0108  .J.e....h*. ....
0000eb00: 0120 7047 7047 0000 4ff0 0a0c f0b5 0e4b  . pGpG..O......K
0000eb10: 0e4c 1b78 2778 0e4c bb42 01d1 0020 f0bd  .L.x'x.L.B... ..
0000eb20: 0cfb 03f6 a519 95f8 01e0 8e45 05d1 a65d  ...........E...]
0000eb30: 8642 02d1 6d79 9542 03d1 0133 03f0 0703  .B..my.B...3....
0000eb40: eae7 0120 ebe7 00bf 012b 0020 002b 0020  ... .....+. .+. 
0000eb50: 022b 0020 164b 10b5 1c68 226b b2b9 1820  .+. .K...h"k... 
0000eb60: 00f0 54f8 0246 2063 20b9 5221 114b 1248  ..T..F c .R!.K.H
0000eb70: 00f0 2ef8 1149 124b c0e9 0013 114b 0021  .....I.K.....K.!
0000eb80: 8360 0b23 8381 0120 c2e9 0401 1369 0e48  .`.#... .....i.H
0000eb90: 5469 5843 0d49 01fb 0400 a3fb 0131 0133  TiXC.I.......1.3
0000eba0: 40eb 0100 c2e9 0430 20f0 0040 10bd 00bf  @......0 ..@....
0000ebb0: b810 0020 f204 0108 0905 0108 0e33 cdab  ... .........3..
0000ebc0: 3412 6de6 ecde 0500 2df4 5158 2d7f 954c  4.m.....-.QX-..L
0000ebd0: 1fb5 1446 1a46 094b 0546 1b68 d868 4cb1  ...F.F.K.F.h.hL.
0000ebe0: 074b cde9 0134 0091 2b46 0649 00f0 c4f8  .K...4..+F.I....
0000ebf0: 00f0 d7f8 044b 1c46 f3e7 00bf b810 0020  .....K.F....... 
0000ec00: 3505 0108 4205 0108 7005 0108 024b 0146  5...B...p....K.F
0000ec10: 1868 00f0 25b8 00bf b810 0020 70b5 0f4e  .h..%...... p..N
0000ec20: 0c46 3168 0546 11b9 fff7 2aff 3060 2146  .F1h.F....*.0`!F
0000ec30: 2846 fff7 25ff 431c 03d1 4ff0 ff34 2046  (F..%.C...O..4 F
0000ec40: 70bd c41c 24f0 0304 a042 f8d0 211a 2846  p...$....B..!.(F
0000ec50: fff7 16ff 0130 f2d1 efe7 00bf 882f 0020  .....0......./. 
0000ec60: 2de9 f843 cd1c 25f0 0305 0835 0c2d 38bf  -..C..%....5.-8.
0000ec70: 0c25 002d 0646 01db a942 04d9 0c23 3360  .%.-.F...B...#3`
0000ec80: 0020 bde8 f883 dff8 d480 00f0 69f8 d8f8  . ..........i...
0000ec90: 0030 1c46 44bb 2946 3046 fff7 bfff 431c  .0.FD.)F0F....C.
0000eca0: 0446 58d1 d8f8 0040 2746 002f 43d1 002c  .FX....@'F./C..,
0000ecb0: 4bd0 2368 3946 3046 04eb 0309 fff7 e0fe  K.#h9F0F........
0000ecc0: 8145 42d1 2168 3046 6d1a 2946 fff7 a6ff  .EB.!h0Fm.)F....
0000ecd0: 0130 3ad0 2368 2b44 2360 d8f8 0030 5a68  .0:.#h+D#`...0Zh
0000ece0: 62bb c8f8 0070 0fe0 2268 521b 20d4 0b2a  b....p.."hR. ..*
0000ecf0: 17d9 6119 a342 2560 18bf 5960 6368 08bf  ..a..B%`..Y`ch..
0000ed00: c8f8 0010 6251 4b60 3046 00f0 2ff8 04f1  ....bQK`0F../...
0000ed10: 0b00 231d 20f0 0700 c21a 1cbf 1b1a a350  ..#. ..........P
0000ed20: afe7 6268 a342 0cbf c8f8 0020 5a60 ebe7  ..bh.B..... Z`..
0000ed30: 2346 6468 aee7 3c46 7f68 b6e7 1a46 5b68  #Fdh..<F.h...F[h
0000ed40: a342 fbd1 0023 5360 dee7 0c23 3046 3360  .B...#S`...#0F3`
0000ed50: 00f0 0cf8 94e7 0560 d6e7 00bf 8c2f 0020  .......`...../. 
0000ed60: 0148 00f0 1cb8 00bf 902f 0020 0148 00f0  .H......./. .H..
0000ed70: 17b8 00bf 902f 0020 0eb4 03b5 0146 03ab  ...../. .....F..
0000ed80: 0548 53f8 042b 0068 0193 00f0 81f8 02b0  .HS..+.h........
0000ed90: 5df8 04eb 03b0 7047 b810 0020 7047 7047  ].....pG... pGpG
0000eda0: 7047 0620 08b5 00f0 e7fc 0120 fff7 94fe  pG. ....... ....
0000edb0: 38b5 0546 0029 40d0 51f8 043c 0c1f 002b  8..F.)@.Q..<...+
0000edc0: b8bf e418 fff7 ccff 1c4a 1368 33b9 6360  .........J.h3.c`
0000edd0: 1460 2846 bde8 3840 fff7 c8bf a342 08d9  .`(F..8@.....B..
0000ede0: 2068 2118 8b42 01bf 1968 5b68 0918 2160   h!..B...h[h..!`
0000edf0: ede7 1a46 5b68 0bb1 a342 fad9 1168 5018  ...F[h...B...hP.
0000ee00: a042 0bd1 2068 0144 5018 8342 1160 e0d1  .B.. h.DP..B.`..
0000ee10: 1868 5b68 0844 1060 5360 dae7 02d9 0c23  .h[h.D.`S`.....#
0000ee20: 2b60 d6e7 2068 2118 8b42 01bf 1968 5b68  +`.. h!..B...h[h
0000ee30: 0918 2160 6360 5460 cbe7 38bd 8c2f 0020  ..!`c`T`..8../. 
0000ee40: 9368 10b4 013b 002b 9360 07da 9469 a342  .h...;.+.`...i.B
0000ee50: 01db 0a29 02d1 10bc 00f0 ccbb 1368 581c  ...).........hX.
0000ee60: 1060 1970 0846 10bc 7047 f8b5 0646 0f46  .`.p.F..pG...F.F
0000ee70: 1446 d518 ac42 01d1 0020 07e0 3a46 3046  .F...B... ..:F0F
0000ee80: 14f8 011b fff7 dcff 431c f3d1 f8bd 0000  ........C.......
0000ee90: 2de9 f04f 0d46 1446 9846 0646 9db0 18b1  -..O.F.F.F.F....
0000eea0: 036a 0bb9 00f0 2cfb 6b6e d907 05d4 ab89  .j....,.kn......
0000eeb0: 9a05 02d4 a86d fff7 72ff ab89 1b07 01d5  .....m..r.......
0000eec0: 2b69 9bb9 2946 3046 00f0 d2fb 70b1 6b6e  +i..)F0F....p.kn
0000eed0: dc07 04d5 4ff0 ff30 1db0 bde8 f08f ab89  ....O..0........
0000eee0: 9805 f7d4 a86d fff7 5bff f3e7 0023 0993  .....m..[....#..
0000eef0: 2023 8df8 2930 3023 4ff0 0109 cdf8 0c80   #..)00#O.......
0000ef00: dff8 a881 8df8 2a30 2346 9a46 13f8 012b  ......*0#F.F...+
0000ef10: 0ab1 252a f9d1 baeb 040b 0bd0 5b46 2246  ..%*........[F"F
0000ef20: 2946 3046 fff7 a1ff 0130 00f0 a780 099a  )F0F.....0......
0000ef30: 5a44 0992 9af8 0030 002b 00f0 9f80 0023  ZD.....0.+.....#
0000ef40: 4ff0 ff32 cde9 0523 0af1 010a 0493 0793  O..2...#........
0000ef50: 8df8 5330 1a93 5446 0522 14f8 011b 5348  ..S0..TF."....SH
0000ef60: 00f0 26fc 049a d8b9 d106 44bf 2023 8df8  ..&.......D. #..
0000ef70: 5330 1307 44bf 2b23 8df8 5330 9af8 0030  S0..D.+#..S0...0
0000ef80: 2a2b 15d0 5446 0020 4ff0 0a0c 079a 2146  *+..TF. O.....!F
0000ef90: 11f8 013b 303b 092b 4bd9 b0b1 0792 14e0  ...;0;.+K.......
0000efa0: a0eb 0803 09fa 03f3 1343 a246 0493 d2e7  .........C.F....
0000efb0: 039b 191d 1b68 0391 002b bbbf 5b42 42f0  .....h...+..[BB.
0000efc0: 0202 0793 0793 b8bf 0492 2378 2e2b 0ad1  ..........#x.+..
0000efd0: 6378 2a2b 32d1 039b 0234 1a1d 1b68 0392  cx*+2....4...h..
0000efe0: 43ea e373 0593 dff8 c8a0 0322 5046 2178  C..s......."PF!x
0000eff0: 00f0 defb 38b1 4022 049b a0eb 0a00 8240  ....8.@".......@
0000f000: 1343 0134 0493 14f8 011b 0622 2948 8df8  .C.4.......")H..
0000f010: 2810 00f0 cdfb 0028 3fd0 274b 1bbb 039b  (......(?.'K....
0000f020: 0733 23f0 0703 0833 0393 099b 3b44 0993  .3#....3....;D..
0000f030: 6ae7 0c46 0120 0cfb 0232 a8e7 0023 4ff0  j..F. ...2...#O.
0000f040: 0a0c 1946 0134 0593 2046 10f8 012b 303a  ...F.4.. F...+0:
0000f050: 092a 03d9 002b c6d0 0591 c4e7 0446 0123  .*...+.......F.#
0000f060: 0cfb 0121 f0e7 03ab 0093 2a46 3046 134b  ...!......*F0F.K
0000f070: 04a9 aff3 0080 0746 781c d6d1 6b6e d907  .......Fx...kn..
0000f080: 05d4 ab89 9a05 02d4 a86d fff7 89fe ab89  .........m......
0000f090: 5b06 3ff5 1faf 0998 1ee7 03ab 0093 2a46  [.?...........*F
0000f0a0: 3046 064b 04a9 00f0 7df8 e4e7 7105 0108  0F.K....}...q...
0000f0b0: 7705 0108 7b05 0108 0000 0000 6bee 0008  w...{.......k...
0000f0c0: 2de9 f047 1646 9846 8a68 0b69 0746 9342  -..G.F.F.h.i.F.B
0000f0d0: b8bf 1346 3360 91f8 4320 0c46 ddf8 2090  ...F3`..C .F.. .
0000f0e0: 0ab1 0133 3360 2368 9906 42bf 3368 0233  ...33`#h..B.3h.3
0000f0f0: 3360 2568 15f0 0605 06d1 04f1 190a e368  3`%h...........h
0000f100: 3268 9b1a ab42 2bdc 94f8 4330 2268 003b  2h...B+...C0"h.;
0000f110: 18bf 0123 9206 30d4 4146 3846 04f1 4302  ...#..0.AF8F..C.
0000f120: c847 0130 23d0 2368 2269 03f0 0603 042b  .G.0#.#h"i.....+
0000f130: 14bf 0025 3368 4ff0 0006 08bf e568 04f1  ...%3hO......h..
0000f140: 1a04 08bf ed1a 54f8 123c 08bf 25ea e575  ......T..<..%..u
0000f150: 9342 c4bf 9b1a ed18 b542 1ad1 0020 08e0  .B.......B... ..
0000f160: 0123 5246 4146 3846 c847 0130 03d1 4ff0  .#RFAF8F.G.0..O.
0000f170: ff30 bde8 f087 0135 c1e7 3020 e118 81f8  .0.....5..0 ....
0000f180: 4300 5a1c 94f8 4510 2244 0233 82f8 4310  C.Z...E."D.3..C.
0000f190: c2e7 0123 2246 4146 3846 c847 0130 e6d0  ...#"FAF8F.G.0..
0000f1a0: 0136 d9e7 2de9 ff47 0f7e 9146 782f 8046  .6..-..G.~.Fx/.F
0000f1b0: 0c46 9a46 0c9e 01f1 4302 07d8 622f 0ad8  .F.F....C...b/..
0000f1c0: 002f 00f0 d280 582f 00f0 b780 04f1 4206  ./....X/......B.
0000f1d0: 84f8 4270 3ae0 a7f1 6303 152b f6d8 01a1  ..Bp:...c..+....
0000f1e0: 51f8 23f0 3df2 0008 51f2 0008 cdf1 0008  Q.#.=...Q.......
0000f1f0: cdf1 0008 cdf1 0008 cdf1 0008 51f2 0008  ............Q...
0000f200: cdf1 0008 cdf1 0008 cdf1 0008 cdf1 0008  ................
0000f210: 51f3 0008 7bf2 0008 07f3 0008 cdf1 0008  Q...{...........
0000f220: cdf1 0008 73f3 0008 cdf1 0008 7bf2 0008  ....s.......{...
0000f230: cdf1 0008 cdf1 0008 0ff3 0008 3368 1a1d  ............3h..
0000f240: 1b68 3260 04f1 4206 84f8 4230 0123 9de0  .h2`..B...B0.#..
0000f250: 3368 2068 191d 3160 0606 01d5 1d68 03e0  3h h..1`.....h..
0000f260: 4506 fbd5 b3f9 0050 002d 03da 2d23 6d42  E......P.-..-#mB
0000f270: 84f8 4330 0a23 5948 10e0 2168 3368 0806  ..C0.#YH..!h3h..
0000f280: 53f8 045b 02d4 4906 48bf adb2 6f2f 5348  S..[..I.H...o/SH
0000f290: 3360 59d1 0823 0021 84f8 4310 6668 002e  3`Y..#.!..C.fh..
0000f2a0: a660 05db 2168 2e43 21f0 0401 2160 4dd0  .`..!h.C!...!`M.
0000f2b0: 1646 b5fb f3f1 03fb 1157 c75d 06f8 017d  .F.......W.]...}
0000f2c0: 2f46 bb42 0d46 f4d9 082b 0bd1 2368 df07  /F.B.F...+..#h..
0000f2d0: 08d5 2369 6168 9942 debf 3023 06f8 013c  ..#iah.B..0#...<
0000f2e0: 06f1 ff36 921b 2261 4b46 2146 4046 cdf8  ...6.."aKF!F@F..
0000f2f0: 00a0 03aa fff7 e4fe 0130 4cd1 4ff0 ff30  .........0L.O..0
0000f300: 04b0 bde8 f087 2368 43f0 2003 2360 7827  ......#hC. .#`x'
0000f310: 3348 84f8 4570 2368 3168 1f06 51f8 045b  3H..Ep#h1h..Q..[
0000f320: 02d4 5f06 48bf adb2 3160 d907 44bf 43f0  .._.H...1`..D.C.
0000f330: 2003 2360 1db1 1023 ade7 2848 e9e7 2368   .#`...#..(H..#h
0000f340: 23f0 2003 2360 f6e7 0a23 a4e7 1646 bbe7  #. .#`...#...F..
0000f350: 3368 2568 181d 6169 3060 2e06 1b68 01d5  3h%h..ai0`...h..
0000f360: 1960 02e0 6806 fbd5 1980 0023 1646 2361  .`..h......#.F#a
0000f370: bae7 3368 0021 1a1d 3260 1e68 6268 3046  ..3h.!..2`.hbh0F
0000f380: 00f0 16fa 08b1 801b 6060 6368 2361 0023  ........``ch#a.#
0000f390: 84f8 4330 a8e7 3246 4946 4046 2369 d047  ..C0..2FIF@F#i.G
0000f3a0: 0130 abd0 2368 9b07 13d4 e068 039b 9842  .0..#h.....h...B
0000f3b0: b8bf 1846 a4e7 0123 3246 4946 4046 d047  ...F...#2FIF@F.G
0000f3c0: 0130 9bd0 0135 e368 0399 5b1a ab42 f2dc  .0...5.h..[..B..
0000f3d0: ebe7 0025 04f1 1906 f5e7 00bf 8205 0108  ...%............
0000f3e0: 9305 0108 0023 10b5 0446 c0e9 0033 c0e9  .....#...F...3..
0000f3f0: 0433 8360 8181 4366 c281 8361 1946 0822  .3.`..Cf...a.F."
0000f400: 5c30 00f0 89f9 0d4b 2462 6362 0c4b a362  \0.....K$bcb.K.b
0000f410: 0c4b e362 0c4b 2363 0c4b 9c42 06d0 03f1  .K.b.K#c.K.B....
0000f420: 6802 9442 02d0 d033 9c42 05d1 04f1 5800  h..B...3.B....X.
0000f430: bde8 1040 fff7 b2bc 10bd 00bf 6df5 0008  ...@........m...
0000f440: 8ff5 0008 c7f5 0008 edf5 0008 942f 0020  ............./. 
0000f450: 024a 0349 0348 00f0 6bb8 00bf 0811 0020  .J.I.H..k...... 
0000f460: e5f8 0008 bc10 0020 4168 0c4b 10b5 9942  ....... Ah.K...B
0000f470: 0446 01d0 00f0 36fa a168 094b 9942 02d0  .F....6..h.K.B..
0000f480: 2046 00f0 2ffa e168 064b 9942 04d0 2046   F../..h.K.B.. F
0000f490: bde8 1040 00f0 26ba 10bd 00bf 942f 0020  ...@..&....../. 
0000f4a0: fc2f 0020 6430 0020 0c4b 0d4a 10b5 0421  ./. d0. .K.J...!
0000f4b0: 1a60 0c48 0022 fff7 95ff 0a4b 0122 1c46  .`.H.".....K.".F
0000f4c0: 0921 03f1 6800 fff7 8dff 04f1 d000 0222  .!..h.........."
0000f4d0: bde8 1040 1221 fff7 85bf 00bf cc30 0020  ...@.!.......0. 
0000f4e0: 51f4 0008 942f 0020 0148 fff7 58bc 00bf  Q..../. .H..X...
0000f4f0: 912f 0020 0148 fff7 53bc 00bf 912f 0020  ./. .H..S..../. 
0000f500: 10b5 0446 fff7 f0ff 236a 1bb1 bde8 1040  ...F....#j.....@
0000f510: fff7 f0bf 044b 2362 044b 1b68 002b f5d1  .....K#b.K.h.+..
0000f520: fff7 c2ff f2e7 00bf 69f4 0008 cc30 0020  ........i....0. 
0000f530: 2de9 f843 0746 8846 1446 0026 d4e9 0195  -..C.F.F.F.&....
0000f540: b9f1 0109 05d5 2468 002c f7d1 3046 bde8  ......$h.,..0F..
0000f550: f883 ab89 012b 07d9 b5f9 0e30 0133 03d0  .....+.....0.3..
0000f560: 2946 3846 c047 0643 6835 e9e7 10b5 0c46  )F8F.G.Ch5.....F
0000f570: b1f9 0e10 fff7 78fa 0028 abbf 636d a389  ......x..(..cm..
0000f580: 1b18 23f4 8053 acbf 6365 a381 10bd 2de9  ..#..S..ce....-.
0000f590: f041 1f46 8b89 0546 db05 0c46 1646 05d5  .A.F...F...F.F..
0000f5a0: 0223 0022 b1f9 0e10 fff7 63fa a389 3246  .#."......c...2F
0000f5b0: 23f4 8053 a381 2846 3b46 b4f9 0e10 bde8  #..S..(F;F......
0000f5c0: f041 fff7 58ba 10b5 0c46 b1f9 0e10 fff7  .A..X....F......
0000f5d0: 50fa b4f9 0c30 421c 0bbf 23f4 8053 43f4  P....0B...#..SC.
0000f5e0: 8053 a381 a381 18bf 6065 10bd b1f9 0e10  .S......`e......
0000f5f0: fff7 43ba f8b5 0e46 1446 0546 18b1 036a  ..C....F.F.F...j
0000f600: 0bb9 fff7 7dff a369 a360 a389 1a07 01d5  ....}..i.`......
0000f610: 2369 43b9 2146 2846 00f0 2af8 18b1 4ff0  #iC.!F(F..*...O.
0000f620: ff37 3846 f8bd 2368 2269 f6b2 981a 6369  .78F..#h"i....ci
0000f630: 3746 8342 05dc 2146 2846 00f0 53f9 0028  7F.B..!F(F..S..(
0000f640: edd1 a368 013b a360 2368 5a1c 2260 1e70  ...h.;.`#hZ."`.p
0000f650: 6269 431c 9a42 04d0 a389 db07 e1d5 0a2e  biC..B..........
0000f660: dfd1 2146 2846 00f0 3df9 0028 d9d0 d6e7  ..!F(F..=..(....
0000f670: 38b5 284b 0546 1868 0c46 18b1 036a 0bb9  8.(K.F.h.F...j..
0000f680: fff7 3eff b4f9 0c30 1907 21d4 da06 07d4  ..>....0..!.....
0000f690: 0922 2a60 43f0 4003 4ff0 ff30 a381 31e0  ."*`C.@.O..0..1.
0000f6a0: 5807 12d5 616b 41b1 04f1 4403 9942 02d0  X...akA...D..B..
0000f6b0: 2846 fff7 7dfb 0023 6363 0022 b4f9 0c30  (F..}..#cc."...0
0000f6c0: 6260 2269 23f0 2403 2260 43f0 0803 a381  b`"i#.$."`C.....
0000f6d0: 2269 42b9 03f4 2073 b3f5 007f 03d0 2146  "iB... s......!F
0000f6e0: 2846 00f0 4bf9 b4f9 0c30 13f0 0102 0ad0  (F..K....0......
0000f6f0: 0022 a260 6269 5242 a261 2269 42b9 13f0  .".`biRB.a"iB...
0000f700: 8000 c7d1 38bd 9907 58bf 6269 a260 f4e7  ....8...X.bi.`..
0000f710: 0020 f7e7 b810 0020 0346 0244 9342 00d1  . ..... .F.D.B..
0000f720: 7047 03f8 011b f9e7 1f29 38b5 0546 0c46  pG.......)8..F.F
0000f730: 04d9 1623 0360 4ff0 ff30 38bd c26b 12b1  ...#.`O..08..k..
0000f740: 52f8 2130 4bb9 2846 00f0 30f8 2246 0146  R.!0K.(F..0."F.F
0000f750: 2846 bde8 3840 00f0 17b8 012b 0ad0 591c  (F..8@.....+..Y.
0000f760: 03d1 1623 0360 0120 e7e7 0021 2046 42f8  ...#.`. ...! FB.
0000f770: 2410 9847 0020 e0e7 024b 0146 1868 fff7  $..G. ...K.F.h..
0000f780: d3bf 00bf b810 0020 38b5 0023 064d 0446  ....... 8..#.M.F
0000f790: 0846 1146 2b60 fff7 a9f9 431c 02d1 2b68  .F.F+`....C...+h
0000f7a0: 03b1 2360 38bd 00bf d030 0020 fff7 a8b9  ..#`8....0. ....
0000f7b0: 0346 10b5 c9b2 0244 9342 1846 01d1 0020  .F.....D.B.F... 
0000f7c0: 03e0 0478 0133 8c42 f6d1 10bd 0a44 9142  ...x.3.B.....D.B
0000f7d0: 00f1 ff33 00d1 7047 10b5 11f8 014b 9142  ...3..pG.....K.B
0000f7e0: 03f8 014f f9d1 10bd b1f9 0c20 f8b5 1607  ...O....... ....
0000f7f0: 0546 0c46 51d4 4b68 002b 02dc 0b6c 002b  .F.FQ.Kh.+...l.+
0000f800: 49dd e66a 002e 46d0 0023 12f4 8052 2f68  I..j..F..#...R/h
0000f810: 2b60 31d0 626d a389 5907 05d5 6368 d21a  +`1.bm..Y...ch..
0000f820: 636b 0bb1 236c d21a 0023 2846 e66a 216a  ck..#l...#(F.j!j
0000f830: b047 421c b4f9 0c30 06d1 2968 1d29 45d8  .GB....0..)h.)E.
0000f840: 274a ca40 d607 41d5 0022 6260 2269 d904  'J.@..A.."b`"i..
0000f850: 2260 04d5 421c 01d1 2b68 03b9 6065 616b  "`..B...+h..`eak
0000f860: 2f60 c1b1 04f1 4403 9942 02d0 2846 fff7  /`....D..B..(F..
0000f870: 9ffa 0023 6363 0ee0 0123 2846 216a b047  ...#cc...#(F!j.G
0000f880: 0246 501c c7d1 2b68 002b c4d0 1d2b 01d0  .FP...+h.+...+..
0000f890: 162b 19d1 2f60 0020 1de0 0f69 002f fad0  .+../`. ...i./..
0000f8a0: 9307 18bf 0023 0e68 08bf 4b69 f61b 0f60  .....#.h..Ki...`
0000f8b0: 8b60 002e efdd 3346 3a46 2846 216a d4f8  .`....3F:F(F!j..
0000f8c0: 28c0 e047 0028 07dc b4f9 0c30 4ff0 ff30  (..G.(.....0O..0
0000f8d0: 43f0 4003 a381 f8bd 0744 361a e9e7 00bf  C.@......D6.....
0000f8e0: 0100 4020 38b5 0b69 0546 0c46 13b9 0025  ..@ 8..i.F.F...%
0000f8f0: 2846 38bd 18b1 036a 0bb9 fff7 01fe b4f9  (F8....j........
0000f900: 0c30 002b f3d0 626e d007 04d4 9905 02d4  .0.+..bn........
0000f910: a06d fff7 44fa 2846 2146 fff7 65ff 636e  .m..D.(F!F..e.cn
0000f920: 0546 da07 e4d4 a389 9b05 e1d4 a06d fff7  .F...........m..
0000f930: 37fa dde7 70b5 0c46 b1f9 0e10 1546 0029  7...p..F.....F.)
0000f940: 1e46 96b0 0ada a189 11f0 8001 13d1 4ff4  .F............O.
0000f950: 8062 0020 3160 2a60 16b0 70bd 6a46 fff7  .b. 1`*`..p.jF..
0000f960: adf8 0028 efdb 0199 01f4 7041 a1f5 0053  ...(......pA...S
0000f970: 5942 5941 ebe7 0021 4022 eae7 8b89 73b5  YBYA...!@"....s.
0000f980: 9e07 0546 0c46 07d5 04f1 4703 2360 2361  ...F.F....G.#`#a
0000f990: 0123 6361 02b0 70bd 01ab 6a46 fff7 caff  .#ca..p...jF....
0000f9a0: 009e 2846 3146 fff7 5bf9 b4f9 0c30 38b9  ..(F1F..[....08.
0000f9b0: 9a05 efd4 23f0 0303 43f0 0203 a381 e3e7  ....#...C.......
0000f9c0: 43f0 8003 a381 019b c4e9 0406 2060 002b  C........... `.+
0000f9d0: e0d0 2846 b4f9 0e10 fff7 7cf8 0028 d9d0  ..(F......|..(..
0000f9e0: a389 23f0 0303 43f0 0103 a381 d2e7 10b5  ..#...C.........
0000f9f0: 0139 0244 9042 01d1 0020 05e0 0378 11f8  .9.D.B... ...x..
0000fa00: 014f a342 01d0 181b 10bd 0130 f2e7 0000  .O.B.......0....
0000fa10: 0501 0902 a101 8502 0901 a100 0509 1901  ................
0000fa20: 2908 1500 2501 9508 7501 8102 0501 0930  )...%...u......0
0000fa30: 0931 1581 257f 9502 7508 8106 0938 1581  .1..%...u....8..
0000fa40: 257f 9501 7508 8106 050c 0a38 0215 8125  %...u......8...%
0000fa50: 7f95 0175 0881 06c0 c005 0109 80a1 0185  ...u............
0000fa60: 0319 012a b700 1501 26b7 0095 0175 1081  ...*....&....u..
0000fa70: 00c0 050c 0901 a101 8504 1901 2aa0 0215  ............*...
0000fa80: 0126 a002 9501 7510 8100 c005 0109 06a1  .&....u.........
0000fa90: 0185 0605 0719 e029 e715 0025 0195 0875  .......)...%...u
0000faa0: 0181 0205 0719 0029 ef15 0025 0195 f075  .......)...%...u
0000fab0: 0181 0205 0819 0129 0595 0575 0191 0295  .......)...u....
0000fac0: 0175 0391 01c0 0660 ff09 61a1 0109 6215  .u.....`..a...b.
0000fad0: 0026 ff00 9520 7508 8102 0963 1500 26ff  .&... u....c..&.
0000fae0: 0095 2075 0891 02c0 0501 0906 a101 0507  .. u............
0000faf0: 19e0 29e7 1500 2501 9508 7501 8102 9501  ..)...%...u.....
0000fb00: 7508 8101 0507 1900 29ff 1500 26ff 0095  u.......)...&...
0000fb10: 0675 0881 0005 0819 0129 0515 0025 0195  .u.......)...%..
0000fb20: 0575 0191 0295 0175 0391 01c0 1c03 7600  .u.....u......v.
0000fb30: 6900 6100 6c00 3a00 6600 3600 3400 6300  i.a.l.:.f.6.4.c.
0000fb40: 3200 6200 3300 6300 0000 1c03 4b00 7200  2.b.3.c.....K.r.
0000fb50: 7500 7300 6800 3600 3500 2000 7200 3200  u.s.h.6.5. .r.2.
0000fb60: 5f00 6800 7300 0000 0e03 4e00 7500 7800  _.h.s.....N.u.x.
0000fb70: 7200 6f00 7300 0000 0403 0904 0000 0000  r.o.s...........
0000fb80: 0000 0000 0000 0000 0000 0000 0000 0000  ................
0000fb90: 7e0f 00d4 ffff ffc7 0000 0078 0000 0000  ~..........x....
0000fba0: 0000 0000 2a2b 2800 0000 0000 0000 0000  ....*+(.........
0000fbb0: 0000 0000 0000 0029 0000 0000 2c1e 3420  .......)....,.4 
0000fbc0: 2122 2434 2627 252e 362d 3738 271e 1f20  !"$4&'%.6-78'.. 
0000fbd0: 2122 2324 2526 3333 362e 3738 1f04 0506  !"#$%&336.78....
0000fbe0: 0708 090a 0b0c 0d0e 0f10 1112 1314 1516  ................
0000fbf0: 1718 191a 1b1c 1d2f 3130 232d 3504 0506  ......./10#-5...
0000fc00: 0708 090a 0b0c 0d0e 0f10 1112 1314 1516  ................
0000fc10: 1718 191a 1b1c 1d2f 3130 354c 0000 0000  ......./105L....
0000fc20: 0d9e 0008 318f 0008 3590 0008 4000 4000  ....1...5...@.@.
0000fc30: 2011 0020 2011 0020 0100 0000 1811 0020   ..  .. ....... 
0000fc40: 0402 0408 0800 0307 0808 0808 0808 0808  ................
0000fc50: 0b0f 0000 0300 0000 0200 0000 8000 0000  ................
0000fc60: 0000 0000 0004 0000 0000 0008 0000 0200  ................
0000fc70: 0000 0100 0000 0000 380c 0108 d430 0020  ........8....0. 
0000fc80: d430 0020 d430 0020 380c 0108 0000 0000  .0. .0. 8.......
0000fc90: 0000 0000 0000 0000 380c 0108 0000 0000  ........8.......
0000fca0: 0000 0000 0000 0000 380c 0108 0000 0000  ........8.......
0000fcb0: 0000 0000 0000 0000 380c 0108 0000 0000  ........8.......
0000fcc0: 0000 0000 0000 0000 380c 0108 0000 0000  ........8.......
0000fcd0: 0000 0000 0000 0000 380c 0108 0000 0000  ........8.......
0000fce0: 0000 0000 0000 0000 380c 0108 0000 0000  ........8.......
0000fcf0: 0000 0000 0000 0000 0102 0009 025b 0003  .............[..
0000fd00: 0100 a0fa 0904 0000 0103 0101 0009 2111  ..............!.
0000fd10: 0100 0122 4400 0705 8103 0800 0109 0401  ..."D...........
0000fd20: 0002 0300 0000 0921 1101 0001 2222 0007  .......!....""..
0000fd30: 0582 0320 0001 0705 0303 2000 0109 0402  ... ...... .....
0000fd40: 0001 0300 0000 0921 1101 0001 22b6 0007  .......!...."...
0000fd50: 0584 0320 0001 1201 0002 0000 0040 08cd  ... .........@..
0000fd60: 16fe 0001 0102 0301 4422 b600 e8fa 0008  ........D"......
0000fd70: c6fa 0008 10fa 0008 0dfd 0008 26fd 0008  ............&...
0000fd80: 46fd 0008 040e 1c1c 78fb 0008 68fb 0008  F.......x...h...
0000fd90: 4afb 0008 2cfb 0008 2900 1e00 1f00 2000  J...,...)..... .
0000fda0: 2100 2200 2300 2400 2500 2600 2700 2d00  !.".#.$.%.&.'.-.
0000fdb0: 2e00 2a00 4a00 2b00 1400 1a00 0800 1500  ..*.J.+.........
0000fdc0: 1700 1c00 1800 0c00 1200 1300 2f00 3000  ............/.0.
0000fdd0: 3100 4b00 3900 0400 1600 0700 0900 0a00  1.K.9...........
0000fde0: 0b00 0d00 0e00 0f00 3300 3400 2800 4c00  ........3.4.(.L.
0000fdf0: 4e00 e100 0000 1d00 1b00 0600 1900 0500  N...............
0000fe00: 1100 1000 3600 3700 3800 e500 5200 4d00  ....6.7.8...R.M.
0000fe10: e000 e300 e200 0000 0000 0000 2c00 0000  ............,...
0000fe20: 0000 0000 e600 2152 5000 5100 4f00 3500  ......!RP.Q.O.5.
0000fe30: 3a00 3b00 3c00 3d00 3e00 3f00 4000 4100  :.;.<.=.>.?.@.A.
0000fe40: 4200 4300 4400 4500 6800 4c00 0100 0100  B.C.D.E.h.L.....
0000fe50: 0100 0100 0100 0100 0100 0100 0100 0100  ................
0000fe60: 0100 0100 0100 0100 0100 737c 2178 0100  ..........s|!x..
0000fe70: 0100 0100 0100 0100 0100 0100 0100 0100  ................
0000fe80: 0100 0100 0100 0100 0100 0000 0100 0100  ................
0000fe90: 0100 0100 0100 0100 0100 0100 0100 0100  ................
0000fea0: 2078 0100 0100 0100 0100 0100 0000 0000   x..............
0000feb0: 0000 0100 0000 0000 0000 0100 0100 0100  ................
0000fec0: 0100 007c 0100 0100 0100 0100 0100 0100  ...|............
0000fed0: 0100 0100 0100 0100 0100 0100 0100 0100  ................
0000fee0: 0100 0100 0100 0100 0100 0100 0100 0100  ................
0000fef0: 0100 0100 0100 0100 0100 0100 0100 0100  ................
0000ff00: 0100 0100 0100 0100 0100 0100 0100 0100  ................
0000ff10: 0100 0100 0100 0100 0100 0100 0100 0100  ................
0000ff20: 0000 0100 0100 0100 0100 0100 0100 0100  ................
0000ff30: 0100 0100 0100 0100 0100 0100 0100 0100  ................
0000ff40: 0100 0000 0000 0000 0100 0000 0000 0000  ................
0000ff50: 0100 0100 0100 0100 0100 0100 0100 0100  ................
0000ff60: 0100 0100 0100 0100 0100 0100 0100 0100  ................
0000ff70: 0100 0100 0100 0100 0100 0100 0100 0100  ................
0000ff80: 0100 0100 0100 0100 0100 0100 0100 0100  ................
0000ff90: 0100 0100 0100 0100 0100 0100 0100 0100  ................
0000ffa0: 0100 0100 0100 0100 0100 0100 0100 0100  ................
0000ffb0: 0100 0100 0100 0000 0100 0100 0100 0100  ................
0000ffc0: 0100 0100 0100 0100 0100 0100 0100 0100  ................
0000ffd0: 0100 0100 0100 0100 0000 0000 0000 0100  ................
0000ffe0: 0000 0000 0000 0100 0100 0100 0100 0100  ................
0000fff0: 0051 2502 c201 0000 0000 0000 0100 0000  .Q%.............
00010000: 0000 0000 0000 0000 0000 0000 0000 0000  ................
00010010: 0000 0000 0000 0000 0000 0000 0000 0000  ................
00010020: 0000 0000 0001 0000 2223 2526 2829 2a2c  ........"#%&()*,
00010030: 2d2f 3032 3335 3638 3a3b 3d3e 4042 4345  -/023568:;=>@BCE
00010040: 4749 4a4c 4e50 5153 5557 595a 5c5e 6062  GIJLNPQSUWYZ\^`b
00010050: 6466 6869 6b6d 6f71 7375 7779 7b7d 7f81  dfhikmoqsuwy{}..
00010060: 8385 8789 8a8c 8e90 9294 9698 9a9c 9e9f  ................
00010070: a1a3 a5a7 a8aa acae afb1 b3b4 b6b8 b9bb  ................
00010080: bcbe bfc1 c2c3 c5c6 c7c9 cacb cccd ced0  ................
00010090: d1d2 d2d3 d4d5 d6d7 d7d8 d9d9 dada dbdb  ................
000100a0: dbdc dcdc dcdc dddd dddd dcdc dcdc dcdb  ................
000100b0: dbdb dada d9d9 d8d7 d7d6 d5d4 d3d2 d2d1  ................
000100c0: d0ce cdcc cbca c9c7 c6c5 c3c2 c1bf bebc  ................
000100d0: bbb9 b8b6 b4b3 b1af aeac aaa8 a7a5 a3a1  ................
000100e0: 9f9e 9c9a 9896 9492 908e 8c8a 8987 8583  ................
000100f0: 817f 7d7b 7977 7573 716f 6d6b 6968 6664  ..}{ywusqomkihfd
00010100: 6260 5e5c 5a59 5755 5351 504e 4c4a 4947  b`^\ZYWUSQPNLJIG
00010110: 4543 4240 3e3d 3b3a 3836 3533 3230 2f2d  ECB@>=;:865320/-
00010120: 2c2a 2928 2625 2322 ffaa 7f55 4000 0102  ,*)(&%#"...U@...
00010130: 0202 0206 0606 0909 0909 0909 0f0f 0f12  ................
00010140: 1313 1313 1313 1313 1313 1d1e 1e1e 1e1e  ................
00010150: 1e00 0101 0101 0101 0101 0102 0202 0202  ................
00010160: 0202 0202 0303 0303 0303 0303 0404 0404  ................
00010170: 0404 0405 0505 0505 0606 0606 0607 0707  ................
00010180: 0707 0808 0808 0909 0909 0a0a 0a0b 0b0b  ................
00010190: 0c0c 0c0d 0d0d 0e0e 0e0f 0f0f 1010 1111  ................
000101a0: 1112 1213 1314 1415 1516 1617 1718 1819  ................
000101b0: 191a 1a1b 1b1c 1d1d 1e1e 1f20 2021 2222  ...........  !""
000101c0: 2324 2425 2626 2728 2929 2a2b 2c2d 2d2e  #$$%&&'())*+,--.
000101d0: 2f30 3132 3233 3435 3637 3839 3a3b 3c3d  /01223456789:;<=
000101e0: 3e3f 4041 4243 4445 4647 4849 4a4c 4d4e  >?@ABCDEFGHIJLMN
000101f0: 4f50 5153 5455 5658 595a 5b5d 5e5f 6162  OPQSTUVXYZ[]^_ab
00010200: 6465 6668 696b 6c6d 6f70 7273 7577 787a  defhiklmoprsuwxz
00010210: 7b7d 7e80 8283 8587 888a 8c8e 8f91 9395  {}~.............
00010220: 9698 9a9c 9ea0 a2a3 a5a7 a9ab adaf b1b3  ................
00010230: b5b7 babc bec0 c2c4 c6c9 cbcd cfd1 d4d6  ................
00010240: d8db dddf e2e4 e7e9 ebee f0f3 f5f8 fafd  ................
00010250: ff00 0000 0000 0240 0800 0240 0100 0000  .......@...@....
00010260: 0000 000b 0000 0240 1c00 0240 0200 0000  .......@...@....
00010270: 0004 010c 0000 0240 3000 0240 0400 0000  .......@0..@....
00010280: 0008 020d 0000 0240 4400 0240 0800 0000  .......@D..@....
00010290: 000c 030e 0000 0240 5800 0240 1000 0000  .......@X..@....
000102a0: 0010 040f 0000 0240 6c00 0240 2000 0000  .......@l..@ ...
000102b0: 0014 0510 0000 0240 8000 0240 4000 0000  .......@...@@...
000102c0: 0018 0611 0000 0000 718c 0008 dd93 0008  ........q.......
000102d0: 798c 0008 098d 0008 0d8d 0008 458d 0008  y...........E...
000102e0: 6d8d 0008 2dc9 0008 b5ca 0008 1506 0108  m...-...........
000102f0: 3811 0020 4812 0020 09a3 0008 4187 0008  8.. H.. ....A...
00010300: 1188 0008 0000 0000 030c 0140 040c 0140  ...........@...@
00010310: 0a08 0140 0308 0140 0208 0140 0e0c 0140  ...@...@...@...@
00010320: 0d0c 0140 0c0c 0140 0b0c 0140 0a0c 0140  ...@...@...@...@
00010330: 020c 0140 010c 0140 000c 0140 0708 0140  ...@...@...@...@
00010340: 0608 0140 0508 0140 0408 0140 0d10 0140  ...@...@...@...@
00010350: 090c 0140 080c 0140 1e0f 057f 3f1f 6432  ...@...@....?.d2
00010360: 1478 3c1e 1e14 0a05 fd37 7a58 5a00 0004  .x<......7zXZ...
00010370: e6d6 b446 0200 2101 1600 0000 742f e5a3  ...F..!.....t/..
00010380: e002 cb01 135d 003d 8889 c654 36c3 174f  .....].=...T6..O
00010390: e4e1 7c15 fd04 5711 7560 7032 8a3b 152c  ..|...W.u`p2.;.,
000103a0: d961 a8a4 0537 2d1c 80fb eff7 dc2f e3a7  .a...7-....../..
000103b0: 62b3 b792 2b88 6e02 b0de 4531 923e ead6  b...+.n...E1.>..
000103c0: 4b76 6f80 a831 c40d 4f39 985a b35f 459e  Kvo..1..O9.Z._E.
000103d0: f659 bb91 164f a9d3 8a3d 037e 44c7 c64d  .Y...O...=.~D..M
000103e0: 63b4 a8c0 c55d 95aa f252 71a2 5f7b 873c  c....]...Rq._{.<
000103f0: 609c 2e16 ec8b d501 0efb 46d4 fdae 6b90  `.........F...k.
00010400: 7a98 b095 e936 d1b0 ca6c 5edd f6fd 738d  z....6...l^...s.
00010410: 102e 1bbf 07bd cbfd c9ab d3fa a4c0 184a  ...............J
00010420: 4e5c be19 35c5 7eea cd1a 1b67 f866 2d38  N\..5.~....g.f-8
00010430: af0f af4b 79a2 6871 8b17 b8e9 2e19 5ea1  ...Ky.hq......^.
00010440: 688a 43cb 0a7f e362 44f5 5431 cd62 c913  h.C....bD.T1.b..
00010450: d665 9547 b7d0 ad23 4c5f 62fd 3198 0eeb  .e.G...#L_b.1...
00010460: bd9e df02 54da 71ff 8bc7 c4de 830f 50ad  ....T.q.......P.
00010470: 7927 62c6 0718 7267 9c82 d416 e227 f3ac  y'b...rg.....'..
00010480: ef47 53aa 4140 8a39 6a6d 08e7 af49 e26e  .GS.A@.9jm...I.n
00010490: 81dd 0430 e123 202b 7faf 0000 596b a413  ...0.# +....Yk..
000104a0: c18e 1304 0001 af02 cc05 0000 d3b7 8f6b  ...............k
000104b0: b1c4 67fb 0200 0000 0004 595a e200 e900  ..g.......YZ....
000104c0: ea00 b500 b600 b700 cd00 8301 cc00 8a01  ................
000104d0: 9201 9401 2102 2302 2402 2502 2602 2702  ....!.#.$.%.&.'.
000104e0: 2a02 b300 b400 6f00 7000 9f01 cb01 9f02  *.....o.p.......
000104f0: a002 5245 454e 5420 6d61 6c6c 6f63 2073  ..REENT malloc s
00010500: 7563 6365 6564 6564 002e 2e2f 2e2e 2f2e  ucceeded.../../.
00010510: 2e2f 2e2e 2f2e 2e2f 2e2e 2f6e 6577 6c69  ./../../../newli
00010520: 622f 6c69 6263 2f73 7464 6c69 622f 7261  b/libc/stdlib/ra
00010530: 6e64 2e63 002c 2066 756e 6374 696f 6e3a  nd.c., function:
00010540: 2000 6173 7365 7274 696f 6e20 2225 7322   .assertion "%s"
00010550: 2066 6169 6c65 643a 2066 696c 6520 2225   failed: file "%
00010560: 7322 2c20 6c69 6e65 2025 6425 7325 730a  s", line %d%s%s.
00010570: 0023 2d30 2b20 0068 6c4c 0065 6667 4546  .#-0+ .hlL.efgEF
00010580: 4700 3031 3233 3435 3637 3839 4142 4344  G.0123456789ABCD
00010590: 4546 0030 3132 3334 3536 3738 3961 6263  EF.0123456789abc
000105a0: 6465 6600 4c61 7374 2073 6563 746f 7220  def.Last sector 
000105b0: 696e 7465 6e64 6564 2074 6f20 6265 2075  intended to be u
000105c0: 7365 6420 7769 7468 2077 6561 725f 6c65  sed with wear_le
000105d0: 7665 6c69 6e67 2069 7320 6265 796f 6e64  veling is beyond
000105e0: 2061 7661 696c 6162 6c65 2066 6c61 7368   available flash
000105f0: 2064 6573 6372 6970 746f 7220 7261 6e67   descriptor rang
00010600: 6500 8cd0 02d3 6a2d 61ff 0065 7869 7400  e.....j-a..exit.
00010610: 6b69 6c6c 0063 3000 0020 2020 2020 2020  kill.c0..       
00010620: 2020 2828 2828 2820 2020 2020 2020 2020    (((((         
00010630: 2020 2020 2020 2020 2088 1010 1010 1010           .......
00010640: 1010 1010 1010 1010 1004 0404 0404 0404  ................
00010650: 0404 0410 1010 1010 1010 4141 4141 4141  ..........AAAAAA
00010660: 0101 0101 0101 0101 0101 0101 0101 0101  ................
00010670: 0101 0101 1010 1010 1010 4242 4242 4242  ..........BBBBBB
00010680: 0202 0202 0202 0202 0202 0202 0202 0202  ................
00010690: 0202 0202 1010 1010 2000 0000 0000 0000  ........ .......
000106a0: 0000 0000 0000 0000 0000 0000 0000 0000  ................
000106b0: 0000 0000 0000 0000 0000 0000 0000 0000  ................
000106c0: 0000 0000 0000 0000 0000 0000 0000 0000  ................
000106d0: 0000 0000 0000 0000 0000 0000 0000 0000  ................
000106e0: 0000 0000 0000 0000 0000 0000 0000 0000  ................
000106f0: 0000 0000 0000 0000 0000 0000 0000 0000  ................
00010700: 0000 0000 0000 0000 0000 0000 0000 0000  ................
00010710: 0000 0000 0000 0000 0000 0000 806b ff7f  .............k..
00010720: 0100 0000 0000 0000 0000 0000 0000 0000  ................
00010730: 0000 0000 0000 0000 0000 0000 0000 0000  ................
00010740: 0000 0000 0000 0000 0000 0000 0000 0000  ................
00010750: 0000 0000 0000 0000 0000 0000 0000 0000  ................
00010760: 0000 0000 0000 0000 0000 0000 2000 0000  ............ ...
00010770: 0000 0000 0000 0000 0000 0000 0000 0000  ................
00010780: 0000 0000 0000 0000 0000 0000 0000 0000  ................
00010790: 0000 0000 0000 0000 0000 0000 0000 0000  ................
000107a0: 0000 0000 0000 0000 0000 0000 0000 0000  ................
000107b0: 0000 0000 0000 0000 0800 0000 0000 0000  ................
000107c0: 0000 0000 0600 0000 0000 0000 0000 0000  ................
000107d0: 0000 0000 0000 0000 0000 0000 0000 0000  ................
000107e0: 0000 0000 0000 0000 0000 0000 0000 0000  ................
000107f0: 0000 0000 0000 0000 0000 0000 0000 0000  ................
00010800: 0000 0000 2000 0000 0000 0000 0000 0000  .... ...........
00010810: 0400 0000 0000 0000 0000 0000 0000 0000  ................
00010820: 0000 0000 0000 0000 0000 0000 0000 0000  ................
00010830: 0000 0000 0000 0000 0000 0000 0000 0000  ................
00010840: 0000 0000 0000 0000 0000 0000 0000 0000  ................
00010850: 0300 0000 0000 0000 0000 0000 0300 0000  ................
00010860: 0000 0000 0000 0000 0000 0000 0000 0000  ................
00010870: 0000 0000 0000 0000 0000 0000 0000 0000  ................
00010880: 0000 0000 0000 0000 0000 0000 0000 0000  ................
00010890: 0000 0000 0000 0000 0000 0000 0300 0000  ................
000108a0: 0000 0000 0000 0000 0200 0000 0000 0000  ................
000108b0: 0000 0000 0000 0000 0000 0000 0000 0000  ................
000108c0: 0000 0000 0000 0000 0000 0000 0000 0000  ................
000108d0: 0000 0000 0000 0000 0000 0000 0000 0000  ................
000108e0: 0000 0000 0000 0000 0600 0000 000c 0020  ............... 
000108f0: 4c0c 0020 0000 0000 0000 0000 7c0d 0020  L.. ........|.. 
00010900: 300d 0020 e40c 0020 0000 0000 980c 0020  0.. ... ....... 
00010910: 0000 0000 0000 0000 c80d 0020 8193 0008  ........... ....
00010920: 6193 0008 dd97 0008 fd89 0008 198a 0008  a...............
00010930: 258a 0008 cc0d 0020 8193 0008 6193 0008  %...... ....a...
00010940: dd97 0008 fd89 0008 198a 0008 258a 0008  ............%...
00010950: d00d 0020 c193 0008 9993 0008 f997 0008  ... ............
00010960: 758a 0008 998a 0008 b18a 0008 0101 0201  u...............
00010970: 1314 1516 1718 191a 1b1c 0000 517b 0008  ............Q{..
00010980: ffff ffff ffff 0000 ffff 0000 bd89 0008  ................
00010990: c9e5 0008 d3e5 0008 dde5 0008 e7e5 0008  ................
000109a0: 0000 0000 0000 0000 0000 0000 0000 0000  ................
000109b0: 0000 0000 0000 0000 0000 0000 0000 0000  ................
000109c0: 0000 0000 0000 0000 0000 0000 0000 0000  ................
000109d0: 0000 0000 0000 0000 0300 0000 0000 0000  ................
000109e0: c9a1 0008 0000 0000 2000 0000 0000 0000  ........ .......
000109f0: 0000 0000 0200 0000 0000 0000 0000 0000  ................
00010a00: 0000 0000 0000 0000 0000 0000 0000 0000  ................
00010a10: 5c29 0020 0400 0000 0400 0000 2000 0000  \). ........ ...
00010a20: 0813 0020 0000 0000 0000 0000 2c0e 0020  ... ........,.. 
00010a30: 0000 0000 0000 0000 0000 0000 0000 0000  ................
00010a40: 0000 0000 0000 0000 0000 0000 0000 0000  ................
00010a50: 0000 0000 0000 0000 0000 0000 0000 0000  ................
00010a60: 0000 0000 0000 0000 0300 0000 0000 0000  ................
00010a70: c9a1 0008 0000 0000 0800 0000 0000 0000  ................
00010a80: 0000 0000 0200 0000 0000 0000 0000 0000  ................
00010a90: 0000 0000 0000 0000 0000 0000 0000 0000  ................
00010aa0: 5c29 0020 0100 0000 0400 0000 0800 0000  \). ............
00010ab0: d812 0020 0000 0000 0000 0000 100e 0020  ... ........... 
00010ac0: 0000 0000 0000 0000 0000 0000 0000 0000  ................
00010ad0: 0000 0000 0000 0000 0000 0000 0000 0000  ................
00010ae0: 0000 0000 0000 0000 0000 0000 0000 0000  ................
00010af0: 0000 0000 0000 0000 0300 0000 0000 0000  ................
00010b00: c9a1 0008 0000 0000 2000 0000 0000 0000  ........ .......
00010b10: 0000 0000 0200 0000 0000 0000 0000 0000  ................
00010b20: 0000 0000 0000 0000 0000 0000 0000 0000  ................
00010b30: 5c29 0020 0200 0000 0400 0000 2000 0000  \). ........ ...
00010b40: 4812 0020 0000 0000 0000 0000 f40d 0020  H.. ........... 
00010b50: 0000 0000 0000 0000 0000 0000 0000 0000  ................
00010b60: 0000 0000 0000 0000 0000 0000 0000 0000  ................
00010b70: 0000 0000 0000 0000 0000 0000 0000 0000  ................
00010b80: 0000 0000 0000 0000 0300 0000 0000 0000  ................
00010b90: 0000 0000 79a2 0008 0000 2000 0000 0000  ....y..... .....
00010ba0: 0000 0000 0200 0000 0000 0000 0000 0000  ................
00010bb0: 0000 0000 0000 0000 0000 0000 0000 0000  ................
00010bc0: 5c29 0020 0300 0000 0400 0000 2000 0000  \). ........ ...
00010bd0: 9813 0020 0000 0000 0101 0100 bc10 0020  ... ........... 
00010be0: 0000 0000 942f 0020 fc2f 0020 6430 0020  ...../. ./. d0. 
00010bf0: 0000 0000 0000 0000 0000 0000 0000 0000  ................
00010c00: 0000 0000 0000 0000 0000 0000 0000 0000  ................
00010c10: 0000 0000 0000 0000 0000 0000 0000 0000  ................
00010c20: 0000 0000 0000 0000 0000 0000 0000 0000  ................
00010c30: 0300 0000 942f 0020 ffff 0300 af1e 0001  ...../. ........
00010c40: 5546 4410 60ce 6b88 0000 0000 0000 0000  UFD.`.k.........
00010c50: 0000 0000 0000 0000 0000 0000 0000 0000  ................
00010c60: 0000 0000 0000 0000 0000 0000 0000 0000  ................
00010c70: 0000 0000 0000 0000 0000 0000 0000 0000  ................
00010c80: 0000 0000 0000 0000 0000 0000 0000 0000  ................
00010c90: 0000 0000 0000 0000 0000 0000 0000 0000  ................
00010ca0: 0000 0000 0000 0000 0000 0000 0000 0000  ................
00010cb0: 0000 0000 0000 0000 0000 0000 0000 0000  ................
00010cc0: 0000 0000 0000 0000 0000 0000 0000 0000  ................
00010cd0: 0000 0000 0000 0000 0000 0000 0000 0000  ................
00010ce0: 0000 0000 0000 0000 0000 0000 0000 0000  ................
00010cf0: 0000 0000 0000 0000 0000 0000 0000 0000  ................
00010d00: ffff ffff ffff ffff ffff ffff ffff ffff  ................
00010d10: ffff ffff ffff ffff ffff ffff ffff ffff  ................
00010d20: ffff ffff ffff ffff ffff ffff ffff ffff  ................
00010d30: ffff ffff ffff ffff ffff ffff ffff ffff  ................
00010d40: ffff ffff ffff ffff ffff ffff ffff ffff  ................
00010d50: ffff ffff ffff ffff ffff ffff ffff ffff  ................
00010d60: ffff ffff ffff ffff ffff ffff ffff ffff  ................
00010d70: ffff ffff ffff ffff ffff ffff ffff ffff  ................
00010d80: ffff ffff ffff ffff ffff ffff ffff ffff  ................
00010d90: ffff ffff ffff ffff ffff ffff ffff ffff  ................
00010da0: ffff ffff ffff ffff ffff ffff ffff ffff  ................
00010db0: ffff ffff ffff ffff ffff ffff ffff ffff  ................
00010dc0: ffff ffff ffff ffff ffff ffff ffff ffff  ................
00010dd0: ffff ffff ffff ffff ffff ffff ffff ffff  ................
00010de0: ffff ffff ffff ffff ffff ffff ffff ffff  ................
00010df0: ffff ffff ffff ffff ffff ffff ffff ffff  ................
00010e00: ffff ffff ffff ffff ffff ffff ffff ffff  ................
00010e10: ffff ffff ffff ffff ffff ffff ffff ffff  ................
00010e20: ffff ffff ffff ffff ffff ffff ffff ffff  ................
00010e30: ffff ffff ffff ffff ffff ffff ffff ffff  ................
00010e40: ffff ffff ffff ffff ffff ffff ffff ffff  ................
00010e50: ffff ffff ffff ffff ffff ffff ffff ffff  ................
00010e60: ffff ffff ffff ffff ffff ffff ffff ffff  ................
00010e70: ffff ffff ffff ffff ffff ffff ffff ffff  ................
00010e80: ffff ffff ffff ffff ffff ffff ffff ffff  ................
00010e90: ffff ffff ffff ffff ffff ffff ffff ffff  ................
00010ea0: ffff ffff ffff ffff ffff ffff ffff ffff  ................
00010eb0: ffff ffff ffff ffff ffff ffff ffff ffff  ................
00010ec0: ffff ffff ffff ffff ffff ffff ffff ffff  ................
00010ed0: ffff ffff ffff ffff ffff ffff ffff ffff  ................
00010ee0: ffff ffff ffff ffff ffff ffff ffff ffff  ................
00010ef0: ffff ffff ffff ffff ffff ffff ffff ffff  ................
00010f00: ffff ffff ffff ffff ffff ffff ffff ffff  ................
00010f10: ffff ffff ffff ffff ffff ffff ffff ffff  ................
00010f20: ffff ffff ffff ffff ffff ffff ffff ffff  ................
00010f30: ffff ffff ffff ffff ffff ffff ffff ffff  ................
00010f40: ffff ffff ffff ffff ffff ffff ffff ffff  ................
00010f50: ffff ffff ffff ffff ffff ffff ffff ffff  ................
00010f60: ffff ffff ffff ffff ffff ffff ffff ffff  ................
00010f70: ffff ffff ffff ffff ffff ffff ffff ffff  ................
00010f80: ffff ffff ffff ffff ffff ffff ffff ffff  ................
00010f90: ffff ffff ffff ffff ffff ffff ffff ffff  ................
00010fa0: ffff ffff ffff ffff ffff ffff ffff ffff  ................
00010fb0: ffff ffff ffff ffff ffff ffff ffff ffff  ................
00010fc0: ffff ffff ffff ffff ffff ffff ffff ffff  ................
00010fd0: ffff ffff ffff ffff ffff ffff ffff ffff  ................
00010fe0: ffff ffff ffff ffff ffff ffff ffff ffff  ................
00010ff0: ffff ffff ffff ffff ffff ffff ffff ffff  ................
00011000: 7005 0108 5005 0108 0000 0000 0000 0000  p...P...........
00011010: 0000 0000 0000 0000 0000 0000 0000 0000  ................
00011020: 0000 0000 0000 0000 0000 0000 0000 0000  ................
00011030: 0000 0000 0000 0000 0000 0000 0000 0000  ................
00011040: 0000 0000 0000 0000 0000 0000 0000 0000  ................
00011050: 0000 0000 0000 0000 b011 0020 b811 0020  ........... ... 
00011060: d5a7 0008 ffff ffff ffff 0000 ffff 0000  ................
00011070: 0201 0100 1a00 1a1a 0119 1a1b 1c1d 1e1f  ................
00011080: 2021 2201 140a 1e01 5008 2803 0102 0100   !".....P.(.....
00011090: d1dd 0008 fddd 0008 07de 0008 11de 0008  ................
000110a0: 1bde 0008 0000 0000 0000 0000 0200 0000  ................
000110b0: 0000 0000 0000 0000 0000 0000 0000 0000  ................
000110c0: 0000 0000 0000 0000 0000 0000 0000 0000  ................
000110d0: 0000 0000 0000 0000 0000 0000 0000 0000  ................
000110e0: 0000 0000 0000 0000 0000 0000 0600 0000  ................
000110f0: 0000 0000 0000 0000 0300 0000 0000 0000  ................
00011100: 0000 0000 0000 0000 0000 0000 0000 0000  ................
00011110: 0000 0000 0000 0000 0000 0000 0000 0000  ................
00011120: 0000 0000 0000 0000 0000 0000 0000 0000  ................
00011130: 0000 0000 0000 0000 0300 0000 0000 0000  ................
00011140: 0000 0000 0000 0000 0000 0000 0000 0000  ................
00011150: 0000 0000 0000 0000 0000 0000 0000 0000  ................
00011160: 0000 0000 0000 0000 0000 0000 0000 0000  ................
00011170: 0000 0000 0000 0000 0000 0000 0000 0000  ................
00011180: 0000 0000 2000 0000 480d 0020 940d 0020  .... ...H.. ... 
00011190: 1de3 0008 fde2 0008 33e3 0008 15e4 0008  ........3.......
000111a0: 31e4 0008 3de4 0008 0000 0000 0000 0000  1...=...........
000111b0: 0400 0000 0000 0000 0000 0000 0000 0000  ................
000111c0: 0000 0000 0000 0000 0000 0000 0000 0000  ................
000111d0: 0000 0000 0000 0000 0000 0000 0000 0000  ................
000111e0: 0000 0000 0000 0000 0000 0000 0000 0000  ................
000111f0: 0300 0000 0000 0000 0000 0000 0600 0000  ................
00011200: 0000 0000 0000 0000 0000 0000 0000 0000  ................
00011210: 0000 0000 0000 0000 0000 0000 0000 0000  ................
00011220: 0000 0000 0000 0000 0000 0000 0000 0000  ................
00011230: 0000 0000 0000 0000 0000 0000 2000 0000  ............ ...
00011240: 0000 0000 0000 0000 b00c 0020 fc0c 0020  ........... ... 
00011250: b40d 0020 0000 0000 000e 0020 0000 0000  ... ....... ....
00011260: 0000 0000 4c0e 0020 79e3 0008 51e3 0008  ....L.. y...Q...
00011270: 95e3 0008 8de4 0008 b1e4 0008 c9e4 0008  ................
00011280: 0000 0000 0000 0000 0000 0000 0000 0000  ................
00011290: 0000 0000 0000 0000 0000 0000 0000 0000  ................
000112a0: 0000 0000 0000 0000 0000 0000 0000 0000  ................
000112b0: 0000 0000 0000 0000 0000 0000 0000 0000  ................
000112c0: 0000 0000 0000 0000 0800 0000 8c0e 0020  ............... 
000112d0: d80e 0020 1de3 0008 fde2 0008 33e3 0008  ... ........3...
000112e0: 15e4 0008 31e4 0008 3de4 0008 0102 0000  ....1...=.......
000112f0: 0000 0000 0000 0000 0000 0000 0000 0000  ................
00011300: 0000 0000 0000 0000 0000 0000 0000 0000  ................
00011310: 0000 0000 0000 0000 0000 0000 0000 0000  ................
00011320: 0000 0000 0000 0000 0300 0000 0000 0000  ................
00011330: 03e1 0008 0000 0000 2000 0000 0000 0000  ........ .......
00011340: 0000 0000 0200 0000 0000 0000 0000 0000  ................
00011350: 0000 0000 0000 0000 0000 0000 0000 0000  ................
00011360: d827 0020 0400 0000 0400 0000 2000 0000  .'. ........ ...
00011370: 6424 0020 0000 0000 0000 0000 700e 0020  d$. ........p.. 
00011380: 0000 0000 0000 0000 0000 0000 0000 0000  ................
00011390: 0000 0000 0000 0000 0000 0000 0000 0000  ................
000113a0: 0000 0000 0000 0000 0000 0000 0000 0000  ................
000113b0: 0000 0000 0000 0000 0300 0000 0000 0000  ................
000113c0: 03e1 0008 0000 0000 0800 0000 0000 0000  ................
000113d0: 0000 0000 0200 0000 0000 0000 0000 0000  ................
000113e0: 0000 0000 0000 0000 0000 0000 0000 0000  ................
000113f0: d827 0020 0100 0000 0400 0000 0800 0000  .'. ............
00011400: 1423 0020 0000 0000 0000 0000 dc0e 0020  .#. ........... 
00011410: 0000 0000 0000 0000 0000 0000 0000 0000  ................
00011420: 0000 0000 0000 0000 0000 0000 0000 0000  ................
00011430: 0000 0000 0000 0000 0000 0000 0000 0000  ................
00011440: 0000 0000 0000 0000 0300 0000 0000 0000  ................
00011450: 03e1 0008 0000 0000 2000 0000 0000 0000  ........ .......
00011460: 0000 0000 0200 0000 0000 0000 0000 0000  ................
00011470: 0000 0000 0000 0000 0000 0000 0000 0000  ................
00011480: d827 0020 0200 0000 0400 0000 2000 0000  .'. ........ ...
00011490: 4423 0020 0000 0000 0000 0000 980d 0020  D#. ........... 
000114a0: 0000 0000 0000 0000 0000 0000 0000 0000  ................
000114b0: 0000 0000 0000 0000 0000 0000 0000 0000  ................
000114c0: 0000 0000 0000 0000 0000 0000 0000 0000  ................
000114d0: 0000 0000 0000 0000 0300 0000 0000 0000  ................
000114e0: 0000 0000 99e1 0008 0000 2000 0000 0000  .......... .....
000114f0: 0000 0000 0200 0000 0000 0000 0000 0000  ................
00011500: 0000 0000 0000 0000 0000 0000 0000 0000  ................
00011510: d827 0020 0300 0000 0400 0000 2000 0000  .'. ........ ...
00011520: d423 0020 0000 0000 0000 0000 0000 0000  .#. ............
00011530: 0000 0000 0000 0000 0000 0000 0000 0000  ................
00011540: 0000 0000 0000 0000 0000 0000 0000 0000  ................
00011550: 0000 0000 0000 0000 0000 0000 0000 0000  ................
00011560: 0000 0000 0000 0000 0000 0000 0000 0000  ................
00011570: 0000 0000 0000 0000 0000 0000 0000 0000  ................
00011580: 0000 0000 0000 0000 0000 0000 0000 0000  ................
00011590: 0000 0000 0000 0000 0000 0000 0000 0000  ................
000115a0: 0000 0000 0000 0000 0000 0000 0000 0000  ................
000115b0: 0000 0000 0000 0000 0000 0000 0000 0000  ................
000115c0: 0000 0000 0000 0000 0000 0000 0000 0000  ................
000115d0: 0000 0000 0000 0000 0000 0000 0000 0000  ................
000115e0: 0000 0000 0000 0000 0000 0000 0000 0000  ................
000115f0: 0000 0000 0000 0000 0000 0000 0000 0000  ................
00011600: ffff ffff ffff ffff ffff ffff ffff ffff  ................
00011610: ffff ffff ffff ffff ffff ffff ffff ffff  ................
00011620: ffff ffff ffff ffff ffff ffff ffff ffff  ................
00011630: ffff ffff ffff ffff ffff ffff ffff ffff  ................
00011640: ffff ffff ffff ffff ffff ffff ffff ffff  ................
00011650: ffff ffff ffff ffff ffff ffff ffff ffff  ................
00011660: ffff ffff ffff ffff ffff ffff ffff ffff  ................
00011670: ffff ffff ffff ffff ffff ffff ffff ffff  ................
00011680: ffff ffff ffff ffff ffff ffff ffff ffff  ................
00011690: ffff ffff ffff ffff ffff ffff ffff ffff  ................
000116a0: ffff ffff ffff ffff ffff ffff ffff ffff  ................
000116b0: ffff ffff ffff ffff ffff ffff ffff ffff  ................
000116c0: ffff ffff ffff ffff ffff ffff ffff ffff  ................
000116d0: ffff ffff ffff ffff ffff ffff ffff ffff  ................
000116e0: ffff ffff ffff ffff ffff ffff ffff ffff  ................
000116f0: ffff ffff ffff ffff ffff ffff ffff ffff  ................
00011700: ffff ffff ffff ffff ffff ffff ffff ffff  ................
00011710: ffff ffff ffff ffff ffff ffff ffff ffff  ................
00011720: ffff ffff ffff ffff ffff ffff ffff ffff  ................
00011730: ffff ffff ffff ffff ffff ffff ffff ffff  ................
00011740: ffff ffff ffff ffff ffff ffff ffff ffff  ................
00011750: ffff ffff ffff ffff ffff ffff ffff ffff  ................
00011760: ffff ffff ffff ffff ffff ffff ffff ffff  ................
00011770: ffff ffff ffff ffff ffff ffff ffff ffff  ................
00011780: ffff ffff ffff ffff ffff ffff ffff ffff  ................
00011790: ffff ffff ffff ffff ffff ffff ffff ffff  ................
000117a0: ffff ffff ffff ffff ffff ffff ffff ffff  ................
000117b0: ffff ffff ffff ffff ffff ffff ffff ffff  ................
000117c0: ffff ffff ffff ffff ffff ffff ffff ffff  ................
000117d0: ffff ffff ffff ffff ffff ffff ffff ffff  ................
000117e0: ffff ffff ffff ffff ffff ffff ffff ffff  ................
000117f0: ffff ffff ffff ffff ffff ffff ffff ffff  ................
00011800: 0000 0000 0000 0000 0000 0000 0000 0000  ................
00011810: 0000 0000 0000 0000 0000 0000 0000 0000  ................
00011820: 0000 0000 0000 0000 0000 0000 0000 0000  ................
00011830: 0000 0000 0000 0000 0000 0000 0000 0000  ................
00011840: 0000 0000 0000 0000 2000 0000 0000 0000  ........ .......
00011850: 0000 0000 0000 0000 0000 0000 0000 0000  ................
00011860: 0000 0000 0000 0000 0000 0000 0000 0000  ................
00011870: 0000 0000 0000 0000 0000 0000 0000 0000  ................
00011880: 0000 0000 0000 0000 0000 0000 0000 0000  ................
00011890: 0000 0000 0800 0000 0000 0000 0000 0000  ................
000118a0: 0600 0000 0000 0000 0000 0000 0000 0000  ................
000118b0: 0000 0000 0000 0000 0000 0000 0000 0000  ................
000118c0: 0000 0000 0000 0000 0000 0000 0000 0000  ................
000118d0: 0000 0000 0000 0000 0000 0000 0000 0000  ................
000118e0: 2000 0000 0000 0000 0000 0000 0400 0000   ...............
000118f0: 0000 0000 0000 0000 0000 0000 0000 0000  ................
00011900: 0000 0000 0000 0000 0000 0000 0000 0000  ................
00011910: 0000 0000 0000 0000 0000 0000 0000 0000  ................
00011920: 0000 0000 0000 0000 0000 0000 0300 0000  ................
00011930: 0000 0000 0000 0000 0300 0000 0000 0000  ................
00011940: 0000 0000 0000 0000 0000 0000 0000 0000  ................
00011950: 0000 0000 0000 0000 0000 0000 0000 0000  ................
00011960: 0000 0000 0000 0000 0000 0000 0000 0000  ................
00011970: 0000 0000 0000 0000 0300 0000 0000 0000  ................
00011980: 0000 0000 0200 0000 0000 0000 0000 0000  ................
00011990: 0000 0000 0000 0000 0000 0000 0000 0000  ................
000119a0: 0000 0000 0000 0000 0000 0000 0000 0000  ................
000119b0: 0000 0000 0000 0000 0000 0000 0000 0000  ................
000119c0: 0000 0000 0600 0000 000c 0020 4c0c 0020  ........... L.. 
000119d0: 0000 0000 0000 0000 7c0d 0020 300d 0020  ........|.. 0.. 
000119e0: e40c 0020 0000 0000 980c 0020 0000 0000  ... ....... ....
000119f0: 0000 0000 c80d 0020 218f 0008 018f 0008  ....... !.......
00011a00: dd8f 0008 6d88 0008 8988 0008 9588 0008  ....m...........
00011a10: cc0d 0020 218f 0008 018f 0008 dd8f 0008  ... !...........
00011a20: 6d88 0008 8988 0008 9588 0008 d00d 0020  m.............. 
00011a30: 618f 0008 398f 0008 f98f 0008 e588 0008  a...9...........
00011a40: 0989 0008 2189 0008 2808 1e0a 0101 0201  ....!...(.......
00011a50: 191a 1b1c 1d1e 1f20 2122 0000 e17a 0008  ....... !"...z..
00011a60: ffff ffff ffff 0000 ffff 0000 2d88 0008  ............-...
00011a70: 1f90 0008 2990 0008 3390 0008 3d90 0008  ....)...3...=...
00011a80: af00 0150 0114 0000 0000 0000 0000 0000  ...P............
00011a90: 0000 0000 0000 0000 0000 0000 0000 0000  ................
00011aa0: 0000 0000 0000 0000 0000 0000 0000 0000  ................
00011ab0: 0000 0000 0000 0000 0000 0000 0000 0000  ................
00011ac0: 0300 0000 0000 0000 b19a 0008 0000 0000  ................
00011ad0: 2000 0000 0000 0000 0000 0000 0200 0000   ...............
00011ae0: 0000 0000 0000 0000 0000 0000 0000 0000  ................
00011af0: 0000 0000 0000 0000 202a 0020 0400 0000  ........ *. ....
00011b00: 0400 0000 2000 0000 f012 0020 0000 0000  .... ...... ....
00011b10: 0000 0000 2c0e 0020 0000 0000 0000 0000  ....,.. ........
00011b20: 0000 0000 0000 0000 0000 0000 0000 0000  ................
00011b30: 0000 0000 0000 0000 0000 0000 0000 0000  ................
00011b40: 0000 0000 0000 0000 0000 0000 0000 0000  ................
00011b50: 0300 0000 0000 0000 b19a 0008 0000 0000  ................
00011b60: 0800 0000 0000 0000 0000 0000 0200 0000  ................
00011b70: 0000 0000 0000 0000 0000 0000 0000 0000  ................
00011b80: 0000 0000 0000 0000 202a 0020 0100 0000  ........ *. ....
00011b90: 0400 0000 0800 0000 c012 0020 0000 0000  ........... ....
00011ba0: 0000 0000 100e 0020 0000 0000 0000 0000  ....... ........
00011bb0: 0000 0000 0000 0000 0000 0000 0000 0000  ................
00011bc0: 0000 0000 0000 0000 0000 0000 0000 0000  ................
00011bd0: 0000 0000 0000 0000 0000 0000 0000 0000  ................
00011be0: 0300 0000 0000 0000 b19a 0008 0000 0000  ................
00011bf0: 2000 0000 0000 0000 0000 0000 0200 0000   ...............
00011c00: 0000 0000 0000 0000 0000 0000 0000 0000  ................
00011c10: 0000 0000 0000 0000 202a 0020 0200 0000  ........ *. ....
00011c20: 0400 0000 2000 0000 3012 0020 0000 0000  .... ...0.. ....
00011c30: 0000 0000 f40d 0020 0000 0000 0000 0000  ....... ........
00011c40: 0000 0000 0000 0000 0000 0000 0000 0000  ................
00011c50: 0000 0000 0000 0000 0000 0000 0000 0000  ................
00011c60: 0000 0000 0000 0000 0000 0000 0000 0000  ................
00011c70: 0300 0000 0000 0000 0000 0000 619b 0008  ............a...
00011c80: 0000 2000 0000 0000 0000 0000 0200 0000  .. .............
00011c90: 0000 0000 0000 0000 0000 0000 0000 0000  ................
00011ca0: 0000 0000 0000 0000 202a 0020 0300 0000  ........ *. ....
00011cb0: 0400 0000 2000 0000 8013 0020 0000 0000  .... ...... ....
00011cc0: 0101 0101 c810 0020 0000 0000 f834 0020  ....... .....4. 
00011cd0: 6035 0020 c835 0020 0000 0000 0000 0000  `5. .5. ........
00011ce0: 0000 0000 0000 0000 0000 0000 0000 0000  ................
00011cf0: 0000 0000 0000 0000 0000 0000 0000 0000  ................
00011d00: 0000 0000 0000 0000 0000 0000 0000 0000  ................
00011d10: 0000 0000 0000 0000 0300 0000 f834 0020  .............4. 
00011d20: 0000 0000 0000 0000 0000 0000 0000 0000  ................
00011d30: 0000 0000 0000 0000 0000 0000 0000 0000  ................
00011d40: 0000 0000 0000 0000 0000 0000 0000 0000  ................
00011d50: 0000 0000 0000 0000 0000 0000 0000 0000  ................
00011d60: 0000 0000 0000 0000 0000 0000 0000 0000  ................
00011d70: 0000 0000 0000 0000 0000 0000 0000 0000  ................
00011d80: 0000 0000 0000 0000 0000 0000 0000 0000  ................
00011d90: 0000 0000 0000 0000 0000 0000 0000 0000  ................
00011da0: 0000 0000 0000 0000 0000 0000 0000 0000  ................
00011db0: 0000 0000 0000 0000 0000 0000 0000 0000  ................
00011dc0: 0000 0000 0000 0000 0000 0000 0000 0000  ................
00011dd0: 0000 0000 0000 0000 0000 0000 0000 0000  ................
00011de0: 0000 0000 0000 0000 0000 0000 0000 0000  ................
00011df0: 0000 0000 0000 0000 0000 0000 0000 0000  ................
00011e00: ffff ffff ffff ffff ffff ffff ffff ffff  ................
00011e10: ffff ffff ffff ffff ffff ffff ffff ffff  ................
00011e20: ffff ffff ffff ffff ffff ffff ffff ffff  ................
00011e30: ffff ffff ffff ffff ffff ffff ffff ffff  ................
00011e40: ffff ffff ffff ffff ffff ffff ffff ffff  ................
00011e50: ffff ffff ffff ffff ffff ffff ffff ffff  ................
00011e60: ffff ffff ffff ffff ffff ffff ffff ffff  ................
00011e70: ffff ffff ffff ffff ffff ffff ffff ffff  ................
00011e80: ffff ffff ffff ffff ffff ffff ffff ffff  ................
00011e90: ffff ffff ffff ffff ffff ffff ffff ffff  ................
00011ea0: ffff ffff ffff ffff ffff ffff ffff ffff  ................
00011eb0: ffff ffff ffff ffff ffff ffff ffff ffff  ................
00011ec0: ffff ffff ffff ffff ffff ffff ffff ffff  ................
00011ed0: ffff ffff ffff ffff ffff ffff ffff ffff  ................
00011ee0: ffff ffff ffff ffff ffff ffff ffff ffff  ................
00011ef0: ffff ffff ffff ffff ffff ffff ffff ffff  ................
00011f00: ffff ffff ffff ffff ffff ffff ffff ffff  ................
00011f10: ffff ffff ffff ffff ffff ffff ffff ffff  ................
00011f20: ffff ffff ffff ffff ffff ffff ffff ffff  ................
00011f30: ffff ffff ffff ffff ffff ffff ffff ffff  ................
00011f40: ffff ffff ffff ffff ffff ffff ffff ffff  ................
00011f50: ffff ffff ffff ffff ffff ffff ffff ffff  ................
00011f60: ffff ffff ffff ffff ffff ffff ffff ffff  ................
00011f70: ffff ffff ffff ffff ffff ffff ffff ffff  ................
00011f80: ffff ffff ffff ffff ffff ffff ffff ffff  ................
00011f90: ffff ffff ffff ffff ffff ffff ffff ffff  ................
00011fa0: ffff ffff ffff ffff ffff ffff ffff ffff  ................
00011fb0: ffff ffff ffff ffff ffff ffff ffff ffff  ................
00011fc0: ffff ffff ffff ffff ffff ffff ffff ffff  ................
00011fd0: ffff ffff ffff ffff ffff ffff ffff ffff  ................
00011fe0: ffff ffff ffff ffff ffff ffff ffff ffff  ................
00011ff0: ffff ffff ffff ffff ffff ffff ffff ffff  ................
00012000: ffff ffff ffff ffff ffff ffff ffff ffff  ................
00012010: ffff ffff ffff ffff ffff ffff ffff ffff  ................
00012020: ffff ffff ffff ffff ffff ffff ffff ffff  ................
00012030: ffff ffff ffff ffff ffff ffff ffff ffff  ................
00012040: ffff ffff ffff ffff ffff ffff ffff ffff  ................
00012050: ffff ffff ffff ffff ffff ffff ffff ffff  ................
00012060: ffff ffff ffff ffff ffff ffff ffff ffff  ................
00012070: ffff ffff ffff ffff ffff ffff ffff ffff  ................
00012080: ffff ffff ffff ffff ffff ffff ffff ffff  ................
00012090: ffff ffff ffff ffff ffff ffff ffff ffff  ................
000120a0: ffff ffff ffff ffff ffff ffff ffff ffff  ................
000120b0: ffff ffff ffff ffff ffff ffff ffff ffff  ................
000120c0: ffff ffff ffff ffff ffff ffff ffff ffff  ................
000120d0: ffff ffff ffff ffff ffff ffff ffff ffff  ................
000120e0: ffff ffff ffff ffff ffff ffff ffff ffff  ................
000120f0: ffff ffff ffff ffff ffff ffff ffff ffff  ................
00012100: ffff ffff ffff ffff ffff ffff ffff ffff  ................
00012110: ffff ffff ffff ffff ffff ffff ffff ffff  ................
00012120: ffff ffff ffff ffff ffff ffff ffff ffff  ................
00012130: ffff ffff ffff ffff ffff ffff ffff ffff  ................
00012140: ffff ffff ffff ffff ffff ffff ffff ffff  ................
00012150: ffff ffff ffff ffff ffff ffff ffff ffff  ................
00012160: ffff ffff ffff ffff ffff ffff ffff ffff  ................
00012170: ffff ffff ffff ffff ffff ffff ffff ffff  ................
00012180: ffff ffff ffff ffff ffff ffff ffff ffff  ................
00012190: ffff ffff ffff ffff ffff ffff ffff ffff  ................
000121a0: ffff ffff ffff ffff ffff ffff ffff ffff  ................
000121b0: ffff ffff ffff ffff ffff ffff ffff ffff  ................
000121c0: ffff ffff ffff ffff ffff ffff ffff ffff  ................
000121d0: ffff ffff ffff ffff ffff ffff ffff ffff  ................
000121e0: ffff ffff ffff ffff ffff ffff ffff ffff  ................
000121f0: ffff ffff ffff ffff ffff ffff ffff ffff  ................
00012200: ffff ffff ffff ffff ffff ffff ffff ffff  ................
00012210: ffff ffff ffff ffff ffff ffff ffff ffff  ................
00012220: ffff ffff ffff ffff ffff ffff ffff ffff  ................
00012230: ffff ffff ffff ffff ffff ffff ffff ffff  ................
00012240: ffff ffff ffff ffff ffff ffff ffff ffff  ................
00012250: ffff ffff ffff ffff ffff ffff ffff ffff  ................
00012260: ffff ffff ffff ffff ffff ffff ffff ffff  ................
00012270: ffff ffff ffff ffff ffff ffff ffff ffff  ................
00012280: ffff ffff ffff ffff ffff ffff ffff ffff  ................
00012290: ffff ffff ffff ffff ffff ffff ffff ffff  ................
000122a0: ffff ffff ffff ffff ffff ffff ffff ffff  ................
000122b0: ffff ffff ffff ffff ffff ffff ffff ffff  ................
000122c0: ffff ffff ffff ffff ffff ffff ffff ffff  ................
000122d0: ffff ffff ffff ffff ffff ffff ffff ffff  ................
000122e0: ffff ffff ffff ffff ffff ffff ffff ffff  ................
000122f0: ffff ffff ffff ffff ffff ffff ffff ffff  ................
00012300: ffff ffff ffff ffff ffff ffff ffff ffff  ................
00012310: ffff ffff ffff ffff ffff ffff ffff ffff  ................
00012320: ffff ffff ffff ffff ffff ffff ffff ffff  ................
00012330: ffff ffff ffff ffff ffff ffff ffff ffff  ................
00012340: ffff ffff ffff ffff ffff ffff ffff ffff  ................
00012350: ffff ffff ffff ffff ffff ffff ffff ffff  ................
00012360: ffff ffff ffff ffff ffff ffff ffff ffff  ................
00012370: ffff ffff ffff ffff ffff ffff ffff ffff  ................
00012380: ffff ffff ffff ffff ffff ffff ffff ffff  ................
00012390: ffff ffff ffff ffff ffff ffff ffff ffff  ................
000123a0: ffff ffff ffff ffff ffff ffff ffff ffff  ................
000123b0: ffff ffff ffff ffff ffff ffff ffff ffff  ................
000123c0: ffff ffff ffff ffff ffff ffff ffff ffff  ................
000123d0: ffff ffff ffff ffff ffff ffff ffff ffff  ................
000123e0: ffff ffff ffff ffff ffff ffff ffff ffff  ................
000123f0: ffff ffff ffff ffff ffff ffff ffff ffff  ................
00012400: ffff ffff ffff ffff ffff ffff ffff ffff  ................
00012410: ffff ffff ffff ffff ffff ffff ffff ffff  ................
00012420: ffff ffff ffff ffff ffff ffff ffff ffff  ................
00012430: ffff ffff ffff ffff ffff ffff ffff ffff  ................
00012440: ffff ffff ffff ffff ffff ffff ffff ffff  ................
00012450: ffff ffff ffff ffff ffff ffff ffff ffff  ................
00012460: ffff ffff ffff ffff ffff ffff ffff ffff  ................
00012470: ffff ffff ffff ffff ffff ffff ffff ffff  ................
00012480: ffff ffff ffff ffff ffff ffff ffff ffff  ................
00012490: ffff ffff ffff ffff ffff ffff ffff ffff  ................
000124a0: ffff ffff ffff ffff ffff ffff ffff ffff  ................
000124b0: ffff ffff ffff ffff ffff ffff ffff ffff  ................
000124c0: ffff ffff ffff ffff ffff ffff ffff ffff  ................
000124d0: ffff ffff ffff ffff ffff ffff ffff ffff  ................
000124e0: ffff ffff ffff ffff ffff ffff ffff ffff  ................
000124f0: ffff ffff ffff ffff ffff ffff ffff ffff  ................
00012500: ffff ffff ffff ffff ffff ffff ffff ffff  ................
00012510: ffff ffff ffff ffff ffff ffff ffff ffff  ................
00012520: ffff ffff ffff ffff ffff ffff ffff ffff  ................
00012530: ffff ffff ffff ffff ffff ffff ffff ffff  ................
00012540: ffff ffff ffff ffff ffff ffff ffff ffff  ................
00012550: ffff ffff ffff ffff ffff ffff ffff ffff  ................
00012560: ffff ffff ffff ffff ffff ffff ffff ffff  ................
00012570: ffff ffff ffff ffff ffff ffff ffff ffff  ................
00012580: ffff ffff ffff ffff ffff ffff ffff ffff  ................
00012590: ffff ffff ffff ffff ffff ffff ffff ffff  ................
000125a0: ffff ffff ffff ffff ffff ffff ffff ffff  ................
000125b0: ffff ffff ffff ffff ffff ffff ffff ffff  ................
000125c0: ffff ffff ffff ffff ffff ffff ffff ffff  ................
000125d0: ffff ffff ffff ffff ffff ffff ffff ffff  ................
000125e0: ffff ffff ffff ffff ffff ffff ffff ffff  ................
000125f0: ffff ffff ffff ffff ffff ffff ffff ffff  ................
00012600: ffff ffff ffff ffff ffff ffff ffff ffff  ................
00012610: ffff ffff ffff ffff ffff ffff ffff ffff  ................
00012620: ffff ffff ffff ffff ffff ffff ffff ffff  ................
00012630: ffff ffff ffff ffff ffff ffff ffff ffff  ................
00012640: ffff ffff ffff ffff ffff ffff ffff ffff  ................
00012650: ffff ffff ffff ffff ffff ffff ffff ffff  ................
00012660: ffff ffff ffff ffff ffff ffff ffff ffff  ................
00012670: ffff ffff ffff ffff ffff ffff ffff ffff  ................
00012680: ffff ffff ffff ffff ffff ffff ffff ffff  ................
00012690: ffff ffff ffff ffff ffff ffff ffff ffff  ................
000126a0: ffff ffff ffff ffff ffff ffff ffff ffff  ................
000126b0: ffff ffff ffff ffff ffff ffff ffff ffff  ................
000126c0: ffff ffff ffff ffff ffff ffff ffff ffff  ................
000126d0: ffff ffff ffff ffff ffff ffff ffff ffff  ................
000126e0: ffff ffff ffff ffff ffff ffff ffff ffff  ................
000126f0: ffff ffff ffff ffff ffff ffff ffff ffff  ................
00012700: ffff ffff ffff ffff ffff ffff ffff ffff  ................
00012710: ffff ffff ffff ffff ffff ffff ffff ffff  ................
00012720: ffff ffff ffff ffff ffff ffff ffff ffff  ................
00012730: ffff ffff ffff ffff ffff ffff ffff ffff  ................
00012740: ffff ffff ffff ffff ffff ffff ffff ffff  ................
00012750: ffff ffff ffff ffff ffff ffff ffff ffff  ................
00012760: ffff ffff ffff ffff ffff ffff ffff ffff  ................
00012770: ffff ffff ffff ffff ffff ffff ffff ffff  ................
00012780: ffff ffff ffff ffff ffff ffff ffff ffff  ................
00012790: ffff ffff ffff ffff ffff ffff ffff ffff  ................
000127a0: ffff ffff ffff ffff ffff ffff ffff ffff  ................
000127b0: ffff ffff ffff ffff ffff ffff ffff ffff  ................
000127c0: ffff ffff ffff ffff ffff ffff ffff ffff  ................
000127d0: ffff ffff ffff ffff ffff ffff ffff ffff  ................
000127e0: ffff ffff ffff ffff ffff ffff ffff ffff  ................
000127f0: ffff ffff ffff ffff ffff ffff ffff ffff  ................
00012800: ffff ffff ffff ffff ffff ffff ffff ffff  ................
00012810: ffff ffff ffff ffff ffff ffff ffff ffff  ................
00012820: ffff ffff ffff ffff ffff ffff ffff ffff  ................
00012830: ffff ffff ffff ffff ffff ffff ffff ffff  ................
00012840: ffff ffff ffff ffff ffff ffff ffff ffff  ................
00012850: ffff ffff ffff ffff ffff ffff ffff ffff  ................
00012860: ffff ffff ffff ffff ffff ffff ffff ffff  ................
00012870: ffff ffff ffff ffff ffff ffff ffff ffff  ................
00012880: ffff ffff ffff ffff ffff ffff ffff ffff  ................
00012890: ffff ffff ffff ffff ffff ffff ffff ffff  ................
000128a0: ffff ffff ffff ffff ffff ffff ffff ffff  ................
000128b0: ffff ffff ffff ffff ffff ffff ffff ffff  ................
000128c0: ffff ffff ffff ffff ffff ffff ffff ffff  ................
000128d0: ffff ffff ffff ffff ffff ffff ffff ffff  ................
000128e0: ffff ffff ffff ffff ffff ffff ffff ffff  ................
000128f0: ffff ffff ffff ffff ffff ffff ffff ffff  ................
00012900: ffff ffff ffff ffff ffff ffff ffff ffff  ................
00012910: ffff ffff ffff ffff ffff ffff ffff ffff  ................
00012920: ffff ffff ffff ffff ffff ffff ffff ffff  ................
00012930: ffff ffff ffff ffff ffff ffff ffff ffff  ................
00012940: ffff ffff ffff ffff ffff ffff ffff ffff  ................
00012950: ffff ffff ffff ffff ffff ffff ffff ffff  ................
00012960: ffff ffff ffff ffff ffff ffff ffff ffff  ................
00012970: ffff ffff ffff ffff ffff ffff ffff ffff  ................
00012980: ffff ffff ffff ffff ffff ffff ffff ffff  ................
00012990: ffff ffff ffff ffff ffff ffff ffff ffff  ................
000129a0: ffff ffff ffff ffff ffff ffff ffff ffff  ................
000129b0: ffff ffff ffff ffff ffff ffff ffff ffff  ................
000129c0: ffff ffff ffff ffff ffff ffff ffff ffff  ................
000129d0: ffff ffff ffff ffff ffff ffff ffff ffff  ................
000129e0: ffff ffff ffff ffff ffff ffff ffff ffff  ................
000129f0: ffff ffff ffff ffff ffff ffff ffff ffff  ................
00012a00: ffff ffff ffff ffff ffff ffff ffff ffff  ................
00012a10: ffff ffff ffff ffff ffff ffff ffff ffff  ................
00012a20: ffff ffff ffff ffff ffff ffff ffff ffff  ................
00012a30: ffff ffff ffff ffff ffff ffff ffff ffff  ................
00012a40: ffff ffff ffff ffff ffff ffff ffff ffff  ................
00012a50: ffff ffff ffff ffff ffff ffff ffff ffff  ................
00012a60: ffff ffff ffff ffff ffff ffff ffff ffff  ................
00012a70: ffff ffff ffff ffff ffff ffff ffff ffff  ................
00012a80: ffff ffff ffff ffff ffff ffff ffff ffff  ................
00012a90: ffff ffff ffff ffff ffff ffff ffff ffff  ................
00012aa0: ffff ffff ffff ffff ffff ffff ffff ffff  ................
00012ab0: ffff ffff ffff ffff ffff ffff ffff ffff  ................
00012ac0: ffff ffff ffff ffff ffff ffff ffff ffff  ................
00012ad0: ffff ffff ffff ffff ffff ffff ffff ffff  ................
00012ae0: ffff ffff ffff ffff ffff ffff ffff ffff  ................
00012af0: ffff ffff ffff ffff ffff ffff ffff ffff  ................
00012b00: ffff ffff ffff ffff ffff ffff ffff ffff  ................
00012b10: ffff ffff ffff ffff ffff ffff ffff ffff  ................
00012b20: ffff ffff ffff ffff ffff ffff ffff ffff  ................
00012b30: ffff ffff ffff ffff ffff ffff ffff ffff  ................
00012b40: ffff ffff ffff ffff ffff ffff ffff ffff  ................
00012b50: ffff ffff ffff ffff ffff ffff ffff ffff  ................
00012b60: ffff ffff ffff ffff ffff ffff ffff ffff  ................
00012b70: ffff ffff ffff ffff ffff ffff ffff ffff  ................
00012b80: ffff ffff ffff ffff ffff ffff ffff ffff  ................
00012b90: ffff ffff ffff ffff ffff ffff ffff ffff  ................
00012ba0: ffff ffff ffff ffff ffff ffff ffff ffff  ................
00012bb0: ffff ffff ffff ffff ffff ffff ffff ffff  ................
00012bc0: ffff ffff ffff ffff ffff ffff ffff ffff  ................
00012bd0: ffff ffff ffff ffff ffff ffff ffff ffff  ................
00012be0: ffff ffff ffff ffff ffff ffff ffff ffff  ................
00012bf0: ffff ffff ffff ffff ffff ffff ffff ffff  ................
00012c00: ffff ffff ffff ffff ffff ffff ffff ffff  ................
00012c10: ffff ffff ffff ffff ffff ffff ffff ffff  ................
00012c20: ffff ffff ffff ffff ffff ffff ffff ffff  ................
00012c30: ffff ffff ffff ffff ffff ffff ffff ffff  ................
00012c40: ffff ffff ffff ffff ffff ffff ffff ffff  ................
00012c50: ffff ffff ffff ffff ffff ffff ffff ffff  ................
00012c60: ffff ffff ffff ffff ffff ffff ffff ffff  ................
00012c70: ffff ffff ffff ffff ffff ffff ffff ffff  ................
00012c80: ffff ffff ffff ffff ffff ffff ffff ffff  ................
00012c90: ffff ffff ffff ffff ffff ffff ffff ffff  ................
00012ca0: ffff ffff ffff ffff ffff ffff ffff ffff  ................
00012cb0: ffff ffff ffff ffff ffff ffff ffff ffff  ................
00012cc0: ffff ffff ffff ffff ffff ffff ffff ffff  ................
00012cd0: ffff ffff ffff ffff ffff ffff ffff ffff  ................
00012ce0: ffff ffff ffff ffff ffff ffff ffff ffff  ................
00012cf0: ffff ffff ffff ffff ffff ffff ffff ffff  ................
00012d00: ffff ffff ffff ffff ffff ffff ffff ffff  ................
00012d10: ffff ffff ffff ffff ffff ffff ffff ffff  ................
00012d20: ffff ffff ffff ffff ffff ffff ffff ffff  ................
00012d30: ffff ffff ffff ffff ffff ffff ffff ffff  ................
00012d40: ffff ffff ffff ffff ffff ffff ffff ffff  ................
00012d50: ffff ffff ffff ffff ffff ffff ffff ffff  ................
00012d60: ffff ffff ffff ffff ffff ffff ffff ffff  ................
00012d70: ffff ffff ffff ffff ffff ffff ffff ffff  ................
00012d80: ffff ffff ffff ffff ffff ffff ffff ffff  ................
00012d90: ffff ffff ffff ffff ffff ffff ffff ffff  ................
00012da0: ffff ffff ffff ffff ffff ffff ffff ffff  ................
00012db0: ffff ffff ffff ffff ffff ffff ffff ffff  ................
00012dc0: ffff ffff ffff ffff ffff ffff ffff ffff  ................
00012dd0: ffff ffff ffff ffff ffff ffff ffff ffff  ................
00012de0: ffff ffff ffff ffff ffff ffff ffff ffff  ................
00012df0: ffff ffff ffff ffff ffff ffff ffff ffff  ................
00012e00: ffff ffff ffff ffff ffff ffff ffff ffff  ................
00012e10: ffff ffff ffff ffff ffff ffff ffff ffff  ................
00012e20: ffff ffff ffff ffff ffff ffff ffff ffff  ................
00012e30: ffff ffff ffff ffff ffff ffff ffff ffff  ................
00012e40: ffff ffff ffff ffff ffff ffff ffff ffff  ................
00012e50: ffff ffff ffff ffff ffff ffff ffff ffff  ................
00012e60: ffff ffff ffff ffff ffff ffff ffff ffff  ................
00012e70: ffff ffff ffff ffff ffff ffff ffff ffff  ................
00012e80: ffff ffff ffff ffff ffff ffff ffff ffff  ................
00012e90: ffff ffff ffff ffff ffff ffff ffff ffff  ................
00012ea0: ffff ffff ffff ffff ffff ffff ffff ffff  ................
00012eb0: ffff ffff ffff ffff ffff ffff ffff ffff  ................
00012ec0: ffff ffff ffff ffff ffff ffff ffff ffff  ................
00012ed0: ffff ffff ffff ffff ffff ffff ffff ffff  ................
00012ee0: ffff ffff ffff ffff ffff ffff ffff ffff  ................
00012ef0: ffff ffff ffff ffff ffff ffff ffff ffff  ................
00012f00: ffff ffff ffff ffff ffff ffff ffff ffff  ................
00012f10: ffff ffff ffff ffff ffff ffff ffff ffff  ................
00012f20: ffff ffff ffff ffff ffff ffff ffff ffff  ................
00012f30: ffff ffff ffff ffff ffff ffff ffff ffff  ................
00012f40: ffff ffff ffff ffff ffff ffff ffff ffff  ................
00012f50: ffff ffff ffff ffff ffff ffff ffff ffff  ................
00012f60: ffff ffff ffff ffff ffff ffff ffff ffff  ................
00012f70: ffff ffff ffff ffff ffff ffff ffff ffff  ................
00012f80: ffff ffff ffff ffff ffff ffff ffff ffff  ................
00012f90: ffff ffff ffff ffff ffff ffff ffff ffff  ................
00012fa0: ffff ffff ffff ffff ffff ffff ffff ffff  ................
00012fb0: ffff ffff ffff ffff ffff ffff ffff ffff  ................
00012fc0: ffff ffff ffff ffff ffff ffff ffff ffff  ................
00012fd0: ffff ffff ffff ffff ffff ffff ffff ffff  ................
00012fe0: ffff ffff ffff ffff ffff ffff ffff ffff  ................
00012ff0: ffff ffff ffff ffff ffff ffff ffff ffff  ................
00013000: ffff ffff ffff ffff ffff ffff ffff ffff  ................
00013010: ffff ffff ffff ffff ffff ffff ffff ffff  ................
00013020: ffff ffff ffff ffff ffff ffff ffff ffff  ................
00013030: ffff ffff ffff ffff ffff ffff ffff ffff  ................
00013040: ffff ffff ffff ffff ffff ffff ffff ffff  ................
00013050: ffff ffff ffff ffff ffff ffff ffff ffff  ................
00013060: ffff ffff ffff ffff ffff ffff ffff ffff  ................
00013070: ffff ffff ffff ffff ffff ffff ffff ffff  ................
00013080: ffff ffff ffff ffff ffff ffff ffff ffff  ................
00013090: ffff ffff ffff ffff ffff ffff ffff ffff  ................
000130a0: ffff ffff ffff ffff ffff ffff ffff ffff  ................
000130b0: ffff ffff ffff ffff ffff ffff ffff ffff  ................
000130c0: ffff ffff ffff ffff ffff ffff ffff ffff  ................
000130d0: ffff ffff ffff ffff ffff ffff ffff ffff  ................
000130e0: ffff ffff ffff ffff ffff ffff ffff ffff  ................
000130f0: ffff ffff ffff ffff ffff ffff ffff ffff  ................
00013100: ffff ffff ffff ffff ffff ffff ffff ffff  ................
00013110: ffff ffff ffff ffff ffff ffff ffff ffff  ................
00013120: ffff ffff ffff ffff ffff ffff ffff ffff  ................
00013130: ffff ffff ffff ffff ffff ffff ffff ffff  ................
00013140: ffff ffff ffff ffff ffff ffff ffff ffff  ................
00013150: ffff ffff ffff ffff ffff ffff ffff ffff  ................
00013160: ffff ffff ffff ffff ffff ffff ffff ffff  ................
00013170: ffff ffff ffff ffff ffff ffff ffff ffff  ................
00013180: ffff ffff ffff ffff ffff ffff ffff ffff  ................
00013190: ffff ffff ffff ffff ffff ffff ffff ffff  ................
000131a0: ffff ffff ffff ffff ffff ffff ffff ffff  ................
000131b0: ffff ffff ffff ffff ffff ffff ffff ffff  ................
000131c0: ffff ffff ffff ffff ffff ffff ffff ffff  ................
000131d0: ffff ffff ffff ffff ffff ffff ffff ffff  ................
000131e0: ffff ffff ffff ffff ffff ffff ffff ffff  ................
000131f0: ffff ffff ffff ffff ffff ffff ffff ffff  ................
00013200: ffff ffff ffff ffff ffff ffff ffff ffff  ................
00013210: ffff ffff ffff ffff ffff ffff ffff ffff  ................
00013220: ffff ffff ffff ffff ffff ffff ffff ffff  ................
00013230: ffff ffff ffff ffff ffff ffff ffff ffff  ................
00013240: ffff ffff ffff ffff ffff ffff ffff ffff  ................
00013250: ffff ffff ffff ffff ffff ffff ffff ffff  ................
00013260: ffff ffff ffff ffff ffff ffff ffff ffff  ................
00013270: ffff ffff ffff ffff ffff ffff ffff ffff  ................
00013280: ffff ffff ffff ffff ffff ffff ffff ffff  ................
00013290: ffff ffff ffff ffff ffff ffff ffff ffff  ................
000132a0: ffff ffff ffff ffff ffff ffff ffff ffff  ................
000132b0: ffff ffff ffff ffff ffff ffff ffff ffff  ................
000132c0: ffff ffff ffff ffff ffff ffff ffff ffff  ................
000132d0: ffff ffff ffff ffff ffff ffff ffff ffff  ................
000132e0: ffff ffff ffff ffff ffff ffff ffff ffff  ................
000132f0: ffff ffff ffff ffff ffff ffff ffff ffff  ................
00013300: ffff ffff ffff ffff ffff ffff ffff ffff  ................
00013310: ffff ffff ffff ffff ffff ffff ffff ffff  ................
00013320: ffff ffff ffff ffff ffff ffff ffff ffff  ................
00013330: ffff ffff ffff ffff ffff ffff ffff ffff  ................
00013340: ffff ffff ffff ffff ffff ffff ffff ffff  ................
00013350: ffff ffff ffff ffff ffff ffff ffff ffff  ................
00013360: ffff ffff ffff ffff ffff ffff ffff ffff  ................
00013370: ffff ffff ffff ffff ffff ffff ffff ffff  ................
00013380: ffff ffff ffff ffff ffff ffff ffff ffff  ................
00013390: ffff ffff ffff ffff ffff ffff ffff ffff  ................
000133a0: ffff ffff ffff ffff ffff ffff ffff ffff  ................
000133b0: ffff ffff ffff ffff ffff ffff ffff ffff  ................
000133c0: ffff ffff ffff ffff ffff ffff ffff ffff  ................
000133d0: ffff ffff ffff ffff ffff ffff ffff ffff  ................
000133e0: ffff ffff ffff ffff ffff ffff ffff ffff  ................
000133f0: ffff ffff ffff ffff ffff ffff ffff ffff  ................
00013400: ffff ffff ffff ffff ffff ffff ffff ffff  ................
00013410: ffff ffff ffff ffff ffff ffff ffff ffff  ................
00013420: ffff ffff ffff ffff ffff ffff ffff ffff  ................
00013430: ffff ffff ffff ffff ffff ffff ffff ffff  ................
00013440: ffff ffff ffff ffff ffff ffff ffff ffff  ................
00013450: ffff ffff ffff ffff ffff ffff ffff ffff  ................
00013460: ffff ffff ffff ffff ffff ffff ffff ffff  ................
00013470: ffff ffff ffff ffff ffff ffff ffff ffff  ................
00013480: ffff ffff ffff ffff ffff ffff ffff ffff  ................
00013490: ffff ffff ffff ffff ffff ffff ffff ffff  ................
000134a0: ffff ffff ffff ffff ffff ffff ffff ffff  ................
000134b0: ffff ffff ffff ffff ffff ffff ffff ffff  ................
000134c0: ffff ffff ffff ffff ffff ffff ffff ffff  ................
000134d0: ffff ffff ffff ffff ffff ffff ffff ffff  ................
000134e0: ffff ffff ffff ffff ffff ffff ffff ffff  ................
000134f0: ffff ffff ffff ffff ffff ffff ffff ffff  ................
00013500: ffff ffff ffff ffff ffff ffff ffff ffff  ................
00013510: ffff ffff ffff ffff ffff ffff ffff ffff  ................
00013520: ffff ffff ffff ffff ffff ffff ffff ffff  ................
00013530: ffff ffff ffff ffff ffff ffff ffff ffff  ................
00013540: ffff ffff ffff ffff ffff ffff ffff ffff  ................
00013550: ffff ffff ffff ffff ffff ffff ffff ffff  ................
00013560: ffff ffff ffff ffff ffff ffff ffff ffff  ................
00013570: ffff ffff ffff ffff ffff ffff ffff ffff  ................
00013580: ffff ffff ffff ffff ffff ffff ffff ffff  ................
00013590: ffff ffff ffff ffff ffff ffff ffff ffff  ................
000135a0: ffff ffff ffff ffff ffff ffff ffff ffff  ................
000135b0: ffff ffff ffff ffff ffff ffff ffff ffff  ................
000135c0: ffff ffff ffff ffff ffff ffff ffff ffff  ................
000135d0: ffff ffff ffff ffff ffff ffff ffff ffff  ................
000135e0: ffff ffff ffff ffff ffff ffff ffff ffff  ................
000135f0: ffff ffff ffff ffff ffff ffff ffff ffff  ................
00013600: ffff ffff ffff ffff ffff ffff ffff ffff  ................
00013610: ffff ffff ffff ffff ffff ffff ffff ffff  ................
00013620: ffff ffff ffff ffff ffff ffff ffff ffff  ................
00013630: ffff ffff ffff ffff ffff ffff ffff ffff  ................
00013640: ffff ffff ffff ffff ffff ffff ffff ffff  ................
00013650: ffff ffff ffff ffff ffff ffff ffff ffff  ................
00013660: ffff ffff ffff ffff ffff ffff ffff ffff  ................
00013670: ffff ffff ffff ffff ffff ffff ffff ffff  ................
00013680: ffff ffff ffff ffff ffff ffff ffff ffff  ................
00013690: ffff ffff ffff ffff ffff ffff ffff ffff  ................
000136a0: ffff ffff ffff ffff ffff ffff ffff ffff  ................
000136b0: ffff ffff ffff ffff ffff ffff ffff ffff  ................
000136c0: ffff ffff ffff ffff ffff ffff ffff ffff  ................
000136d0: ffff ffff ffff ffff ffff ffff ffff ffff  ................
000136e0: ffff ffff ffff ffff ffff ffff ffff ffff  ................
000136f0: ffff ffff ffff ffff ffff ffff ffff ffff  ................
00013700: ffff ffff ffff ffff ffff ffff ffff ffff  ................
00013710: ffff ffff ffff ffff ffff ffff ffff ffff  ................
00013720: ffff ffff ffff ffff ffff ffff ffff ffff  ................
00013730: ffff ffff ffff ffff ffff ffff ffff ffff  ................
00013740: ffff ffff ffff ffff ffff ffff ffff ffff  ................
00013750: ffff ffff ffff ffff ffff ffff ffff ffff  ................
00013760: ffff ffff ffff ffff ffff ffff ffff ffff  ................
00013770: ffff ffff ffff ffff ffff ffff ffff ffff  ................
00013780: ffff ffff ffff ffff ffff ffff ffff ffff  ................
00013790: ffff ffff ffff ffff ffff ffff ffff ffff  ................
000137a0: ffff ffff ffff ffff ffff ffff ffff ffff  ................
000137b0: ffff ffff ffff ffff ffff ffff ffff ffff  ................
000137c0: ffff ffff ffff ffff ffff ffff ffff ffff  ................
000137d0: ffff ffff ffff ffff ffff ffff ffff ffff  ................
000137e0: ffff ffff ffff ffff ffff ffff ffff ffff  ................
000137f0: ffff ffff ffff ffff ffff ffff ffff ffff  ................
00013800: ffff ffff ffff ffff ffff ffff ffff ffff  ................
00013810: ffff ffff ffff ffff ffff ffff ffff ffff  ................
00013820: ffff ffff ffff ffff ffff ffff ffff ffff  ................
00013830: ffff ffff ffff ffff ffff ffff ffff ffff  ................
00013840: ffff ffff ffff ffff ffff ffff ffff ffff  ................
00013850: ffff ffff ffff ffff ffff ffff ffff ffff  ................
00013860: ffff ffff ffff ffff ffff ffff ffff ffff  ................
00013870: ffff ffff ffff ffff ffff ffff ffff ffff  ................
00013880: ffff ffff ffff ffff ffff ffff ffff ffff  ................
00013890: ffff ffff ffff ffff ffff ffff ffff ffff  ................
000138a0: ffff ffff ffff ffff ffff ffff ffff ffff  ................
000138b0: ffff ffff ffff ffff ffff ffff ffff ffff  ................
000138c0: ffff ffff ffff ffff ffff ffff ffff ffff  ................
000138d0: ffff ffff ffff ffff ffff ffff ffff ffff  ................
000138e0: ffff ffff ffff ffff ffff ffff ffff ffff  ................
000138f0: ffff ffff ffff ffff ffff ffff ffff ffff  ................
00013900: ffff ffff ffff ffff ffff ffff ffff ffff  ................
00013910: ffff ffff ffff ffff ffff ffff ffff ffff  ................
00013920: ffff ffff ffff ffff ffff ffff ffff ffff  ................
00013930: ffff ffff ffff ffff ffff ffff ffff ffff  ................
00013940: ffff ffff ffff ffff ffff ffff ffff ffff  ................
00013950: ffff ffff ffff ffff ffff ffff ffff ffff  ................
00013960: ffff ffff ffff ffff ffff ffff ffff ffff  ................
00013970: ffff ffff ffff ffff ffff ffff ffff ffff  ................
00013980: ffff ffff ffff ffff ffff ffff ffff ffff  ................
00013990: ffff ffff ffff ffff ffff ffff ffff ffff  ................
000139a0: ffff ffff ffff ffff ffff ffff ffff ffff  ................
000139b0: ffff ffff ffff ffff ffff ffff ffff ffff  ................
000139c0: ffff ffff ffff ffff ffff ffff ffff ffff  ................
000139d0: ffff ffff ffff ffff ffff ffff ffff ffff  ................
000139e0: ffff ffff ffff ffff ffff ffff ffff ffff  ................
000139f0: ffff ffff ffff ffff ffff ffff ffff ffff  ................
00013a00: ffff ffff ffff ffff ffff ffff ffff ffff  ................
00013a10: ffff ffff ffff ffff ffff ffff ffff ffff  ................
00013a20: ffff ffff ffff ffff ffff ffff ffff ffff  ................
00013a30: ffff ffff ffff ffff ffff ffff ffff ffff  ................
00013a40: ffff ffff ffff ffff ffff ffff ffff ffff  ................
00013a50: ffff ffff ffff ffff ffff ffff ffff ffff  ................
00013a60: ffff ffff ffff ffff ffff ffff ffff ffff  ................
00013a70: ffff ffff ffff ffff ffff ffff ffff ffff  ................
00013a80: ffff ffff ffff ffff ffff ffff ffff ffff  ................
00013a90: ffff ffff ffff ffff ffff ffff ffff ffff  ................
00013aa0: ffff ffff ffff ffff ffff ffff ffff ffff  ................
00013ab0: ffff ffff ffff ffff ffff ffff ffff ffff  ................
00013ac0: ffff ffff ffff ffff ffff ffff ffff ffff  ................
00013ad0: ffff ffff ffff ffff ffff ffff ffff ffff  ................
00013ae0: ffff ffff ffff ffff ffff ffff ffff ffff  ................
00013af0: ffff ffff ffff ffff ffff ffff ffff ffff  ................
00013b00: ffff ffff ffff ffff ffff ffff ffff ffff  ................
00013b10: ffff ffff ffff ffff ffff ffff ffff ffff  ................
00013b20: ffff ffff ffff ffff ffff ffff ffff ffff  ................
00013b30: ffff ffff ffff ffff ffff ffff ffff ffff  ................
00013b40: ffff ffff ffff ffff ffff ffff ffff ffff  ................
00013b50: ffff ffff ffff ffff ffff ffff ffff ffff  ................
00013b60: ffff ffff ffff ffff ffff ffff ffff ffff  ................
00013b70: ffff ffff ffff ffff ffff ffff ffff ffff  ................
00013b80: ffff ffff ffff ffff ffff ffff ffff ffff  ................
00013b90: ffff ffff ffff ffff ffff ffff ffff ffff  ................
00013ba0: ffff ffff ffff ffff ffff ffff ffff ffff  ................
00013bb0: ffff ffff ffff ffff ffff ffff ffff ffff  ................
00013bc0: ffff ffff ffff ffff ffff ffff ffff ffff  ................
00013bd0: ffff ffff ffff ffff ffff ffff ffff ffff  ................
00013be0: ffff ffff ffff ffff ffff ffff ffff ffff  ................
00013bf0: ffff ffff ffff ffff ffff ffff ffff ffff  ................
00013c00: ffff ffff ffff ffff ffff ffff ffff ffff  ................
00013c10: ffff ffff ffff ffff ffff ffff ffff ffff  ................
00013c20: ffff ffff ffff ffff ffff ffff ffff ffff  ................
00013c30: ffff ffff ffff ffff ffff ffff ffff ffff  ................
00013c40: ffff ffff ffff ffff ffff ffff ffff ffff  ................
00013c50: ffff ffff ffff ffff ffff ffff ffff ffff  ................
00013c60: ffff ffff ffff ffff ffff ffff ffff ffff  ................
00013c70: ffff ffff ffff ffff ffff ffff ffff ffff  ................
00013c80: ffff ffff ffff ffff ffff ffff ffff ffff  ................
00013c90: ffff ffff ffff ffff ffff ffff ffff ffff  ................
00013ca0: ffff ffff ffff ffff ffff ffff ffff ffff  ................
00013cb0: ffff ffff ffff ffff ffff ffff ffff ffff  ................
00013cc0: ffff ffff ffff ffff ffff ffff ffff ffff  ................
00013cd0: ffff ffff ffff ffff ffff ffff ffff ffff  ................
00013ce0: ffff ffff ffff ffff ffff ffff ffff ffff  ................
00013cf0: ffff ffff ffff ffff ffff ffff ffff ffff  ................
00013d00: ffff ffff ffff ffff ffff ffff ffff ffff  ................
00013d10: ffff ffff ffff ffff ffff ffff ffff ffff  ................
00013d20: ffff ffff ffff ffff ffff ffff ffff ffff  ................
00013d30: ffff ffff ffff ffff ffff ffff ffff ffff  ................
00013d40: ffff ffff ffff ffff ffff ffff ffff ffff  ................
00013d50: ffff ffff ffff ffff ffff ffff ffff ffff  ................
00013d60: ffff ffff ffff ffff ffff ffff ffff ffff  ................
00013d70: ffff ffff ffff ffff ffff ffff ffff ffff  ................
00013d80: ffff ffff ffff ffff ffff ffff ffff ffff  ................
00013d90: ffff ffff ffff ffff ffff ffff ffff ffff  ................
00013da0: ffff ffff ffff ffff ffff ffff ffff ffff  ................
00013db0: ffff ffff ffff ffff ffff ffff ffff ffff  ................
00013dc0: ffff ffff ffff ffff ffff ffff ffff ffff  ................
00013dd0: ffff ffff ffff ffff ffff ffff ffff ffff  ................
00013de0: ffff ffff ffff ffff ffff ffff ffff ffff  ................
00013df0: ffff ffff ffff ffff ffff ffff ffff ffff  ................
00013e00: ffff ffff ffff ffff ffff ffff ffff ffff  ................
00013e10: ffff ffff ffff ffff ffff ffff ffff ffff  ................
00013e20: ffff ffff ffff ffff ffff ffff ffff ffff  ................
00013e30: ffff ffff ffff ffff ffff ffff ffff ffff  ................
00013e40: ffff ffff ffff ffff ffff ffff ffff ffff  ................
00013e50: ffff ffff ffff ffff ffff ffff ffff ffff  ................
00013e60: ffff ffff ffff ffff ffff ffff ffff ffff  ................
00013e70: ffff ffff ffff ffff ffff ffff ffff ffff  ................
00013e80: ffff ffff ffff ffff ffff ffff ffff ffff  ................
00013e90: ffff ffff ffff ffff ffff ffff ffff ffff  ................
00013ea0: ffff ffff ffff ffff ffff ffff ffff ffff  ................
00013eb0: ffff ffff ffff ffff ffff ffff ffff ffff  ................
00013ec0: ffff ffff ffff ffff ffff ffff ffff ffff  ................
00013ed0: ffff ffff ffff ffff ffff ffff ffff ffff  ................
00013ee0: ffff ffff ffff ffff ffff ffff ffff ffff  ................
00013ef0: ffff ffff ffff ffff ffff ffff ffff ffff  ................
00013f00: ffff ffff ffff ffff ffff ffff ffff ffff  ................
00013f10: ffff ffff ffff ffff ffff ffff ffff ffff  ................
00013f20: ffff ffff ffff ffff ffff ffff ffff ffff  ................
00013f30: ffff ffff ffff ffff ffff ffff ffff ffff  ................
00013f40: ffff ffff ffff ffff ffff ffff ffff ffff  ................
00013f50: ffff ffff ffff ffff ffff ffff ffff ffff  ................
00013f60: ffff ffff ffff ffff ffff ffff ffff ffff  ................
00013f70: ffff ffff ffff ffff ffff ffff ffff ffff  ................
00013f80: ffff ffff ffff ffff ffff ffff ffff ffff  ................
00013f90: ffff ffff ffff ffff ffff ffff ffff ffff  ................
00013fa0: ffff ffff ffff ffff ffff ffff ffff ffff  ................
00013fb0: ffff ffff ffff ffff ffff ffff ffff ffff  ................
00013fc0: ffff ffff ffff ffff ffff ffff ffff ffff  ................
00013fd0: ffff ffff ffff ffff ffff ffff ffff ffff  ................
00013fe0: ffff ffff ffff ffff ffff ffff ffff ffff  ................
00013ff0: ffff ffff ffff ffff ffff ffff ffff ffff  ................
00014000: ffff ffff ffff ffff ffff ffff ffff ffff  ................
00014010: ffff ffff ffff ffff ffff ffff ffff ffff  ................
00014020: ffff ffff ffff ffff ffff ffff ffff ffff  ................
00014030: ffff ffff ffff ffff ffff ffff ffff ffff  ................
00014040: ffff ffff ffff ffff ffff ffff ffff ffff  ................
00014050: ffff ffff ffff ffff ffff ffff ffff ffff  ................
00014060: ffff ffff ffff ffff ffff ffff ffff ffff  ................
00014070: ffff ffff ffff ffff ffff ffff ffff ffff  ................
00014080: ffff ffff ffff ffff ffff ffff ffff ffff  ................
00014090: ffff ffff ffff ffff ffff ffff ffff ffff  ................
000140a0: ffff ffff ffff ffff ffff ffff ffff ffff  ................
000140b0: ffff ffff ffff ffff ffff ffff ffff ffff  ................
000140c0: ffff ffff ffff ffff ffff ffff ffff ffff  ................
000140d0: ffff ffff ffff ffff ffff ffff ffff ffff  ................
000140e0: ffff ffff ffff ffff ffff ffff ffff ffff  ................
000140f0: ffff ffff ffff ffff ffff ffff ffff ffff  ................
00014100: ffff ffff ffff ffff ffff ffff ffff ffff  ................
00014110: ffff ffff ffff ffff ffff ffff ffff ffff  ................
00014120: ffff ffff ffff ffff ffff ffff ffff ffff  ................
00014130: ffff ffff ffff ffff ffff ffff ffff ffff  ................
00014140: ffff ffff ffff ffff ffff ffff ffff ffff  ................
00014150: ffff ffff ffff ffff ffff ffff ffff ffff  ................
00014160: ffff ffff ffff ffff ffff ffff ffff ffff  ................
00014170: ffff ffff ffff ffff ffff ffff ffff ffff  ................
00014180: ffff ffff ffff ffff ffff ffff ffff ffff  ................
00014190: ffff ffff ffff ffff ffff ffff ffff ffff  ................
000141a0: ffff ffff ffff ffff ffff ffff ffff ffff  ................
000141b0: ffff ffff ffff ffff ffff ffff ffff ffff  ................
000141c0: ffff ffff ffff ffff ffff ffff ffff ffff  ................
000141d0: ffff ffff ffff ffff ffff ffff ffff ffff  ................
000141e0: ffff ffff ffff ffff ffff ffff ffff ffff  ................
000141f0: ffff ffff ffff ffff ffff ffff ffff ffff  ................
00014200: ffff ffff ffff ffff ffff ffff ffff ffff  ................
00014210: ffff ffff ffff ffff ffff ffff ffff ffff  ................
00014220: ffff ffff ffff ffff ffff ffff ffff ffff  ................
00014230: ffff ffff ffff ffff ffff ffff ffff ffff  ................
00014240: ffff ffff ffff ffff ffff ffff ffff ffff  ................
00014250: ffff ffff ffff ffff ffff ffff ffff ffff  ................
00014260: ffff ffff ffff ffff ffff ffff ffff ffff  ................
00014270: ffff ffff ffff ffff ffff ffff ffff ffff  ................
00014280: ffff ffff ffff ffff ffff ffff ffff ffff  ................
00014290: ffff ffff ffff ffff ffff ffff ffff ffff  ................
000142a0: ffff ffff ffff ffff ffff ffff ffff ffff  ................
000142b0: ffff ffff ffff ffff ffff ffff ffff ffff  ................
000142c0: ffff ffff ffff ffff ffff ffff ffff ffff  ................
000142d0: ffff ffff ffff ffff ffff ffff ffff ffff  ................
000142e0: ffff ffff ffff ffff ffff ffff ffff ffff  ................
000142f0: ffff ffff ffff ffff ffff ffff ffff ffff  ................
00014300: ffff ffff ffff ffff ffff ffff ffff ffff  ................
00014310: ffff ffff ffff ffff ffff ffff ffff ffff  ................
00014320: ffff ffff ffff ffff ffff ffff ffff ffff  ................
00014330: ffff ffff ffff ffff ffff ffff ffff ffff  ................
00014340: ffff ffff ffff ffff ffff ffff ffff ffff  ................
00014350: ffff ffff ffff ffff ffff ffff ffff ffff  ................
00014360: ffff ffff ffff ffff ffff ffff ffff ffff  ................
00014370: ffff ffff ffff ffff ffff ffff ffff ffff  ................
00014380: ffff ffff ffff ffff ffff ffff ffff ffff  ................
00014390: ffff ffff ffff ffff ffff ffff ffff ffff  ................
000143a0: ffff ffff ffff ffff ffff ffff ffff ffff  ................
000143b0: ffff ffff ffff ffff ffff ffff ffff ffff  ................
000143c0: ffff ffff ffff ffff ffff ffff ffff ffff  ................
000143d0: ffff ffff ffff ffff ffff ffff ffff ffff  ................
000143e0: ffff ffff ffff ffff ffff ffff ffff ffff  ................
000143f0: ffff ffff ffff ffff ffff ffff ffff ffff  ................
00014400: ffff ffff ffff ffff ffff ffff ffff ffff  ................
00014410: ffff ffff ffff ffff ffff ffff ffff ffff  ................
00014420: ffff ffff ffff ffff ffff ffff ffff ffff  ................
00014430: ffff ffff ffff ffff ffff ffff ffff ffff  ................
00014440: ffff ffff ffff ffff ffff ffff ffff ffff  ................
00014450: ffff ffff ffff ffff ffff ffff ffff ffff  ................
00014460: ffff ffff ffff ffff ffff ffff ffff ffff  ................
00014470: ffff ffff ffff ffff ffff ffff ffff ffff  ................
00014480: ffff ffff ffff ffff ffff ffff ffff ffff  ................
00014490: ffff ffff ffff ffff ffff ffff ffff ffff  ................
000144a0: ffff ffff ffff ffff ffff ffff ffff ffff  ................
000144b0: ffff ffff ffff ffff ffff ffff ffff ffff  ................
000144c0: ffff ffff ffff ffff ffff ffff ffff ffff  ................
000144d0: ffff ffff ffff ffff ffff ffff ffff ffff  ................
000144e0: ffff ffff ffff ffff ffff ffff ffff ffff  ................
000144f0: ffff ffff ffff ffff ffff ffff ffff ffff  ................
00014500: ffff ffff ffff ffff ffff ffff ffff ffff  ................
00014510: ffff ffff ffff ffff ffff ffff ffff ffff  ................
00014520: ffff ffff ffff ffff ffff ffff ffff ffff  ................
00014530: ffff ffff ffff ffff ffff ffff ffff ffff  ................
00014540: ffff ffff ffff ffff ffff ffff ffff ffff  ................
00014550: ffff ffff ffff ffff ffff ffff ffff ffff  ................
00014560: ffff ffff ffff ffff ffff ffff ffff ffff  ................
00014570: ffff ffff ffff ffff ffff ffff ffff ffff  ................
00014580: ffff ffff ffff ffff ffff ffff ffff ffff  ................
00014590: ffff ffff ffff ffff ffff ffff ffff ffff  ................
000145a0: ffff ffff ffff ffff ffff ffff ffff ffff  ................
000145b0: ffff ffff ffff ffff ffff ffff ffff ffff  ................
000145c0: ffff ffff ffff ffff ffff ffff ffff ffff  ................
000145d0: ffff ffff ffff ffff ffff ffff ffff ffff  ................
000145e0: ffff ffff ffff ffff ffff ffff ffff ffff  ................
000145f0: ffff ffff ffff ffff ffff ffff ffff ffff  ................
00014600: ffff ffff ffff ffff ffff ffff ffff ffff  ................
00014610: ffff ffff ffff ffff ffff ffff ffff ffff  ................
00014620: ffff ffff ffff ffff ffff ffff ffff ffff  ................
00014630: ffff ffff ffff ffff ffff ffff ffff ffff  ................
00014640: ffff ffff ffff ffff ffff ffff ffff ffff  ................
00014650: ffff ffff ffff ffff ffff ffff ffff ffff  ................
00014660: ffff ffff ffff ffff ffff ffff ffff ffff  ................
00014670: ffff ffff ffff ffff ffff ffff ffff ffff  ................
00014680: ffff ffff ffff ffff ffff ffff ffff ffff  ................
00014690: ffff ffff ffff ffff ffff ffff ffff ffff  ................
000146a0: ffff ffff ffff ffff ffff ffff ffff ffff  ................
000146b0: ffff ffff ffff ffff ffff ffff ffff ffff  ................
000146c0: ffff ffff ffff ffff ffff ffff ffff ffff  ................
000146d0: ffff ffff ffff ffff ffff ffff ffff ffff  ................
000146e0: ffff ffff ffff ffff ffff ffff ffff ffff  ................
000146f0: ffff ffff ffff ffff ffff ffff ffff ffff  ................
00014700: ffff ffff ffff ffff ffff ffff ffff ffff  ................
00014710: ffff ffff ffff ffff ffff ffff ffff ffff  ................
00014720: ffff ffff ffff ffff ffff ffff ffff ffff  ................
00014730: ffff ffff ffff ffff ffff ffff ffff ffff  ................
00014740: ffff ffff ffff ffff ffff ffff ffff ffff  ................
00014750: ffff ffff ffff ffff ffff ffff ffff ffff  ................
00014760: ffff ffff ffff ffff ffff ffff ffff ffff  ................
00014770: ffff ffff ffff ffff ffff ffff ffff ffff  ................
00014780: ffff ffff ffff ffff ffff ffff ffff ffff  ................
00014790: ffff ffff ffff ffff ffff ffff ffff ffff  ................
000147a0: ffff ffff ffff ffff ffff ffff ffff ffff  ................
000147b0: ffff ffff ffff ffff ffff ffff ffff ffff  ................
000147c0: ffff ffff ffff ffff ffff ffff ffff ffff  ................
000147d0: ffff ffff ffff ffff ffff ffff ffff ffff  ................
000147e0: ffff ffff ffff ffff ffff ffff ffff ffff  ................
000147f0: ffff ffff ffff ffff ffff ffff ffff ffff  ................
00014800: ffff ffff ffff ffff ffff ffff ffff ffff  ................
00014810: ffff ffff ffff ffff ffff ffff ffff ffff  ................
00014820: ffff ffff ffff ffff ffff ffff ffff ffff  ................
00014830: ffff ffff ffff ffff ffff ffff ffff ffff  ................
00014840: ffff ffff ffff ffff ffff ffff ffff ffff  ................
00014850: ffff ffff ffff ffff ffff ffff ffff ffff  ................
00014860: ffff ffff ffff ffff ffff ffff ffff ffff  ................
00014870: ffff ffff ffff ffff ffff ffff ffff ffff  ................
00014880: ffff ffff ffff ffff ffff ffff ffff ffff  ................
00014890: ffff ffff ffff ffff ffff ffff ffff ffff  ................
000148a0: ffff ffff ffff ffff ffff ffff ffff ffff  ................
000148b0: ffff ffff ffff ffff ffff ffff ffff ffff  ................
000148c0: ffff ffff ffff ffff ffff ffff ffff ffff  ................
000148d0: ffff ffff ffff ffff ffff ffff ffff ffff  ................
000148e0: ffff ffff ffff ffff ffff ffff ffff ffff  ................
000148f0: ffff ffff ffff ffff ffff ffff ffff ffff  ................
00014900: ffff ffff ffff ffff ffff ffff ffff ffff  ................
00014910: ffff ffff ffff ffff ffff ffff ffff ffff  ................
00014920: ffff ffff ffff ffff ffff ffff ffff ffff  ................
00014930: ffff ffff ffff ffff ffff ffff ffff ffff  ................
00014940: ffff ffff ffff ffff ffff ffff ffff ffff  ................
00014950: ffff ffff ffff ffff ffff ffff ffff ffff  ................
00014960: ffff ffff ffff ffff ffff ffff ffff ffff  ................
00014970: ffff ffff ffff ffff ffff ffff ffff ffff  ................
00014980: ffff ffff ffff ffff ffff ffff ffff ffff  ................
00014990: ffff ffff ffff ffff ffff ffff ffff ffff  ................
000149a0: ffff ffff ffff ffff ffff ffff ffff ffff  ................
000149b0: ffff ffff ffff ffff ffff ffff ffff ffff  ................
000149c0: ffff ffff ffff ffff ffff ffff ffff ffff  ................
000149d0: ffff ffff ffff ffff ffff ffff ffff ffff  ................
000149e0: ffff ffff ffff ffff ffff ffff ffff ffff  ................
000149f0: ffff ffff ffff ffff ffff ffff ffff ffff  ................
00014a00: ffff ffff ffff ffff ffff ffff ffff ffff  ................
00014a10: ffff ffff ffff ffff ffff ffff ffff ffff  ................
00014a20: ffff ffff ffff ffff ffff ffff ffff ffff  ................
00014a30: ffff ffff ffff ffff ffff ffff ffff ffff  ................
00014a40: ffff ffff ffff ffff ffff ffff ffff ffff  ................
00014a50: ffff ffff ffff ffff ffff ffff ffff ffff  ................
00014a60: ffff ffff ffff ffff ffff ffff ffff ffff  ................
00014a70: ffff ffff ffff ffff ffff ffff ffff ffff  ................
00014a80: ffff ffff ffff ffff ffff ffff ffff ffff  ................
00014a90: ffff ffff ffff ffff ffff ffff ffff ffff  ................
00014aa0: ffff ffff ffff ffff ffff ffff ffff ffff  ................
00014ab0: ffff ffff ffff ffff ffff ffff ffff ffff  ................
00014ac0: ffff ffff ffff ffff ffff ffff ffff ffff  ................
00014ad0: ffff ffff ffff ffff ffff ffff ffff ffff  ................
00014ae0: ffff ffff ffff ffff ffff ffff ffff ffff  ................
00014af0: ffff ffff ffff ffff ffff ffff ffff ffff  ................
00014b00: ffff ffff ffff ffff ffff ffff ffff ffff  ................
00014b10: ffff ffff ffff ffff ffff ffff ffff ffff  ................
00014b20: ffff ffff ffff ffff ffff ffff ffff ffff  ................
00014b30: ffff ffff ffff ffff ffff ffff ffff ffff  ................
00014b40: ffff ffff ffff ffff ffff ffff ffff ffff  ................
00014b50: ffff ffff ffff ffff ffff ffff ffff ffff  ................
00014b60: ffff ffff ffff ffff ffff ffff ffff ffff  ................
00014b70: ffff ffff ffff ffff ffff ffff ffff ffff  ................
00014b80: ffff ffff ffff ffff ffff ffff ffff ffff  ................
00014b90: ffff ffff ffff ffff ffff ffff ffff ffff  ................
00014ba0: ffff ffff ffff ffff ffff ffff ffff ffff  ................
00014bb0: ffff ffff ffff ffff ffff ffff ffff ffff  ................
00014bc0: ffff ffff ffff ffff ffff ffff ffff ffff  ................
00014bd0: ffff ffff ffff ffff ffff ffff ffff ffff  ................
00014be0: ffff ffff ffff ffff ffff ffff ffff ffff  ................
00014bf0: ffff ffff ffff ffff ffff ffff ffff ffff  ................
00014c00: ffff ffff ffff ffff ffff ffff ffff ffff  ................
00014c10: ffff ffff ffff ffff ffff ffff ffff ffff  ................
00014c20: ffff ffff ffff ffff ffff ffff ffff ffff  ................
00014c30: ffff ffff ffff ffff ffff ffff ffff ffff  ................
00014c40: ffff ffff ffff ffff ffff ffff ffff ffff  ................
00014c50: ffff ffff ffff ffff ffff ffff ffff ffff  ................
00014c60: ffff ffff ffff ffff ffff ffff ffff ffff  ................
00014c70: ffff ffff ffff ffff ffff ffff ffff ffff  ................
00014c80: ffff ffff ffff ffff ffff ffff ffff ffff  ................
00014c90: ffff ffff ffff ffff ffff ffff ffff ffff  ................
00014ca0: ffff ffff ffff ffff ffff ffff ffff ffff  ................
00014cb0: ffff ffff ffff ffff ffff ffff ffff ffff  ................
00014cc0: ffff ffff ffff ffff ffff ffff ffff ffff  ................
00014cd0: ffff ffff ffff ffff ffff ffff ffff ffff  ................
00014ce0: ffff ffff ffff ffff ffff ffff ffff ffff  ................
00014cf0: ffff ffff ffff ffff ffff ffff ffff ffff  ................
00014d00: ffff ffff ffff ffff ffff ffff ffff ffff  ................
00014d10: ffff ffff ffff ffff ffff ffff ffff ffff  ................
00014d20: ffff ffff ffff ffff ffff ffff ffff ffff  ................
00014d30: ffff ffff ffff ffff ffff ffff ffff ffff  ................
00014d40: ffff ffff ffff ffff ffff ffff ffff ffff  ................
00014d50: ffff ffff ffff ffff ffff ffff ffff ffff  ................
00014d60: ffff ffff ffff ffff ffff ffff ffff ffff  ................
00014d70: ffff ffff ffff ffff ffff ffff ffff ffff  ................
00014d80: ffff ffff ffff ffff ffff ffff ffff ffff  ................
00014d90: ffff ffff ffff ffff ffff ffff ffff ffff  ................
00014da0: ffff ffff ffff ffff ffff ffff ffff ffff  ................
00014db0: ffff ffff ffff ffff ffff ffff ffff ffff  ................
00014dc0: ffff ffff ffff ffff ffff ffff ffff ffff  ................
00014dd0: ffff ffff ffff ffff ffff ffff ffff ffff  ................
00014de0: ffff ffff ffff ffff ffff ffff ffff ffff  ................
00014df0: ffff ffff ffff ffff ffff ffff ffff ffff  ................
00014e00: ffff ffff ffff ffff ffff ffff ffff ffff  ................
00014e10: ffff ffff ffff ffff ffff ffff ffff ffff  ................
00014e20: ffff ffff ffff ffff ffff ffff ffff ffff  ................
00014e30: ffff ffff ffff ffff ffff ffff ffff ffff  ................
00014e40: ffff ffff ffff ffff ffff ffff ffff ffff  ................
00014e50: ffff ffff ffff ffff ffff ffff ffff ffff  ................
00014e60: ffff ffff ffff ffff ffff ffff ffff ffff  ................
00014e70: ffff ffff ffff ffff ffff ffff ffff ffff  ................
00014e80: ffff ffff ffff ffff ffff ffff ffff ffff  ................
00014e90: ffff ffff ffff ffff ffff ffff ffff ffff  ................
00014ea0: ffff ffff ffff ffff ffff ffff ffff ffff  ................
00014eb0: ffff ffff ffff ffff ffff ffff ffff ffff  ................
00014ec0: ffff ffff ffff ffff ffff ffff ffff ffff  ................
00014ed0: ffff ffff ffff ffff ffff ffff ffff ffff  ................
00014ee0: ffff ffff ffff ffff ffff ffff ffff ffff  ................
00014ef0: ffff ffff ffff ffff ffff ffff ffff ffff  ................
00014f00: ffff ffff ffff ffff ffff ffff ffff ffff  ................
00014f10: ffff ffff ffff ffff ffff ffff ffff ffff  ................
00014f20: ffff ffff ffff ffff ffff ffff ffff ffff  ................
00014f30: ffff ffff ffff ffff ffff ffff ffff ffff  ................
00014f40: ffff ffff ffff ffff ffff ffff ffff ffff  ................
00014f50: ffff ffff ffff ffff ffff ffff ffff ffff  ................
00014f60: ffff ffff ffff ffff ffff ffff ffff ffff  ................
00014f70: ffff ffff ffff ffff ffff ffff ffff ffff  ................
00014f80: ffff ffff ffff ffff ffff ffff ffff ffff  ................
00014f90: ffff ffff ffff ffff ffff ffff ffff ffff  ................
00014fa0: ffff ffff ffff ffff ffff ffff ffff ffff  ................
00014fb0: ffff ffff ffff ffff ffff ffff ffff ffff  ................
00014fc0: ffff ffff ffff ffff ffff ffff ffff ffff  ................
00014fd0: ffff ffff ffff ffff ffff ffff ffff ffff  ................
00014fe0: ffff ffff ffff ffff ffff ffff ffff ffff  ................
00014ff0: ffff ffff ffff ffff ffff ffff ffff ffff  ................
00015000: ffff ffff ffff ffff ffff ffff ffff ffff  ................
00015010: ffff ffff ffff ffff ffff ffff ffff ffff  ................
00015020: ffff ffff ffff ffff ffff ffff ffff ffff  ................
00015030: ffff ffff ffff ffff ffff ffff ffff ffff  ................
00015040: ffff ffff ffff ffff ffff ffff ffff ffff  ................
00015050: ffff ffff ffff ffff ffff ffff ffff ffff  ................
00015060: ffff ffff ffff ffff ffff ffff ffff ffff  ................
00015070: ffff ffff ffff ffff ffff ffff ffff ffff  ................
00015080: ffff ffff ffff ffff ffff ffff ffff ffff  ................
00015090: ffff ffff ffff ffff ffff ffff ffff ffff  ................
000150a0: ffff ffff ffff ffff ffff ffff ffff ffff  ................
000150b0: ffff ffff ffff ffff ffff ffff ffff ffff  ................
000150c0: ffff ffff ffff ffff ffff ffff ffff ffff  ................
000150d0: ffff ffff ffff ffff ffff ffff ffff ffff  ................
000150e0: ffff ffff ffff ffff ffff ffff ffff ffff  ................
000150f0: ffff ffff ffff ffff ffff ffff ffff ffff  ................
00015100: ffff ffff ffff ffff ffff ffff ffff ffff  ................
00015110: ffff ffff ffff ffff ffff ffff ffff ffff  ................
00015120: ffff ffff ffff ffff ffff ffff ffff ffff  ................
00015130: ffff ffff ffff ffff ffff ffff ffff ffff  ................
00015140: ffff ffff ffff ffff ffff ffff ffff ffff  ................
00015150: ffff ffff ffff ffff ffff ffff ffff ffff  ................
00015160: ffff ffff ffff ffff ffff ffff ffff ffff  ................
00015170: ffff ffff ffff ffff ffff ffff ffff ffff  ................
00015180: ffff ffff ffff ffff ffff ffff ffff ffff  ................
00015190: ffff ffff ffff ffff ffff ffff ffff ffff  ................
000151a0: ffff ffff ffff ffff ffff ffff ffff ffff  ................
000151b0: ffff ffff ffff ffff ffff ffff ffff ffff  ................
000151c0: ffff ffff ffff ffff ffff ffff ffff ffff  ................
000151d0: ffff ffff ffff ffff ffff ffff ffff ffff  ................
000151e0: ffff ffff ffff ffff ffff ffff ffff ffff  ................
000151f0: ffff ffff ffff ffff ffff ffff ffff ffff  ................
00015200: ffff ffff ffff ffff ffff ffff ffff ffff  ................
00015210: ffff ffff ffff ffff ffff ffff ffff ffff  ................
00015220: ffff ffff ffff ffff ffff ffff ffff ffff  ................
00015230: ffff ffff ffff ffff ffff ffff ffff ffff  ................
00015240: ffff ffff ffff ffff ffff ffff ffff ffff  ................
00015250: ffff ffff ffff ffff ffff ffff ffff ffff  ................
00015260: ffff ffff ffff ffff ffff ffff ffff ffff  ................
00015270: ffff ffff ffff ffff ffff ffff ffff ffff  ................
00015280: ffff ffff ffff ffff ffff ffff ffff ffff  ................
00015290: ffff ffff ffff ffff ffff ffff ffff ffff  ................
000152a0: ffff ffff ffff ffff ffff ffff ffff ffff  ................
000152b0: ffff ffff ffff ffff ffff ffff ffff ffff  ................
000152c0: ffff ffff ffff ffff ffff ffff ffff ffff  ................
000152d0: ffff ffff ffff ffff ffff ffff ffff ffff  ................
000152e0: ffff ffff ffff ffff ffff ffff ffff ffff  ................
000152f0: ffff ffff ffff ffff ffff ffff ffff ffff  ................
00015300: ffff ffff ffff ffff ffff ffff ffff ffff  ................
00015310: ffff ffff ffff ffff ffff ffff ffff ffff  ................
00015320: ffff ffff ffff ffff ffff ffff ffff ffff  ................
00015330: ffff ffff ffff ffff ffff ffff ffff ffff  ................
00015340: ffff ffff ffff ffff ffff ffff ffff ffff  ................
00015350: ffff ffff ffff ffff ffff ffff ffff ffff  ................
00015360: ffff ffff ffff ffff ffff ffff ffff ffff  ................
00015370: ffff ffff ffff ffff ffff ffff ffff ffff  ................
00015380: ffff ffff ffff ffff ffff ffff ffff ffff  ................
00015390: ffff ffff ffff ffff ffff ffff ffff ffff  ................
000153a0: ffff ffff ffff ffff ffff ffff ffff ffff  ................
000153b0: ffff ffff ffff ffff ffff ffff ffff ffff  ................
000153c0: ffff ffff ffff ffff ffff ffff ffff ffff  ................
000153d0: ffff ffff ffff ffff ffff ffff ffff ffff  ................
000153e0: ffff ffff ffff ffff ffff ffff ffff ffff  ................
000153f0: ffff ffff ffff ffff ffff ffff ffff ffff  ................
00015400: ffff ffff ffff ffff ffff ffff ffff ffff  ................
00015410: ffff ffff ffff ffff ffff ffff ffff ffff  ................
00015420: ffff ffff ffff ffff ffff ffff ffff ffff  ................
00015430: ffff ffff ffff ffff ffff ffff ffff ffff  ................
00015440: ffff ffff ffff ffff ffff ffff ffff ffff  ................
00015450: ffff ffff ffff ffff ffff ffff ffff ffff  ................
00015460: ffff ffff ffff ffff ffff ffff ffff ffff  ................
00015470: ffff ffff ffff ffff ffff ffff ffff ffff  ................
00015480: ffff ffff ffff ffff ffff ffff ffff ffff  ................
00015490: ffff ffff ffff ffff ffff ffff ffff ffff  ................
000154a0: ffff ffff ffff ffff ffff ffff ffff ffff  ................
000154b0: ffff ffff ffff ffff ffff ffff ffff ffff  ................
000154c0: ffff ffff ffff ffff ffff ffff ffff ffff  ................
000154d0: ffff ffff ffff ffff ffff ffff ffff ffff  ................
000154e0: ffff ffff ffff ffff ffff ffff ffff ffff  ................
000154f0: ffff ffff ffff ffff ffff ffff ffff ffff  ................
00015500: ffff ffff ffff ffff ffff ffff ffff ffff  ................
00015510: ffff ffff ffff ffff ffff ffff ffff ffff  ................
00015520: ffff ffff ffff ffff ffff ffff ffff ffff  ................
00015530: ffff ffff ffff ffff ffff ffff ffff ffff  ................
00015540: ffff ffff ffff ffff ffff ffff ffff ffff  ................
00015550: ffff ffff ffff ffff ffff ffff ffff ffff  ................
00015560: ffff ffff ffff ffff ffff ffff ffff ffff  ................
00015570: ffff ffff ffff ffff ffff ffff ffff ffff  ................
00015580: ffff ffff ffff ffff ffff ffff ffff ffff  ................
00015590: ffff ffff ffff ffff ffff ffff ffff ffff  ................
000155a0: ffff ffff ffff ffff ffff ffff ffff ffff  ................
000155b0: ffff ffff ffff ffff ffff ffff ffff ffff  ................
000155c0: ffff ffff ffff ffff ffff ffff ffff ffff  ................
000155d0: ffff ffff ffff ffff ffff ffff ffff ffff  ................
000155e0: ffff ffff ffff ffff ffff ffff ffff ffff  ................
000155f0: ffff ffff ffff ffff ffff ffff ffff ffff  ................
00015600: ffff ffff ffff ffff ffff ffff ffff ffff  ................
00015610: ffff ffff ffff ffff ffff ffff ffff ffff  ................
00015620: ffff ffff ffff ffff ffff ffff ffff ffff  ................
00015630: ffff ffff ffff ffff ffff ffff ffff ffff  ................
00015640: ffff ffff ffff ffff ffff ffff ffff ffff  ................
00015650: ffff ffff ffff ffff ffff ffff ffff ffff  ................
00015660: ffff ffff ffff ffff ffff ffff ffff ffff  ................
00015670: ffff ffff ffff ffff ffff ffff ffff ffff  ................
00015680: ffff ffff ffff ffff ffff ffff ffff ffff  ................
00015690: ffff ffff ffff ffff ffff ffff ffff ffff  ................
000156a0: ffff ffff ffff ffff ffff ffff ffff ffff  ................
000156b0: ffff ffff ffff ffff ffff ffff ffff ffff  ................
000156c0: ffff ffff ffff ffff ffff ffff ffff ffff  ................
000156d0: ffff ffff ffff ffff ffff ffff ffff ffff  ................
000156e0: ffff ffff ffff ffff ffff ffff ffff ffff  ................
000156f0: ffff ffff ffff ffff ffff ffff ffff ffff  ................
00015700: ffff ffff ffff ffff ffff ffff ffff ffff  ................
00015710: ffff ffff ffff ffff ffff ffff ffff ffff  ................
00015720: ffff ffff ffff ffff ffff ffff ffff ffff  ................
00015730: ffff ffff ffff ffff ffff ffff ffff ffff  ................
00015740: ffff ffff ffff ffff ffff ffff ffff ffff  ................
00015750: ffff ffff ffff ffff ffff ffff ffff ffff  ................
00015760: ffff ffff ffff ffff ffff ffff ffff ffff  ................
00015770: ffff ffff ffff ffff ffff ffff ffff ffff  ................
00015780: ffff ffff ffff ffff ffff ffff ffff ffff  ................
00015790: ffff ffff ffff ffff ffff ffff ffff ffff  ................
000157a0: ffff ffff ffff ffff ffff ffff ffff ffff  ................
000157b0: ffff ffff ffff ffff ffff ffff ffff ffff  ................
000157c0: ffff ffff ffff ffff ffff ffff ffff ffff  ................
000157d0: ffff ffff ffff ffff ffff ffff ffff ffff  ................
000157e0: ffff ffff ffff ffff ffff ffff ffff ffff  ................
000157f0: ffff ffff ffff ffff ffff ffff ffff ffff  ................
00015800: ffff ffff ffff ffff ffff ffff ffff ffff  ................
00015810: ffff ffff ffff ffff ffff ffff ffff ffff  ................
00015820: ffff ffff ffff ffff ffff ffff ffff ffff  ................
00015830: ffff ffff ffff ffff ffff ffff ffff ffff  ................
00015840: ffff ffff ffff ffff ffff ffff ffff ffff  ................
00015850: ffff ffff ffff ffff ffff ffff ffff ffff  ................
00015860: ffff ffff ffff ffff ffff ffff ffff ffff  ................
00015870: ffff ffff ffff ffff ffff ffff ffff ffff  ................
00015880: ffff ffff ffff ffff ffff ffff ffff ffff  ................
00015890: ffff ffff ffff ffff ffff ffff ffff ffff  ................
000158a0: ffff ffff ffff ffff ffff ffff ffff ffff  ................
000158b0: ffff ffff ffff ffff ffff ffff ffff ffff  ................
000158c0: ffff ffff ffff ffff ffff ffff ffff ffff  ................
000158d0: ffff ffff ffff ffff ffff ffff ffff ffff  ................
000158e0: ffff ffff ffff ffff ffff ffff ffff ffff  ................
000158f0: ffff ffff ffff ffff ffff ffff ffff ffff  ................
00015900: ffff ffff ffff ffff ffff ffff ffff ffff  ................
00015910: ffff ffff ffff ffff ffff ffff ffff ffff  ................
00015920: ffff ffff ffff ffff ffff ffff ffff ffff  ................
00015930: ffff ffff ffff ffff ffff ffff ffff ffff  ................
00015940: ffff ffff ffff ffff ffff ffff ffff ffff  ................
00015950: ffff ffff ffff ffff ffff ffff ffff ffff  ................
00015960: ffff ffff ffff ffff ffff ffff ffff ffff  ................
00015970: ffff ffff ffff ffff ffff ffff ffff ffff  ................
00015980: ffff ffff ffff ffff ffff ffff ffff ffff  ................
00015990: ffff ffff ffff ffff ffff ffff ffff ffff  ................
000159a0: ffff ffff ffff ffff ffff ffff ffff ffff  ................
000159b0: ffff ffff ffff ffff ffff ffff ffff ffff  ................
000159c0: ffff ffff ffff ffff ffff ffff ffff ffff  ................
000159d0: ffff ffff ffff ffff ffff ffff ffff ffff  ................
000159e0: ffff ffff ffff ffff ffff ffff ffff ffff  ................
000159f0: ffff ffff ffff ffff ffff ffff ffff ffff  ................
00015a00: ffff ffff ffff ffff ffff ffff ffff ffff  ................
00015a10: ffff ffff ffff ffff ffff ffff ffff ffff  ................
00015a20: ffff ffff ffff ffff ffff ffff ffff ffff  ................
00015a30: ffff ffff ffff ffff ffff ffff ffff ffff  ................
00015a40: ffff ffff ffff ffff ffff ffff ffff ffff  ................
00015a50: ffff ffff ffff ffff ffff ffff ffff ffff  ................
00015a60: ffff ffff ffff ffff ffff ffff ffff ffff  ................
00015a70: ffff ffff ffff ffff ffff ffff ffff ffff  ................
00015a80: ffff ffff ffff ffff ffff ffff ffff ffff  ................
00015a90: ffff ffff ffff ffff ffff ffff ffff ffff  ................
00015aa0: ffff ffff ffff ffff ffff ffff ffff ffff  ................
00015ab0: ffff ffff ffff ffff ffff ffff ffff ffff  ................
00015ac0: ffff ffff ffff ffff ffff ffff ffff ffff  ................
00015ad0: ffff ffff ffff ffff ffff ffff ffff ffff  ................
00015ae0: ffff ffff ffff ffff ffff ffff ffff ffff  ................
00015af0: ffff ffff ffff ffff ffff ffff ffff ffff  ................
00015b00: ffff ffff ffff ffff ffff ffff ffff ffff  ................
00015b10: ffff ffff ffff ffff ffff ffff ffff ffff  ................
00015b20: ffff ffff ffff ffff ffff ffff ffff ffff  ................
00015b30: ffff ffff ffff ffff ffff ffff ffff ffff  ................
00015b40: ffff ffff ffff ffff ffff ffff ffff ffff  ................
00015b50: ffff ffff ffff ffff ffff ffff ffff ffff  ................
00015b60: ffff ffff ffff ffff ffff ffff ffff ffff  ................
00015b70: ffff ffff ffff ffff ffff ffff ffff ffff  ................
00015b80: ffff ffff ffff ffff ffff ffff ffff ffff  ................
00015b90: ffff ffff ffff ffff ffff ffff ffff ffff  ................
00015ba0: ffff ffff ffff ffff ffff ffff ffff ffff  ................
00015bb0: ffff ffff ffff ffff ffff ffff ffff ffff  ................
00015bc0: ffff ffff ffff ffff ffff ffff ffff ffff  ................
00015bd0: ffff ffff ffff ffff ffff ffff ffff ffff  ................
00015be0: ffff ffff ffff ffff ffff ffff ffff ffff  ................
00015bf0: ffff ffff ffff ffff ffff ffff ffff ffff  ................
00015c00: ffff ffff ffff ffff ffff ffff ffff ffff  ................
00015c10: ffff ffff ffff ffff ffff ffff ffff ffff  ................
00015c20: ffff ffff ffff ffff ffff ffff ffff ffff  ................
00015c30: ffff ffff ffff ffff ffff ffff ffff ffff  ................
00015c40: ffff ffff ffff ffff ffff ffff ffff ffff  ................
00015c50: ffff ffff ffff ffff ffff ffff ffff ffff  ................
00015c60: ffff ffff ffff ffff ffff ffff ffff ffff  ................
00015c70: ffff ffff ffff ffff ffff ffff ffff ffff  ................
00015c80: ffff ffff ffff ffff ffff ffff ffff ffff  ................
00015c90: ffff ffff ffff ffff ffff ffff ffff ffff  ................
00015ca0: ffff ffff ffff ffff ffff ffff ffff ffff  ................
00015cb0: ffff ffff ffff ffff ffff ffff ffff ffff  ................
00015cc0: ffff ffff ffff ffff ffff ffff ffff ffff  ................
00015cd0: ffff ffff ffff ffff ffff ffff ffff ffff  ................
00015ce0: ffff ffff ffff ffff ffff ffff ffff ffff  ................
00015cf0: ffff ffff ffff ffff ffff ffff ffff ffff  ................
00015d00: ffff ffff ffff ffff ffff ffff ffff ffff  ................
00015d10: ffff ffff ffff ffff ffff ffff ffff ffff  ................
00015d20: ffff ffff ffff ffff ffff ffff ffff ffff  ................
00015d30: ffff ffff ffff ffff ffff ffff ffff ffff  ................
00015d40: ffff ffff ffff ffff ffff ffff ffff ffff  ................
00015d50: ffff ffff ffff ffff ffff ffff ffff ffff  ................
00015d60: ffff ffff ffff ffff ffff ffff ffff ffff  ................
00015d70: ffff ffff ffff ffff ffff ffff ffff ffff  ................
00015d80: ffff ffff ffff ffff ffff ffff ffff ffff  ................
00015d90: ffff ffff ffff ffff ffff ffff ffff ffff  ................
00015da0: ffff ffff ffff ffff ffff ffff ffff ffff  ................
00015db0: ffff ffff ffff ffff ffff ffff ffff ffff  ................
00015dc0: ffff ffff ffff ffff ffff ffff ffff ffff  ................
00015dd0: ffff ffff ffff ffff ffff ffff ffff ffff  ................
00015de0: ffff ffff ffff ffff ffff ffff ffff ffff  ................
00015df0: ffff ffff ffff ffff ffff ffff ffff ffff  ................
00015e00: ffff ffff ffff ffff ffff ffff ffff ffff  ................
00015e10: ffff ffff ffff ffff ffff ffff ffff ffff  ................
00015e20: ffff ffff ffff ffff ffff ffff ffff ffff  ................
00015e30: ffff ffff ffff ffff ffff ffff ffff ffff  ................
00015e40: ffff ffff ffff ffff ffff ffff ffff ffff  ................
00015e50: ffff ffff ffff ffff ffff ffff ffff ffff  ................
00015e60: ffff ffff ffff ffff ffff ffff ffff ffff  ................
00015e70: ffff ffff ffff ffff ffff ffff ffff ffff  ................
00015e80: ffff ffff ffff ffff ffff ffff ffff ffff  ................
00015e90: ffff ffff ffff ffff ffff ffff ffff ffff  ................
00015ea0: ffff ffff ffff ffff ffff ffff ffff ffff  ................
00015eb0: ffff ffff ffff ffff ffff ffff ffff ffff  ................
00015ec0: ffff ffff ffff ffff ffff ffff ffff ffff  ................
00015ed0: ffff ffff ffff ffff ffff ffff ffff ffff  ................
00015ee0: ffff ffff ffff ffff ffff ffff ffff ffff  ................
00015ef0: ffff ffff ffff ffff ffff ffff ffff ffff  ................
00015f00: ffff ffff ffff ffff ffff ffff ffff ffff  ................
00015f10: ffff ffff ffff ffff ffff ffff ffff ffff  ................
00015f20: ffff ffff ffff ffff ffff ffff ffff ffff  ................
00015f30: ffff ffff ffff ffff ffff ffff ffff ffff  ................
00015f40: ffff ffff ffff ffff ffff ffff ffff ffff  ................
00015f50: ffff ffff ffff ffff ffff ffff ffff ffff  ................
00015f60: ffff ffff ffff ffff ffff ffff ffff ffff  ................
00015f70: ffff ffff ffff ffff ffff ffff ffff ffff  ................
00015f80: ffff ffff ffff ffff ffff ffff ffff ffff  ................
00015f90: ffff ffff ffff ffff ffff ffff ffff ffff  ................
00015fa0: ffff ffff ffff ffff ffff ffff ffff ffff  ................
00015fb0: ffff ffff ffff ffff ffff ffff ffff ffff  ................
00015fc0: ffff ffff ffff ffff ffff ffff ffff ffff  ................
00015fd0: ffff ffff ffff ffff ffff ffff ffff ffff  ................
00015fe0: ffff ffff ffff ffff ffff ffff ffff ffff  ................
00015ff0: ffff ffff ffff ffff ffff ffff ffff ffff  ................
00016000: ffff ffff ffff ffff ffff ffff ffff ffff  ................
00016010: ffff ffff ffff ffff ffff ffff ffff ffff  ................
00016020: ffff ffff ffff ffff ffff ffff ffff ffff  ................
00016030: ffff ffff ffff ffff ffff ffff ffff ffff  ................
00016040: ffff ffff ffff ffff ffff ffff ffff ffff  ................
00016050: ffff ffff ffff ffff ffff ffff ffff ffff  ................
00016060: ffff ffff ffff ffff ffff ffff ffff ffff  ................
00016070: ffff ffff ffff ffff ffff ffff ffff ffff  ................
00016080: ffff ffff ffff ffff ffff ffff ffff ffff  ................
00016090: ffff ffff ffff ffff ffff ffff ffff ffff  ................
000160a0: ffff ffff ffff ffff ffff ffff ffff ffff  ................
000160b0: ffff ffff ffff ffff ffff ffff ffff ffff  ................
000160c0: ffff ffff ffff ffff ffff ffff ffff ffff  ................
000160d0: ffff ffff ffff ffff ffff ffff ffff ffff  ................
000160e0: ffff ffff ffff ffff ffff ffff ffff ffff  ................
000160f0: ffff ffff ffff ffff ffff ffff ffff ffff  ................
00016100: ffff ffff ffff ffff ffff ffff ffff ffff  ................
00016110: ffff ffff ffff ffff ffff ffff ffff ffff  ................
00016120: ffff ffff ffff ffff ffff ffff ffff ffff  ................
00016130: ffff ffff ffff ffff ffff ffff ffff ffff  ................
00016140: ffff ffff ffff ffff ffff ffff ffff ffff  ................
00016150: ffff ffff ffff ffff ffff ffff ffff ffff  ................
00016160: ffff ffff ffff ffff ffff ffff ffff ffff  ................
00016170: ffff ffff ffff ffff ffff ffff ffff ffff  ................
00016180: ffff ffff ffff ffff ffff ffff ffff ffff  ................
00016190: ffff ffff ffff ffff ffff ffff ffff ffff  ................
000161a0: ffff ffff ffff ffff ffff ffff ffff ffff  ................
000161b0: ffff ffff ffff ffff ffff ffff ffff ffff  ................
000161c0: ffff ffff ffff ffff ffff ffff ffff ffff  ................
000161d0: ffff ffff ffff ffff ffff ffff ffff ffff  ................
000161e0: ffff ffff ffff ffff ffff ffff ffff ffff  ................
000161f0: ffff ffff ffff ffff ffff ffff ffff ffff  ................
00016200: ffff ffff ffff ffff ffff ffff ffff ffff  ................
00016210: ffff ffff ffff ffff ffff ffff ffff ffff  ................
00016220: ffff ffff ffff ffff ffff ffff ffff ffff  ................
00016230: ffff ffff ffff ffff ffff ffff ffff ffff  ................
00016240: ffff ffff ffff ffff ffff ffff ffff ffff  ................
00016250: ffff ffff ffff ffff ffff ffff ffff ffff  ................
00016260: ffff ffff ffff ffff ffff ffff ffff ffff  ................
00016270: ffff ffff ffff ffff ffff ffff ffff ffff  ................
00016280: ffff ffff ffff ffff ffff ffff ffff ffff  ................
00016290: ffff ffff ffff ffff ffff ffff ffff ffff  ................
000162a0: ffff ffff ffff ffff ffff ffff ffff ffff  ................
000162b0: ffff ffff ffff ffff ffff ffff ffff ffff  ................
000162c0: ffff ffff ffff ffff ffff ffff ffff ffff  ................
000162d0: ffff ffff ffff ffff ffff ffff ffff ffff  ................
000162e0: ffff ffff ffff ffff ffff ffff ffff ffff  ................
000162f0: ffff ffff ffff ffff ffff ffff ffff ffff  ................
00016300: ffff ffff ffff ffff ffff ffff ffff ffff  ................
00016310: ffff ffff ffff ffff ffff ffff ffff ffff  ................
00016320: ffff ffff ffff ffff ffff ffff ffff ffff  ................
00016330: ffff ffff ffff ffff ffff ffff ffff ffff  ................
00016340: ffff ffff ffff ffff ffff ffff ffff ffff  ................
00016350: ffff ffff ffff ffff ffff ffff ffff ffff  ................
00016360: ffff ffff ffff ffff ffff ffff ffff ffff  ................
00016370: ffff ffff ffff ffff ffff ffff ffff ffff  ................
00016380: ffff ffff ffff ffff ffff ffff ffff ffff  ................
00016390: ffff ffff ffff ffff ffff ffff ffff ffff  ................
000163a0: ffff ffff ffff ffff ffff ffff ffff ffff  ................
000163b0: ffff ffff ffff ffff ffff ffff ffff ffff  ................
000163c0: ffff ffff ffff ffff ffff ffff ffff ffff  ................
000163d0: ffff ffff ffff ffff ffff ffff ffff ffff  ................
000163e0: ffff ffff ffff ffff ffff ffff ffff ffff  ................
000163f0: ffff ffff ffff ffff ffff ffff ffff ffff  ................
00016400: ffff ffff ffff ffff ffff ffff ffff ffff  ................
00016410: ffff ffff ffff ffff ffff ffff ffff ffff  ................
00016420: ffff ffff ffff ffff ffff ffff ffff ffff  ................
00016430: ffff ffff ffff ffff ffff ffff ffff ffff  ................
00016440: ffff ffff ffff ffff ffff ffff ffff ffff  ................
00016450: ffff ffff ffff ffff ffff ffff ffff ffff  ................
00016460: ffff ffff ffff ffff ffff ffff ffff ffff  ................
00016470: ffff ffff ffff ffff ffff ffff ffff ffff  ................
00016480: ffff ffff ffff ffff ffff ffff ffff ffff  ................
00016490: ffff ffff ffff ffff ffff ffff ffff ffff  ................
000164a0: ffff ffff ffff ffff ffff ffff ffff ffff  ................
000164b0: ffff ffff ffff ffff ffff ffff ffff ffff  ................
000164c0: ffff ffff ffff ffff ffff ffff ffff ffff  ................
000164d0: ffff ffff ffff ffff ffff ffff ffff ffff  ................
000164e0: ffff ffff ffff ffff ffff ffff ffff ffff  ................
000164f0: ffff ffff ffff ffff ffff ffff ffff ffff  ................
00016500: ffff ffff ffff ffff ffff ffff ffff ffff  ................
00016510: ffff ffff ffff ffff ffff ffff ffff ffff  ................
00016520: ffff ffff ffff ffff ffff ffff ffff ffff  ................
00016530: ffff ffff ffff ffff ffff ffff ffff ffff  ................
00016540: ffff ffff ffff ffff ffff ffff ffff ffff  ................
00016550: ffff ffff ffff ffff ffff ffff ffff ffff  ................
00016560: ffff ffff ffff ffff ffff ffff ffff ffff  ................
00016570: ffff ffff ffff ffff ffff ffff ffff ffff  ................
00016580: ffff ffff ffff ffff ffff ffff ffff ffff  ................
00016590: ffff ffff ffff ffff ffff ffff ffff ffff  ................
000165a0: ffff ffff ffff ffff ffff ffff ffff ffff  ................
000165b0: ffff ffff ffff ffff ffff ffff ffff ffff  ................
000165c0: ffff ffff ffff ffff ffff ffff ffff ffff  ................
000165d0: ffff ffff ffff ffff ffff ffff ffff ffff  ................
000165e0: ffff ffff ffff ffff ffff ffff ffff ffff  ................
000165f0: ffff ffff ffff ffff ffff ffff ffff ffff  ................
00016600: ffff ffff ffff ffff ffff ffff ffff ffff  ................
00016610: ffff ffff ffff ffff ffff ffff ffff ffff  ................
00016620: ffff ffff ffff ffff ffff ffff ffff ffff  ................
00016630: ffff ffff ffff ffff ffff ffff ffff ffff  ................
00016640: ffff ffff ffff ffff ffff ffff ffff ffff  ................
00016650: ffff ffff ffff ffff ffff ffff ffff ffff  ................
00016660: ffff ffff ffff ffff ffff ffff ffff ffff  ................
00016670: ffff ffff ffff ffff ffff ffff ffff ffff  ................
00016680: ffff ffff ffff ffff ffff ffff ffff ffff  ................
00016690: ffff ffff ffff ffff ffff ffff ffff ffff  ................
000166a0: ffff ffff ffff ffff ffff ffff ffff ffff  ................
000166b0: ffff ffff ffff ffff ffff ffff ffff ffff  ................
000166c0: ffff ffff ffff ffff ffff ffff ffff ffff  ................
000166d0: ffff ffff ffff ffff ffff ffff ffff ffff  ................
000166e0: ffff ffff ffff ffff ffff ffff ffff ffff  ................
000166f0: ffff ffff ffff ffff ffff ffff ffff ffff  ................
00016700: ffff ffff ffff ffff ffff ffff ffff ffff  ................
00016710: ffff ffff ffff ffff ffff ffff ffff ffff  ................
00016720: ffff ffff ffff ffff ffff ffff ffff ffff  ................
00016730: ffff ffff ffff ffff ffff ffff ffff ffff  ................
00016740: ffff ffff ffff ffff ffff ffff ffff ffff  ................
00016750: ffff ffff ffff ffff ffff ffff ffff ffff  ................
00016760: ffff ffff ffff ffff ffff ffff ffff ffff  ................
00016770: ffff ffff ffff ffff ffff ffff ffff ffff  ................
00016780: ffff ffff ffff ffff ffff ffff ffff ffff  ................
00016790: ffff ffff ffff ffff ffff ffff ffff ffff  ................
000167a0: ffff ffff ffff ffff ffff ffff ffff ffff  ................
000167b0: ffff ffff ffff ffff ffff ffff ffff ffff  ................
000167c0: ffff ffff ffff ffff ffff ffff ffff ffff  ................
000167d0: ffff ffff ffff ffff ffff ffff ffff ffff  ................
000167e0: ffff ffff ffff ffff ffff ffff ffff ffff  ................
000167f0: ffff ffff ffff ffff ffff ffff ffff ffff  ................
00016800: ffff ffff ffff ffff ffff ffff ffff ffff  ................
00016810: ffff ffff ffff ffff ffff ffff ffff ffff  ................
00016820: ffff ffff ffff ffff ffff ffff ffff ffff  ................
00016830: ffff ffff ffff ffff ffff ffff ffff ffff  ................
00016840: ffff ffff ffff ffff ffff ffff ffff ffff  ................
00016850: ffff ffff ffff ffff ffff ffff ffff ffff  ................
00016860: ffff ffff ffff ffff ffff ffff ffff ffff  ................
00016870: ffff ffff ffff ffff ffff ffff ffff ffff  ................
00016880: ffff ffff ffff ffff ffff ffff ffff ffff  ................
00016890: ffff ffff ffff ffff ffff ffff ffff ffff  ................
000168a0: ffff ffff ffff ffff ffff ffff ffff ffff  ................
000168b0: ffff ffff ffff ffff ffff ffff ffff ffff  ................
000168c0: ffff ffff ffff ffff ffff ffff ffff ffff  ................
000168d0: ffff ffff ffff ffff ffff ffff ffff ffff  ................
000168e0: ffff ffff ffff ffff ffff ffff ffff ffff  ................
000168f0: ffff ffff ffff ffff ffff ffff ffff ffff  ................
00016900: ffff ffff ffff ffff ffff ffff ffff ffff  ................
00016910: ffff ffff ffff ffff ffff ffff ffff ffff  ................
00016920: ffff ffff ffff ffff ffff ffff ffff ffff  ................
00016930: ffff ffff ffff ffff ffff ffff ffff ffff  ................
00016940: ffff ffff ffff ffff ffff ffff ffff ffff  ................
00016950: ffff ffff ffff ffff ffff ffff ffff ffff  ................
00016960: ffff ffff ffff ffff ffff ffff ffff ffff  ................
00016970: ffff ffff ffff ffff ffff ffff ffff ffff  ................
00016980: ffff ffff ffff ffff ffff ffff ffff ffff  ................
00016990: ffff ffff ffff ffff ffff ffff ffff ffff  ................
000169a0: ffff ffff ffff ffff ffff ffff ffff ffff  ................
000169b0: ffff ffff ffff ffff ffff ffff ffff ffff  ................
000169c0: ffff ffff ffff ffff ffff ffff ffff ffff  ................
000169d0: ffff ffff ffff ffff ffff ffff ffff ffff  ................
000169e0: ffff ffff ffff ffff ffff ffff ffff ffff  ................
000169f0: ffff ffff ffff ffff ffff ffff ffff ffff  ................
00016a00: ffff ffff ffff ffff ffff ffff ffff ffff  ................
00016a10: ffff ffff ffff ffff ffff ffff ffff ffff  ................
00016a20: ffff ffff ffff ffff ffff ffff ffff ffff  ................
00016a30: ffff ffff ffff ffff ffff ffff ffff ffff  ................
00016a40: ffff ffff ffff ffff ffff ffff ffff ffff  ................
00016a50: ffff ffff ffff ffff ffff ffff ffff ffff  ................
00016a60: ffff ffff ffff ffff ffff ffff ffff ffff  ................
00016a70: ffff ffff ffff ffff ffff ffff ffff ffff  ................
00016a80: ffff ffff ffff ffff ffff ffff ffff ffff  ................
00016a90: ffff ffff ffff ffff ffff ffff ffff ffff  ................
00016aa0: ffff ffff ffff ffff ffff ffff ffff ffff  ................
00016ab0: ffff ffff ffff ffff ffff ffff ffff ffff  ................
00016ac0: ffff ffff ffff ffff ffff ffff ffff ffff  ................
00016ad0: ffff ffff ffff ffff ffff ffff ffff ffff  ................
00016ae0: ffff ffff ffff ffff ffff ffff ffff ffff  ................
00016af0: ffff ffff ffff ffff ffff ffff ffff ffff  ................
00016b00: ffff ffff ffff ffff ffff ffff ffff ffff  ................
00016b10: ffff ffff ffff ffff ffff ffff ffff ffff  ................
00016b20: ffff ffff ffff ffff ffff ffff ffff ffff  ................
00016b30: ffff ffff ffff ffff ffff ffff ffff ffff  ................
00016b40: ffff ffff ffff ffff ffff ffff ffff ffff  ................
00016b50: ffff ffff ffff ffff ffff ffff ffff ffff  ................
00016b60: ffff ffff ffff ffff ffff ffff ffff ffff  ................
00016b70: ffff ffff ffff ffff ffff ffff ffff ffff  ................
00016b80: ffff ffff ffff ffff ffff ffff ffff ffff  ................
00016b90: ffff ffff ffff ffff ffff ffff ffff ffff  ................
00016ba0: ffff ffff ffff ffff ffff ffff ffff ffff  ................
00016bb0: ffff ffff ffff ffff ffff ffff ffff ffff  ................
00016bc0: ffff ffff ffff ffff ffff ffff ffff ffff  ................
00016bd0: ffff ffff ffff ffff ffff ffff ffff ffff  ................
00016be0: ffff ffff ffff ffff ffff ffff ffff ffff  ................
00016bf0: ffff ffff ffff ffff ffff ffff ffff ffff  ................
00016c00: ffff ffff ffff ffff ffff ffff ffff ffff  ................
00016c10: ffff ffff ffff ffff ffff ffff ffff ffff  ................
00016c20: ffff ffff ffff ffff ffff ffff ffff ffff  ................
00016c30: ffff ffff ffff ffff ffff ffff ffff ffff  ................
00016c40: ffff ffff ffff ffff ffff ffff ffff ffff  ................
00016c50: ffff ffff ffff ffff ffff ffff ffff ffff  ................
00016c60: ffff ffff ffff ffff ffff ffff ffff ffff  ................
00016c70: ffff ffff ffff ffff ffff ffff ffff ffff  ................
00016c80: ffff ffff ffff ffff ffff ffff ffff ffff  ................
00016c90: ffff ffff ffff ffff ffff ffff ffff ffff  ................
00016ca0: ffff ffff ffff ffff ffff ffff ffff ffff  ................
00016cb0: ffff ffff ffff ffff ffff ffff ffff ffff  ................
00016cc0: ffff ffff ffff ffff ffff ffff ffff ffff  ................
00016cd0: ffff ffff ffff ffff ffff ffff ffff ffff  ................
00016ce0: ffff ffff ffff ffff ffff ffff ffff ffff  ................
00016cf0: ffff ffff ffff ffff ffff ffff ffff ffff  ................
00016d00: ffff ffff ffff ffff ffff ffff ffff ffff  ................
00016d10: ffff ffff ffff ffff ffff ffff ffff ffff  ................
00016d20: ffff ffff ffff ffff ffff ffff ffff ffff  ................
00016d30: ffff ffff ffff ffff ffff ffff ffff ffff  ................
00016d40: ffff ffff ffff ffff ffff ffff ffff ffff  ................
00016d50: ffff ffff ffff ffff ffff ffff ffff ffff  ................
00016d60: ffff ffff ffff ffff ffff ffff ffff ffff  ................
00016d70: ffff ffff ffff ffff ffff ffff ffff ffff  ................
00016d80: ffff ffff ffff ffff ffff ffff ffff ffff  ................
00016d90: ffff ffff ffff ffff ffff ffff ffff ffff  ................
00016da0: ffff ffff ffff ffff ffff ffff ffff ffff  ................
00016db0: ffff ffff ffff ffff ffff ffff ffff ffff  ................
00016dc0: ffff ffff ffff ffff ffff ffff ffff ffff  ................
00016dd0: ffff ffff ffff ffff ffff ffff ffff ffff  ................
00016de0: ffff ffff ffff ffff ffff ffff ffff ffff  ................
00016df0: ffff ffff ffff ffff ffff ffff ffff ffff  ................
00016e00: ffff ffff ffff ffff ffff ffff ffff ffff  ................
00016e10: ffff ffff ffff ffff ffff ffff ffff ffff  ................
00016e20: ffff ffff ffff ffff ffff ffff ffff ffff  ................
00016e30: ffff ffff ffff ffff ffff ffff ffff ffff  ................
00016e40: ffff ffff ffff ffff ffff ffff ffff ffff  ................
00016e50: ffff ffff ffff ffff ffff ffff ffff ffff  ................
00016e60: ffff ffff ffff ffff ffff ffff ffff ffff  ................
00016e70: ffff ffff ffff ffff ffff ffff ffff ffff  ................
00016e80: ffff ffff ffff ffff ffff ffff ffff ffff  ................
00016e90: ffff ffff ffff ffff ffff ffff ffff ffff  ................
00016ea0: ffff ffff ffff ffff ffff ffff ffff ffff  ................
00016eb0: ffff ffff ffff ffff ffff ffff ffff ffff  ................
00016ec0: ffff ffff ffff ffff ffff ffff ffff ffff  ................
00016ed0: ffff ffff ffff ffff ffff ffff ffff ffff  ................
00016ee0: ffff ffff ffff ffff ffff ffff ffff ffff  ................
00016ef0: ffff ffff ffff ffff ffff ffff ffff ffff  ................
00016f00: ffff ffff ffff ffff ffff ffff ffff ffff  ................
00016f10: ffff ffff ffff ffff ffff ffff ffff ffff  ................
00016f20: ffff ffff ffff ffff ffff ffff ffff ffff  ................
00016f30: ffff ffff ffff ffff ffff ffff ffff ffff  ................
00016f40: ffff ffff ffff ffff ffff ffff ffff ffff  ................
00016f50: ffff ffff ffff ffff ffff ffff ffff ffff  ................
00016f60: ffff ffff ffff ffff ffff ffff ffff ffff  ................
00016f70: ffff ffff ffff ffff ffff ffff ffff ffff  ................
00016f80: ffff ffff ffff ffff ffff ffff ffff ffff  ................
00016f90: ffff ffff ffff ffff ffff ffff ffff ffff  ................
00016fa0: ffff ffff ffff ffff ffff ffff ffff ffff  ................
00016fb0: ffff ffff ffff ffff ffff ffff ffff ffff  ................
00016fc0: ffff ffff ffff ffff ffff ffff ffff ffff  ................
00016fd0: ffff ffff ffff ffff ffff ffff ffff ffff  ................
00016fe0: ffff ffff ffff ffff ffff ffff ffff ffff  ................
00016ff0: ffff ffff ffff ffff ffff ffff ffff ffff  ................
00017000: ffff ffff ffff ffff ffff ffff ffff ffff  ................
00017010: ffff ffff ffff ffff ffff ffff ffff ffff  ................
00017020: ffff ffff ffff ffff ffff ffff ffff ffff  ................
00017030: ffff ffff ffff ffff ffff ffff ffff ffff  ................
00017040: ffff ffff ffff ffff ffff ffff ffff ffff  ................
00017050: ffff ffff ffff ffff ffff ffff ffff ffff  ................
00017060: ffff ffff ffff ffff ffff ffff ffff ffff  ................
00017070: ffff ffff ffff ffff ffff ffff ffff ffff  ................
00017080: ffff ffff ffff ffff ffff ffff ffff ffff  ................
00017090: ffff ffff ffff ffff ffff ffff ffff ffff  ................
000170a0: ffff ffff ffff ffff ffff ffff ffff ffff  ................
000170b0: ffff ffff ffff ffff ffff ffff ffff ffff  ................
000170c0: ffff ffff ffff ffff ffff ffff ffff ffff  ................
000170d0: ffff ffff ffff ffff ffff ffff ffff ffff  ................
000170e0: ffff ffff ffff ffff ffff ffff ffff ffff  ................
000170f0: ffff ffff ffff ffff ffff ffff ffff ffff  ................
00017100: ffff ffff ffff ffff ffff ffff ffff ffff  ................
00017110: ffff ffff ffff ffff ffff ffff ffff ffff  ................
00017120: ffff ffff ffff ffff ffff ffff ffff ffff  ................
00017130: ffff ffff ffff ffff ffff ffff ffff ffff  ................
00017140: ffff ffff ffff ffff ffff ffff ffff ffff  ................
00017150: ffff ffff ffff ffff ffff ffff ffff ffff  ................
00017160: ffff ffff ffff ffff ffff ffff ffff ffff  ................
00017170: ffff ffff ffff ffff ffff ffff ffff ffff  ................
00017180: ffff ffff ffff ffff ffff ffff ffff ffff  ................
00017190: ffff ffff ffff ffff ffff ffff ffff ffff  ................
000171a0: ffff ffff ffff ffff ffff ffff ffff ffff  ................
000171b0: ffff ffff ffff ffff ffff ffff ffff ffff  ................
000171c0: ffff ffff ffff ffff ffff ffff ffff ffff  ................
000171d0: ffff ffff ffff ffff ffff ffff ffff ffff  ................
000171e0: ffff ffff ffff ffff ffff ffff ffff ffff  ................
000171f0: ffff ffff ffff ffff ffff ffff ffff ffff  ................
00017200: ffff ffff ffff ffff ffff ffff ffff ffff  ................
00017210: ffff ffff ffff ffff ffff ffff ffff ffff  ................
00017220: ffff ffff ffff ffff ffff ffff ffff ffff  ................
00017230: ffff ffff ffff ffff ffff ffff ffff ffff  ................
00017240: ffff ffff ffff ffff ffff ffff ffff ffff  ................
00017250: ffff ffff ffff ffff ffff ffff ffff ffff  ................
00017260: ffff ffff ffff ffff ffff ffff ffff ffff  ................
00017270: ffff ffff ffff ffff ffff ffff ffff ffff  ................
00017280: ffff ffff ffff ffff ffff ffff ffff ffff  ................
00017290: ffff ffff ffff ffff ffff ffff ffff ffff  ................
000172a0: ffff ffff ffff ffff ffff ffff ffff ffff  ................
000172b0: ffff ffff ffff ffff ffff ffff ffff ffff  ................
000172c0: ffff ffff ffff ffff ffff ffff ffff ffff  ................
000172d0: ffff ffff ffff ffff ffff ffff ffff ffff  ................
000172e0: ffff ffff ffff ffff ffff ffff ffff ffff  ................
000172f0: ffff ffff ffff ffff ffff ffff ffff ffff  ................
00017300: ffff ffff ffff ffff ffff ffff ffff ffff  ................
00017310: ffff ffff ffff ffff ffff ffff ffff ffff  ................
00017320: ffff ffff ffff ffff ffff ffff ffff ffff  ................
00017330: ffff ffff ffff ffff ffff ffff ffff ffff  ................
00017340: ffff ffff ffff ffff ffff ffff ffff ffff  ................
00017350: ffff ffff ffff ffff ffff ffff ffff ffff  ................
00017360: ffff ffff ffff ffff ffff ffff ffff ffff  ................
00017370: ffff ffff ffff ffff ffff ffff ffff ffff  ................
00017380: ffff ffff ffff ffff ffff ffff ffff ffff  ................
00017390: ffff ffff ffff ffff ffff ffff ffff ffff  ................
000173a0: ffff ffff ffff ffff ffff ffff ffff ffff  ................
000173b0: ffff ffff ffff ffff ffff ffff ffff ffff  ................
000173c0: ffff ffff ffff ffff ffff ffff ffff ffff  ................
000173d0: ffff ffff ffff ffff ffff ffff ffff ffff  ................
000173e0: ffff ffff ffff ffff ffff ffff ffff ffff  ................
000173f0: ffff ffff ffff ffff ffff ffff ffff ffff  ................
00017400: ffff ffff ffff ffff ffff ffff ffff ffff  ................
00017410: ffff ffff ffff ffff ffff ffff ffff ffff  ................
00017420: ffff ffff ffff ffff ffff ffff ffff ffff  ................
00017430: ffff ffff ffff ffff ffff ffff ffff ffff  ................
00017440: ffff ffff ffff ffff ffff ffff ffff ffff  ................
00017450: ffff ffff ffff ffff ffff ffff ffff ffff  ................
00017460: ffff ffff ffff ffff ffff ffff ffff ffff  ................
00017470: ffff ffff ffff ffff ffff ffff ffff ffff  ................
00017480: ffff ffff ffff ffff ffff ffff ffff ffff  ................
00017490: ffff ffff ffff ffff ffff ffff ffff ffff  ................
000174a0: ffff ffff ffff ffff ffff ffff ffff ffff  ................
000174b0: ffff ffff ffff ffff ffff ffff ffff ffff  ................
000174c0: ffff ffff ffff ffff ffff ffff ffff ffff  ................
000174d0: ffff ffff ffff ffff ffff ffff ffff ffff  ................
000174e0: ffff ffff ffff ffff ffff ffff ffff ffff  ................
000174f0: ffff ffff ffff ffff ffff ffff ffff ffff  ................
00017500: ffff ffff ffff ffff ffff ffff ffff ffff  ................
00017510: ffff ffff ffff ffff ffff ffff ffff ffff  ................
00017520: ffff ffff ffff ffff ffff ffff ffff ffff  ................
00017530: ffff ffff ffff ffff ffff ffff ffff ffff  ................
00017540: ffff ffff ffff ffff ffff ffff ffff ffff  ................
00017550: ffff ffff ffff ffff ffff ffff ffff ffff  ................
00017560: ffff ffff ffff ffff ffff ffff ffff ffff  ................
00017570: ffff ffff ffff ffff ffff ffff ffff ffff  ................
00017580: ffff ffff ffff ffff ffff ffff ffff ffff  ................
00017590: ffff ffff ffff ffff ffff ffff ffff ffff  ................
000175a0: ffff ffff ffff ffff ffff ffff ffff ffff  ................
000175b0: ffff ffff ffff ffff ffff ffff ffff ffff  ................
000175c0: ffff ffff ffff ffff ffff ffff ffff ffff  ................
000175d0: ffff ffff ffff ffff ffff ffff ffff ffff  ................
000175e0: ffff ffff ffff ffff ffff ffff ffff ffff  ................
000175f0: ffff ffff ffff ffff ffff ffff ffff ffff  ................
00017600: ffff ffff ffff ffff ffff ffff ffff ffff  ................
00017610: ffff ffff ffff ffff ffff ffff ffff ffff  ................
00017620: ffff ffff ffff ffff ffff ffff ffff ffff  ................
00017630: ffff ffff ffff ffff ffff ffff ffff ffff  ................
00017640: ffff ffff ffff ffff ffff ffff ffff ffff  ................
00017650: ffff ffff ffff ffff ffff ffff ffff ffff  ................
00017660: ffff ffff ffff ffff ffff ffff ffff ffff  ................
00017670: ffff ffff ffff ffff ffff ffff ffff ffff  ................
00017680: ffff ffff ffff ffff ffff ffff ffff ffff  ................
00017690: ffff ffff ffff ffff ffff ffff ffff ffff  ................
000176a0: ffff ffff ffff ffff ffff ffff ffff ffff  ................
000176b0: ffff ffff ffff ffff ffff ffff ffff ffff  ................
000176c0: ffff ffff ffff ffff ffff ffff ffff ffff  ................
000176d0: ffff ffff ffff ffff ffff ffff ffff ffff  ................
000176e0: ffff ffff ffff ffff ffff ffff ffff ffff  ................
000176f0: ffff ffff ffff ffff ffff ffff ffff ffff  ................
00017700: ffff ffff ffff ffff ffff ffff ffff ffff  ................
00017710: ffff ffff ffff ffff ffff ffff ffff ffff  ................
00017720: ffff ffff ffff ffff ffff ffff ffff ffff  ................
00017730: ffff ffff ffff ffff ffff ffff ffff ffff  ................
00017740: ffff ffff ffff ffff ffff ffff ffff ffff  ................
00017750: ffff ffff ffff ffff ffff ffff ffff ffff  ................
00017760: ffff ffff ffff ffff ffff ffff ffff ffff  ................
00017770: ffff ffff ffff ffff ffff ffff ffff ffff  ................
00017780: ffff ffff ffff ffff ffff ffff ffff ffff  ................
00017790: ffff ffff ffff ffff ffff ffff ffff ffff  ................
000177a0: ffff ffff ffff ffff ffff ffff ffff ffff  ................
000177b0: ffff ffff ffff ffff ffff ffff ffff ffff  ................
000177c0: ffff ffff ffff ffff ffff ffff ffff ffff  ................
000177d0: ffff ffff ffff ffff ffff ffff ffff ffff  ................
000177e0: ffff ffff ffff ffff ffff ffff ffff ffff  ................
000177f0: ffff ffff ffff ffff ffff ffff ffff ffff  ................
00017800: ffff ffff ffff ffff ffff ffff ffff ffff  ................
00017810: ffff ffff ffff ffff ffff ffff ffff ffff  ................
00017820: ffff ffff ffff ffff ffff ffff ffff ffff  ................
00017830: ffff ffff ffff ffff ffff ffff ffff ffff  ................
00017840: ffff ffff ffff ffff ffff ffff ffff ffff  ................
00017850: ffff ffff ffff ffff ffff ffff ffff ffff  ................
00017860: ffff ffff ffff ffff ffff ffff ffff ffff  ................
00017870: ffff ffff ffff ffff ffff ffff ffff ffff  ................
00017880: ffff ffff ffff ffff ffff ffff ffff ffff  ................
00017890: ffff ffff ffff ffff ffff ffff ffff ffff  ................
000178a0: ffff ffff ffff ffff ffff ffff ffff ffff  ................
000178b0: ffff ffff ffff ffff ffff ffff ffff ffff  ................
000178c0: ffff ffff ffff ffff ffff ffff ffff ffff  ................
000178d0: ffff ffff ffff ffff ffff ffff ffff ffff  ................
000178e0: ffff ffff ffff ffff ffff ffff ffff ffff  ................
000178f0: ffff ffff ffff ffff ffff ffff ffff ffff  ................
00017900: ffff ffff ffff ffff ffff ffff ffff ffff  ................
00017910: ffff ffff ffff ffff ffff ffff ffff ffff  ................
00017920: ffff ffff ffff ffff ffff ffff ffff ffff  ................
00017930: ffff ffff ffff ffff ffff ffff ffff ffff  ................
00017940: ffff ffff ffff ffff ffff ffff ffff ffff  ................
00017950: ffff ffff ffff ffff ffff ffff ffff ffff  ................
00017960: ffff ffff ffff ffff ffff ffff ffff ffff  ................
00017970: ffff ffff ffff ffff ffff ffff ffff ffff  ................
00017980: ffff ffff ffff ffff ffff ffff ffff ffff  ................
00017990: ffff ffff ffff ffff ffff ffff ffff ffff  ................
000179a0: ffff ffff ffff ffff ffff ffff ffff ffff  ................
000179b0: ffff ffff ffff ffff ffff ffff ffff ffff  ................
000179c0: ffff ffff ffff ffff ffff ffff ffff ffff  ................
000179d0: ffff ffff ffff ffff ffff ffff ffff ffff  ................
000179e0: ffff ffff ffff ffff ffff ffff ffff ffff  ................
000179f0: ffff ffff ffff ffff ffff ffff ffff ffff  ................
00017a00: ffff ffff ffff ffff ffff ffff ffff ffff  ................
00017a10: ffff ffff ffff ffff ffff ffff ffff ffff  ................
00017a20: ffff ffff ffff ffff ffff ffff ffff ffff  ................
00017a30: ffff ffff ffff ffff ffff ffff ffff ffff  ................
00017a40: ffff ffff ffff ffff ffff ffff ffff ffff  ................
00017a50: ffff ffff ffff ffff ffff ffff ffff ffff  ................
00017a60: ffff ffff ffff ffff ffff ffff ffff ffff  ................
00017a70: ffff ffff ffff ffff ffff ffff ffff ffff  ................
00017a80: ffff ffff ffff ffff ffff ffff ffff ffff  ................
00017a90: ffff ffff ffff ffff ffff ffff ffff ffff  ................
00017aa0: ffff ffff ffff ffff ffff ffff ffff ffff  ................
00017ab0: ffff ffff ffff ffff ffff ffff ffff ffff  ................
00017ac0: ffff ffff ffff ffff ffff ffff ffff ffff  ................
00017ad0: ffff ffff ffff ffff ffff ffff ffff ffff  ................
00017ae0: ffff ffff ffff ffff ffff ffff ffff ffff  ................
00017af0: ffff ffff ffff ffff ffff ffff ffff ffff  ................
00017b00: ffff ffff ffff ffff ffff ffff ffff ffff  ................
00017b10: ffff ffff ffff ffff ffff ffff ffff ffff  ................
00017b20: ffff ffff ffff ffff ffff ffff ffff ffff  ................
00017b30: ffff ffff ffff ffff ffff ffff ffff ffff  ................
00017b40: ffff ffff ffff ffff ffff ffff ffff ffff  ................
00017b50: ffff ffff ffff ffff ffff ffff ffff ffff  ................
00017b60: ffff ffff ffff ffff ffff ffff ffff ffff  ................
00017b70: ffff ffff ffff ffff ffff ffff ffff ffff  ................
00017b80: ffff ffff ffff ffff ffff ffff ffff ffff  ................
00017b90: ffff ffff ffff ffff ffff ffff ffff ffff  ................
00017ba0: ffff ffff ffff ffff ffff ffff ffff ffff  ................
00017bb0: ffff ffff ffff ffff ffff ffff ffff ffff  ................
00017bc0: ffff ffff ffff ffff ffff ffff ffff ffff  ................
00017bd0: ffff ffff ffff ffff ffff ffff ffff ffff  ................
00017be0: ffff ffff ffff ffff ffff ffff ffff ffff  ................
00017bf0: ffff ffff ffff ffff ffff ffff ffff ffff  ................
00017c00: ffff ffff ffff ffff ffff ffff ffff ffff  ................
00017c10: ffff ffff ffff ffff ffff ffff ffff ffff  ................
00017c20: ffff ffff ffff ffff ffff ffff ffff ffff  ................
00017c30: ffff ffff ffff ffff ffff ffff ffff ffff  ................
00017c40: ffff ffff ffff ffff ffff ffff ffff ffff  ................
00017c50: ffff ffff ffff ffff ffff ffff ffff ffff  ................
00017c60: ffff ffff ffff ffff ffff ffff ffff ffff  ................
00017c70: ffff ffff ffff ffff ffff ffff ffff ffff  ................
00017c80: ffff ffff ffff ffff ffff ffff ffff ffff  ................
00017c90: ffff ffff ffff ffff ffff ffff ffff ffff  ................
00017ca0: ffff ffff ffff ffff ffff ffff ffff ffff  ................
00017cb0: ffff ffff ffff ffff ffff ffff ffff ffff  ................
00017cc0: ffff ffff ffff ffff ffff ffff ffff ffff  ................
00017cd0: ffff ffff ffff ffff ffff ffff ffff ffff  ................
00017ce0: ffff ffff ffff ffff ffff ffff ffff ffff  ................
00017cf0: ffff ffff ffff ffff ffff ffff ffff ffff  ................
00017d00: ffff ffff ffff ffff ffff ffff ffff ffff  ................
00017d10: ffff ffff ffff ffff ffff ffff ffff ffff  ................
00017d20: ffff ffff ffff ffff ffff ffff ffff ffff  ................
00017d30: ffff ffff ffff ffff ffff ffff ffff ffff  ................
00017d40: ffff ffff ffff ffff ffff ffff ffff ffff  ................
00017d50: ffff ffff ffff ffff ffff ffff ffff ffff  ................
00017d60: ffff ffff ffff ffff ffff ffff ffff ffff  ................
00017d70: ffff ffff ffff ffff ffff ffff ffff ffff  ................
00017d80: ffff ffff ffff ffff ffff ffff ffff ffff  ................
00017d90: ffff ffff ffff ffff ffff ffff ffff ffff  ................
00017da0: ffff ffff ffff ffff ffff ffff ffff ffff  ................
00017db0: ffff ffff ffff ffff ffff ffff ffff ffff  ................
00017dc0: ffff ffff ffff ffff ffff ffff ffff ffff  ................
00017dd0: ffff ffff ffff ffff ffff ffff ffff ffff  ................
00017de0: ffff ffff ffff ffff ffff ffff ffff ffff  ................
00017df0: ffff ffff ffff ffff ffff ffff ffff ffff  ................
00017e00: ffff ffff ffff ffff ffff ffff ffff ffff  ................
00017e10: ffff ffff ffff ffff ffff ffff ffff ffff  ................
00017e20: ffff ffff ffff ffff ffff ffff ffff ffff  ................
00017e30: ffff ffff ffff ffff ffff ffff ffff ffff  ................
00017e40: ffff ffff ffff ffff ffff ffff ffff ffff  ................
00017e50: ffff ffff ffff ffff ffff ffff ffff ffff  ................
00017e60: ffff ffff ffff ffff ffff ffff ffff ffff  ................
00017e70: ffff ffff ffff ffff ffff ffff ffff ffff  ................
00017e80: ffff ffff ffff ffff ffff ffff ffff ffff  ................
00017e90: ffff ffff ffff ffff ffff ffff ffff ffff  ................
00017ea0: ffff ffff ffff ffff ffff ffff ffff ffff  ................
00017eb0: ffff ffff ffff ffff ffff ffff ffff ffff  ................
00017ec0: ffff ffff ffff ffff ffff ffff ffff ffff  ................
00017ed0: ffff ffff ffff ffff ffff ffff ffff ffff  ................
00017ee0: ffff ffff ffff ffff ffff ffff ffff ffff  ................
00017ef0: ffff ffff ffff ffff ffff ffff ffff ffff  ................
00017f00: ffff ffff ffff ffff ffff ffff ffff ffff  ................
00017f10: ffff ffff ffff ffff ffff ffff ffff ffff  ................
00017f20: ffff ffff ffff ffff ffff ffff ffff ffff  ................
00017f30: ffff ffff ffff ffff ffff ffff ffff ffff  ................
00017f40: ffff ffff ffff ffff ffff ffff ffff ffff  ................
00017f50: ffff ffff ffff ffff ffff ffff ffff ffff  ................
00017f60: ffff ffff ffff ffff ffff ffff ffff ffff  ................
00017f70: ffff ffff ffff ffff ffff ffff ffff ffff  ................
00017f80: ffff ffff ffff ffff ffff ffff ffff ffff  ................
00017f90: ffff ffff ffff ffff ffff ffff ffff ffff  ................
00017fa0: ffff ffff ffff ffff ffff ffff ffff ffff  ................
00017fb0: ffff ffff ffff ffff ffff ffff ffff ffff  ................
00017fc0: ffff ffff ffff ffff ffff ffff ffff ffff  ................
00017fd0: ffff ffff ffff ffff ffff ffff ffff ffff  ................
00017fe0: ffff ffff ffff ffff ffff ffff ffff ffff  ................
00017ff0: ffff ffff ffff ffff ffff ffff ffff ffff  ................
00018000: ffff ffff ffff ffff ffff ffff ffff ffff  ................
00018010: ffff ffff ffff ffff ffff ffff ffff ffff  ................
00018020: ffff ffff ffff ffff ffff ffff ffff ffff  ................
00018030: ffff ffff ffff ffff ffff ffff ffff ffff  ................
00018040: ffff ffff ffff ffff ffff ffff ffff ffff  ................
00018050: ffff ffff ffff ffff ffff ffff ffff ffff  ................
00018060: ffff ffff ffff ffff ffff ffff ffff ffff  ................
00018070: ffff ffff ffff ffff ffff ffff ffff ffff  ................
00018080: ffff ffff ffff ffff ffff ffff ffff ffff  ................
00018090: ffff ffff ffff ffff ffff ffff ffff ffff  ................
000180a0: ffff ffff ffff ffff ffff ffff ffff ffff  ................
000180b0: ffff ffff ffff ffff ffff ffff ffff ffff  ................
000180c0: ffff ffff ffff ffff ffff ffff ffff ffff  ................
000180d0: ffff ffff ffff ffff ffff ffff ffff ffff  ................
000180e0: ffff ffff ffff ffff ffff ffff ffff ffff  ................
000180f0: ffff ffff ffff ffff ffff ffff ffff ffff  ................
00018100: ffff ffff ffff ffff ffff ffff ffff ffff  ................
00018110: ffff ffff ffff ffff ffff ffff ffff ffff  ................
00018120: ffff ffff ffff ffff ffff ffff ffff ffff  ................
00018130: ffff ffff ffff ffff ffff ffff ffff ffff  ................
00018140: ffff ffff ffff ffff ffff ffff ffff ffff  ................
00018150: ffff ffff ffff ffff ffff ffff ffff ffff  ................
00018160: ffff ffff ffff ffff ffff ffff ffff ffff  ................
00018170: ffff ffff ffff ffff ffff ffff ffff ffff  ................
00018180: ffff ffff ffff ffff ffff ffff ffff ffff  ................
00018190: ffff ffff ffff ffff ffff ffff ffff ffff  ................
000181a0: ffff ffff ffff ffff ffff ffff ffff ffff  ................
000181b0: ffff ffff ffff ffff ffff ffff ffff ffff  ................
000181c0: ffff ffff ffff ffff ffff ffff ffff ffff  ................
000181d0: ffff ffff ffff ffff ffff ffff ffff ffff  ................
000181e0: ffff ffff ffff ffff ffff ffff ffff ffff  ................
000181f0: ffff ffff ffff ffff ffff ffff ffff ffff  ................
00018200: ffff ffff ffff ffff ffff ffff ffff ffff  ................
00018210: ffff ffff ffff ffff ffff ffff ffff ffff  ................
00018220: ffff ffff ffff ffff ffff ffff ffff ffff  ................
00018230: ffff ffff ffff ffff ffff ffff ffff ffff  ................
00018240: ffff ffff ffff ffff ffff ffff ffff ffff  ................
00018250: ffff ffff ffff ffff ffff ffff ffff ffff  ................
00018260: ffff ffff ffff ffff ffff ffff ffff ffff  ................
00018270: ffff ffff ffff ffff ffff ffff ffff ffff  ................
00018280: ffff ffff ffff ffff ffff ffff ffff ffff  ................
00018290: ffff ffff ffff ffff ffff ffff ffff ffff  ................
000182a0: ffff ffff ffff ffff ffff ffff ffff ffff  ................
000182b0: ffff ffff ffff ffff ffff ffff ffff ffff  ................
000182c0: ffff ffff ffff ffff ffff ffff ffff ffff  ................
000182d0: ffff ffff ffff ffff ffff ffff ffff ffff  ................
000182e0: ffff ffff ffff ffff ffff ffff ffff ffff  ................
000182f0: ffff ffff ffff ffff ffff ffff ffff ffff  ................
00018300: ffff ffff ffff ffff ffff ffff ffff ffff  ................
00018310: ffff ffff ffff ffff ffff ffff ffff ffff  ................
00018320: ffff ffff ffff ffff ffff ffff ffff ffff  ................
00018330: ffff ffff ffff ffff ffff ffff ffff ffff  ................
00018340: ffff ffff ffff ffff ffff ffff ffff ffff  ................
00018350: ffff ffff ffff ffff ffff ffff ffff ffff  ................
00018360: ffff ffff ffff ffff ffff ffff ffff ffff  ................
00018370: ffff ffff ffff ffff ffff ffff ffff ffff  ................
00018380: ffff ffff ffff ffff ffff ffff ffff ffff  ................
00018390: ffff ffff ffff ffff ffff ffff ffff ffff  ................
000183a0: ffff ffff ffff ffff ffff ffff ffff ffff  ................
000183b0: ffff ffff ffff ffff ffff ffff ffff ffff  ................
000183c0: ffff ffff ffff ffff ffff ffff ffff ffff  ................
000183d0: ffff ffff ffff ffff ffff ffff ffff ffff  ................
000183e0: ffff ffff ffff ffff ffff ffff ffff ffff  ................
000183f0: ffff ffff ffff ffff ffff ffff ffff ffff  ................
00018400: ffff ffff ffff ffff ffff ffff ffff ffff  ................
00018410: ffff ffff ffff ffff ffff ffff ffff ffff  ................
00018420: ffff ffff ffff ffff ffff ffff ffff ffff  ................
00018430: ffff ffff ffff ffff ffff ffff ffff ffff  ................
00018440: ffff ffff ffff ffff ffff ffff ffff ffff  ................
00018450: ffff ffff ffff ffff ffff ffff ffff ffff  ................
00018460: ffff ffff ffff ffff ffff ffff ffff ffff  ................
00018470: ffff ffff ffff ffff ffff ffff ffff ffff  ................
00018480: ffff ffff ffff ffff ffff ffff ffff ffff  ................
00018490: ffff ffff ffff ffff ffff ffff ffff ffff  ................
000184a0: ffff ffff ffff ffff ffff ffff ffff ffff  ................
000184b0: ffff ffff ffff ffff ffff ffff ffff ffff  ................
000184c0: ffff ffff ffff ffff ffff ffff ffff ffff  ................
000184d0: ffff ffff ffff ffff ffff ffff ffff ffff  ................
000184e0: ffff ffff ffff ffff ffff ffff ffff ffff  ................
000184f0: ffff ffff ffff ffff ffff ffff ffff ffff  ................
00018500: ffff ffff ffff ffff ffff ffff ffff ffff  ................
00018510: ffff ffff ffff ffff ffff ffff ffff ffff  ................
00018520: ffff ffff ffff ffff ffff ffff ffff ffff  ................
00018530: ffff ffff ffff ffff ffff ffff ffff ffff  ................
00018540: ffff ffff ffff ffff ffff ffff ffff ffff  ................
00018550: ffff ffff ffff ffff ffff ffff ffff ffff  ................
00018560: ffff ffff ffff ffff ffff ffff ffff ffff  ................
00018570: ffff ffff ffff ffff ffff ffff ffff ffff  ................
00018580: ffff ffff ffff ffff ffff ffff ffff ffff  ................
00018590: ffff ffff ffff ffff ffff ffff ffff ffff  ................
000185a0: ffff ffff ffff ffff ffff ffff ffff ffff  ................
000185b0: ffff ffff ffff ffff ffff ffff ffff ffff  ................
000185c0: ffff ffff ffff ffff ffff ffff ffff ffff  ................
000185d0: ffff ffff ffff ffff ffff ffff ffff ffff  ................
000185e0: ffff ffff ffff ffff ffff ffff ffff ffff  ................
000185f0: ffff ffff ffff ffff ffff ffff ffff ffff  ................
00018600: ffff ffff ffff ffff ffff ffff ffff ffff  ................
00018610: ffff ffff ffff ffff ffff ffff ffff ffff  ................
00018620: ffff ffff ffff ffff ffff ffff ffff ffff  ................
00018630: ffff ffff ffff ffff ffff ffff ffff ffff  ................
00018640: ffff ffff ffff ffff ffff ffff ffff ffff  ................
00018650: ffff ffff ffff ffff ffff ffff ffff ffff  ................
00018660: ffff ffff ffff ffff ffff ffff ffff ffff  ................
00018670: ffff ffff ffff ffff ffff ffff ffff ffff  ................
00018680: ffff ffff ffff ffff ffff ffff ffff ffff  ................
00018690: ffff ffff ffff ffff ffff ffff ffff ffff  ................
000186a0: ffff ffff ffff ffff ffff ffff ffff ffff  ................
000186b0: ffff ffff ffff ffff ffff ffff ffff ffff  ................
000186c0: ffff ffff ffff ffff ffff ffff ffff ffff  ................
000186d0: ffff ffff ffff ffff ffff ffff ffff ffff  ................
000186e0: ffff ffff ffff ffff ffff ffff ffff ffff  ................
000186f0: ffff ffff ffff ffff ffff ffff ffff ffff  ................
00018700: ffff ffff ffff ffff ffff ffff ffff ffff  ................
00018710: ffff ffff ffff ffff ffff ffff ffff ffff  ................
00018720: ffff ffff ffff ffff ffff ffff ffff ffff  ................
00018730: ffff ffff ffff ffff ffff ffff ffff ffff  ................
00018740: ffff ffff ffff ffff ffff ffff ffff ffff  ................
00018750: ffff ffff ffff ffff ffff ffff ffff ffff  ................
00018760: ffff ffff ffff ffff ffff ffff ffff ffff  ................
00018770: ffff ffff ffff ffff ffff ffff ffff ffff  ................
00018780: ffff ffff ffff ffff ffff ffff ffff ffff  ................
00018790: ffff ffff ffff ffff ffff ffff ffff ffff  ................
000187a0: ffff ffff ffff ffff ffff ffff ffff ffff  ................
000187b0: ffff ffff ffff ffff ffff ffff ffff ffff  ................
000187c0: ffff ffff ffff ffff ffff ffff ffff ffff  ................
000187d0: ffff ffff ffff ffff ffff ffff ffff ffff  ................
000187e0: ffff ffff ffff ffff ffff ffff ffff ffff  ................
000187f0: ffff ffff ffff ffff ffff ffff ffff ffff  ................
00018800: ffff ffff ffff ffff ffff ffff ffff ffff  ................
00018810: ffff ffff ffff ffff ffff ffff ffff ffff  ................
00018820: ffff ffff ffff ffff ffff ffff ffff ffff  ................
00018830: ffff ffff ffff ffff ffff ffff ffff ffff  ................
00018840: ffff ffff ffff ffff ffff ffff ffff ffff  ................
00018850: ffff ffff ffff ffff ffff ffff ffff ffff  ................
00018860: ffff ffff ffff ffff ffff ffff ffff ffff  ................
00018870: ffff ffff ffff ffff ffff ffff ffff ffff  ................
00018880: ffff ffff ffff ffff ffff ffff ffff ffff  ................
00018890: ffff ffff ffff ffff ffff ffff ffff ffff  ................
000188a0: ffff ffff ffff ffff ffff ffff ffff ffff  ................
000188b0: ffff ffff ffff ffff ffff ffff ffff ffff  ................
000188c0: ffff ffff ffff ffff ffff ffff ffff ffff  ................
000188d0: ffff ffff ffff ffff ffff ffff ffff ffff  ................
000188e0: ffff ffff ffff ffff ffff ffff ffff ffff  ................
000188f0: ffff ffff ffff ffff ffff ffff ffff ffff  ................
00018900: ffff ffff ffff ffff ffff ffff ffff ffff  ................
00018910: ffff ffff ffff ffff ffff ffff ffff ffff  ................
00018920: ffff ffff ffff ffff ffff ffff ffff ffff  ................
00018930: ffff ffff ffff ffff ffff ffff ffff ffff  ................
00018940: ffff ffff ffff ffff ffff ffff ffff ffff  ................
00018950: ffff ffff ffff ffff ffff ffff ffff ffff  ................
00018960: ffff ffff ffff ffff ffff ffff ffff ffff  ................
00018970: ffff ffff ffff ffff ffff ffff ffff ffff  ................
00018980: ffff ffff ffff ffff ffff ffff ffff ffff  ................
00018990: ffff ffff ffff ffff ffff ffff ffff ffff  ................
000189a0: ffff ffff ffff ffff ffff ffff ffff ffff  ................
000189b0: ffff ffff ffff ffff ffff ffff ffff ffff  ................
000189c0: ffff ffff ffff ffff ffff ffff ffff ffff  ................
000189d0: ffff ffff ffff ffff ffff ffff ffff ffff  ................
000189e0: ffff ffff ffff ffff ffff ffff ffff ffff  ................
000189f0: ffff ffff ffff ffff ffff ffff ffff ffff  ................
00018a00: ffff ffff ffff ffff ffff ffff ffff ffff  ................
00018a10: ffff ffff ffff ffff ffff ffff ffff ffff  ................
00018a20: ffff ffff ffff ffff ffff ffff ffff ffff  ................
00018a30: ffff ffff ffff ffff ffff ffff ffff ffff  ................
00018a40: ffff ffff ffff ffff ffff ffff ffff ffff  ................
00018a50: ffff ffff ffff ffff ffff ffff ffff ffff  ................
00018a60: ffff ffff ffff ffff ffff ffff ffff ffff  ................
00018a70: ffff ffff ffff ffff ffff ffff ffff ffff  ................
00018a80: ffff ffff ffff ffff ffff ffff ffff ffff  ................
00018a90: ffff ffff ffff ffff ffff ffff ffff ffff  ................
00018aa0: ffff ffff ffff ffff ffff ffff ffff ffff  ................
00018ab0: ffff ffff ffff ffff ffff ffff ffff ffff  ................
00018ac0: ffff ffff ffff ffff ffff ffff ffff ffff  ................
00018ad0: ffff ffff ffff ffff ffff ffff ffff ffff  ................
00018ae0: ffff ffff ffff ffff ffff ffff ffff ffff  ................
00018af0: ffff ffff ffff ffff ffff ffff ffff ffff  ................
00018b00: ffff ffff ffff ffff ffff ffff ffff ffff  ................
00018b10: ffff ffff ffff ffff ffff ffff ffff ffff  ................
00018b20: ffff ffff ffff ffff ffff ffff ffff ffff  ................
00018b30: ffff ffff ffff ffff ffff ffff ffff ffff  ................
00018b40: ffff ffff ffff ffff ffff ffff ffff ffff  ................
00018b50: ffff ffff ffff ffff ffff ffff ffff ffff  ................
00018b60: ffff ffff ffff ffff ffff ffff ffff ffff  ................
00018b70: ffff ffff ffff ffff ffff ffff ffff ffff  ................
00018b80: ffff ffff ffff ffff ffff ffff ffff ffff  ................
00018b90: ffff ffff ffff ffff ffff ffff ffff ffff  ................
00018ba0: ffff ffff ffff ffff ffff ffff ffff ffff  ................
00018bb0: ffff ffff ffff ffff ffff ffff ffff ffff  ................
00018bc0: ffff ffff ffff ffff ffff ffff ffff ffff  ................
00018bd0: ffff ffff ffff ffff ffff ffff ffff ffff  ................
00018be0: ffff ffff ffff ffff ffff ffff ffff ffff  ................
00018bf0: ffff ffff ffff ffff ffff ffff ffff ffff  ................
00018c00: ffff ffff ffff ffff ffff ffff ffff ffff  ................
00018c10: ffff ffff ffff ffff ffff ffff ffff ffff  ................
00018c20: ffff ffff ffff ffff ffff ffff ffff ffff  ................
00018c30: ffff ffff ffff ffff ffff ffff ffff ffff  ................
00018c40: ffff ffff ffff ffff ffff ffff ffff ffff  ................
00018c50: ffff ffff ffff ffff ffff ffff ffff ffff  ................
00018c60: ffff ffff ffff ffff ffff ffff ffff ffff  ................
00018c70: ffff ffff ffff ffff ffff ffff ffff ffff  ................
00018c80: ffff ffff ffff ffff ffff ffff ffff ffff  ................
00018c90: ffff ffff ffff ffff ffff ffff ffff ffff  ................
00018ca0: ffff ffff ffff ffff ffff ffff ffff ffff  ................
00018cb0: ffff ffff ffff ffff ffff ffff ffff ffff  ................
00018cc0: ffff ffff ffff ffff ffff ffff ffff ffff  ................
00018cd0: ffff ffff ffff ffff ffff ffff ffff ffff  ................
00018ce0: ffff ffff ffff ffff ffff ffff ffff ffff  ................
00018cf0: ffff ffff ffff ffff ffff ffff ffff ffff  ................
00018d00: ffff ffff ffff ffff ffff ffff ffff ffff  ................
00018d10: ffff ffff ffff ffff ffff ffff ffff ffff  ................
00018d20: ffff ffff ffff ffff ffff ffff ffff ffff  ................
00018d30: ffff ffff ffff ffff ffff ffff ffff ffff  ................
00018d40: ffff ffff ffff ffff ffff ffff ffff ffff  ................
00018d50: ffff ffff ffff ffff ffff ffff ffff ffff  ................
00018d60: ffff ffff ffff ffff ffff ffff ffff ffff  ................
00018d70: ffff ffff ffff ffff ffff ffff ffff ffff  ................
00018d80: ffff ffff ffff ffff ffff ffff ffff ffff  ................
00018d90: ffff ffff ffff ffff ffff ffff ffff ffff  ................
00018da0: ffff ffff ffff ffff ffff ffff ffff ffff  ................
00018db0: ffff ffff ffff ffff ffff ffff ffff ffff  ................
00018dc0: ffff ffff ffff ffff ffff ffff ffff ffff  ................
00018dd0: ffff ffff ffff ffff ffff ffff ffff ffff  ................
00018de0: ffff ffff ffff ffff ffff ffff ffff ffff  ................
00018df0: ffff ffff ffff ffff ffff ffff ffff ffff  ................
00018e00: ffff ffff ffff ffff ffff ffff ffff ffff  ................
00018e10: ffff ffff ffff ffff ffff ffff ffff ffff  ................
00018e20: ffff ffff ffff ffff ffff ffff ffff ffff  ................
00018e30: ffff ffff ffff ffff ffff ffff ffff ffff  ................
00018e40: ffff ffff ffff ffff ffff ffff ffff ffff  ................
00018e50: ffff ffff ffff ffff ffff ffff ffff ffff  ................
00018e60: ffff ffff ffff ffff ffff ffff ffff ffff  ................
00018e70: ffff ffff ffff ffff ffff ffff ffff ffff  ................
00018e80: ffff ffff ffff ffff ffff ffff ffff ffff  ................
00018e90: ffff ffff ffff ffff ffff ffff ffff ffff  ................
00018ea0: ffff ffff ffff ffff ffff ffff ffff ffff  ................
00018eb0: ffff ffff ffff ffff ffff ffff ffff ffff  ................
00018ec0: ffff ffff ffff ffff ffff ffff ffff ffff  ................
00018ed0: ffff ffff ffff ffff ffff ffff ffff ffff  ................
00018ee0: ffff ffff ffff ffff ffff ffff ffff ffff  ................
00018ef0: ffff ffff ffff ffff ffff ffff ffff ffff  ................
00018f00: ffff ffff ffff ffff ffff ffff ffff ffff  ................
00018f10: ffff ffff ffff ffff ffff ffff ffff ffff  ................
00018f20: ffff ffff ffff ffff ffff ffff ffff ffff  ................
00018f30: ffff ffff ffff ffff ffff ffff ffff ffff  ................
00018f40: ffff ffff ffff ffff ffff ffff ffff ffff  ................
00018f50: ffff ffff ffff ffff ffff ffff ffff ffff  ................
00018f60: ffff ffff ffff ffff ffff ffff ffff ffff  ................
00018f70: ffff ffff ffff ffff ffff ffff ffff ffff  ................
00018f80: ffff ffff ffff ffff ffff ffff ffff ffff  ................
00018f90: ffff ffff ffff ffff ffff ffff ffff ffff  ................
00018fa0: ffff ffff ffff ffff ffff ffff ffff ffff  ................
00018fb0: ffff ffff ffff ffff ffff ffff ffff ffff  ................
00018fc0: ffff ffff ffff ffff ffff ffff ffff ffff  ................
00018fd0: ffff ffff ffff ffff ffff ffff ffff ffff  ................
00018fe0: ffff ffff ffff ffff ffff ffff ffff ffff  ................
00018ff0: ffff ffff ffff ffff ffff ffff ffff ffff  ................
00019000: ffff ffff ffff ffff ffff ffff ffff ffff  ................
00019010: ffff ffff ffff ffff ffff ffff ffff ffff  ................
00019020: ffff ffff ffff ffff ffff ffff ffff ffff  ................
00019030: ffff ffff ffff ffff ffff ffff ffff ffff  ................
00019040: ffff ffff ffff ffff ffff ffff ffff ffff  ................
00019050: ffff ffff ffff ffff ffff ffff ffff ffff  ................
00019060: ffff ffff ffff ffff ffff ffff ffff ffff  ................
00019070: ffff ffff ffff ffff ffff ffff ffff ffff  ................
00019080: ffff ffff ffff ffff ffff ffff ffff ffff  ................
00019090: ffff ffff ffff ffff ffff ffff ffff ffff  ................
000190a0: ffff ffff ffff ffff ffff ffff ffff ffff  ................
000190b0: ffff ffff ffff ffff ffff ffff ffff ffff  ................
000190c0: ffff ffff ffff ffff ffff ffff ffff ffff  ................
000190d0: ffff ffff ffff ffff ffff ffff ffff ffff  ................
000190e0: ffff ffff ffff ffff ffff ffff ffff ffff  ................
000190f0: ffff ffff ffff ffff ffff ffff ffff ffff  ................
00019100: ffff ffff ffff ffff ffff ffff ffff ffff  ................
00019110: ffff ffff ffff ffff ffff ffff ffff ffff  ................
00019120: ffff ffff ffff ffff ffff ffff ffff ffff  ................
00019130: ffff ffff ffff ffff ffff ffff ffff ffff  ................
00019140: ffff ffff ffff ffff ffff ffff ffff ffff  ................
00019150: ffff ffff ffff ffff ffff ffff ffff ffff  ................
00019160: ffff ffff ffff ffff ffff ffff ffff ffff  ................
00019170: ffff ffff ffff ffff ffff ffff ffff ffff  ................
00019180: ffff ffff ffff ffff ffff ffff ffff ffff  ................
00019190: ffff ffff ffff ffff ffff ffff ffff ffff  ................
000191a0: ffff ffff ffff ffff ffff ffff ffff ffff  ................
000191b0: ffff ffff ffff ffff ffff ffff ffff ffff  ................
000191c0: ffff ffff ffff ffff ffff ffff ffff ffff  ................
000191d0: ffff ffff ffff ffff ffff ffff ffff ffff  ................
000191e0: ffff ffff ffff ffff ffff ffff ffff ffff  ................
000191f0: ffff ffff ffff ffff ffff ffff ffff ffff  ................
00019200: ffff ffff ffff ffff ffff ffff ffff ffff  ................
00019210: ffff ffff ffff ffff ffff ffff ffff ffff  ................
00019220: ffff ffff ffff ffff ffff ffff ffff ffff  ................
00019230: ffff ffff ffff ffff ffff ffff ffff ffff  ................
00019240: ffff ffff ffff ffff ffff ffff ffff ffff  ................
00019250: ffff ffff ffff ffff ffff ffff ffff ffff  ................
00019260: ffff ffff ffff ffff ffff ffff ffff ffff  ................
00019270: ffff ffff ffff ffff ffff ffff ffff ffff  ................
00019280: ffff ffff ffff ffff ffff ffff ffff ffff  ................
00019290: ffff ffff ffff ffff ffff ffff ffff ffff  ................
000192a0: ffff ffff ffff ffff ffff ffff ffff ffff  ................
000192b0: ffff ffff ffff ffff ffff ffff ffff ffff  ................
000192c0: ffff ffff ffff ffff ffff ffff ffff ffff  ................
000192d0: ffff ffff ffff ffff ffff ffff ffff ffff  ................
000192e0: ffff ffff ffff ffff ffff ffff ffff ffff  ................
000192f0: ffff ffff ffff ffff ffff ffff ffff ffff  ................
00019300: ffff ffff ffff ffff ffff ffff ffff ffff  ................
00019310: ffff ffff ffff ffff ffff ffff ffff ffff  ................
00019320: ffff ffff ffff ffff ffff ffff ffff ffff  ................
00019330: ffff ffff ffff ffff ffff ffff ffff ffff  ................
00019340: ffff ffff ffff ffff ffff ffff ffff ffff  ................
00019350: ffff ffff ffff ffff ffff ffff ffff ffff  ................
00019360: ffff ffff ffff ffff ffff ffff ffff ffff  ................
00019370: ffff ffff ffff ffff ffff ffff ffff ffff  ................
00019380: ffff ffff ffff ffff ffff ffff ffff ffff  ................
00019390: ffff ffff ffff ffff ffff ffff ffff ffff  ................
000193a0: ffff ffff ffff ffff ffff ffff ffff ffff  ................
000193b0: ffff ffff ffff ffff ffff ffff ffff ffff  ................
000193c0: ffff ffff ffff ffff ffff ffff ffff ffff  ................
000193d0: ffff ffff ffff ffff ffff ffff ffff ffff  ................
000193e0: ffff ffff ffff ffff ffff ffff ffff ffff  ................
000193f0: ffff ffff ffff ffff ffff ffff ffff ffff  ................
00019400: ffff ffff ffff ffff ffff ffff ffff ffff  ................
00019410: ffff ffff ffff ffff ffff ffff ffff ffff  ................
00019420: ffff ffff ffff ffff ffff ffff ffff ffff  ................
00019430: ffff ffff ffff ffff ffff ffff ffff ffff  ................
00019440: ffff ffff ffff ffff ffff ffff ffff ffff  ................
00019450: ffff ffff ffff ffff ffff ffff ffff ffff  ................
00019460: ffff ffff ffff ffff ffff ffff ffff ffff  ................
00019470: ffff ffff ffff ffff ffff ffff ffff ffff  ................
00019480: ffff ffff ffff ffff ffff ffff ffff ffff  ................
00019490: ffff ffff ffff ffff ffff ffff ffff ffff  ................
000194a0: ffff ffff ffff ffff ffff ffff ffff ffff  ................
000194b0: ffff ffff ffff ffff ffff ffff ffff ffff  ................
000194c0: ffff ffff ffff ffff ffff ffff ffff ffff  ................
000194d0: ffff ffff ffff ffff ffff ffff ffff ffff  ................
000194e0: ffff ffff ffff ffff ffff ffff ffff ffff  ................
000194f0: ffff ffff ffff ffff ffff ffff ffff ffff  ................
00019500: ffff ffff ffff ffff ffff ffff ffff ffff  ................
00019510: ffff ffff ffff ffff ffff ffff ffff ffff  ................
00019520: ffff ffff ffff ffff ffff ffff ffff ffff  ................
00019530: ffff ffff ffff ffff ffff ffff ffff ffff  ................
00019540: ffff ffff ffff ffff ffff ffff ffff ffff  ................
00019550: ffff ffff ffff ffff ffff ffff ffff ffff  ................
00019560: ffff ffff ffff ffff ffff ffff ffff ffff  ................
00019570: ffff ffff ffff ffff ffff ffff ffff ffff  ................
00019580: ffff ffff ffff ffff ffff ffff ffff ffff  ................
00019590: ffff ffff ffff ffff ffff ffff ffff ffff  ................
000195a0: ffff ffff ffff ffff ffff ffff ffff ffff  ................
000195b0: ffff ffff ffff ffff ffff ffff ffff ffff  ................
000195c0: ffff ffff ffff ffff ffff ffff ffff ffff  ................
000195d0: ffff ffff ffff ffff ffff ffff ffff ffff  ................
000195e0: ffff ffff ffff ffff ffff ffff ffff ffff  ................
000195f0: ffff ffff ffff ffff ffff ffff ffff ffff  ................
00019600: ffff ffff ffff ffff ffff ffff ffff ffff  ................
00019610: ffff ffff ffff ffff ffff ffff ffff ffff  ................
00019620: ffff ffff ffff ffff ffff ffff ffff ffff  ................
00019630: ffff ffff ffff ffff ffff ffff ffff ffff  ................
00019640: ffff ffff ffff ffff ffff ffff ffff ffff  ................
00019650: ffff ffff ffff ffff ffff ffff ffff ffff  ................
00019660: ffff ffff ffff ffff ffff ffff ffff ffff  ................
00019670: ffff ffff ffff ffff ffff ffff ffff ffff  ................
00019680: ffff ffff ffff ffff ffff ffff ffff ffff  ................
00019690: ffff ffff ffff ffff ffff ffff ffff ffff  ................
000196a0: ffff ffff ffff ffff ffff ffff ffff ffff  ................
000196b0: ffff ffff ffff ffff ffff ffff ffff ffff  ................
000196c0: ffff ffff ffff ffff ffff ffff ffff ffff  ................
000196d0: ffff ffff ffff ffff ffff ffff ffff ffff  ................
000196e0: ffff ffff ffff ffff ffff ffff ffff ffff  ................
000196f0: ffff ffff ffff ffff ffff ffff ffff ffff  ................
00019700: ffff ffff ffff ffff ffff ffff ffff ffff  ................
00019710: ffff ffff ffff ffff ffff ffff ffff ffff  ................
00019720: ffff ffff ffff ffff ffff ffff ffff ffff  ................
00019730: ffff ffff ffff ffff ffff ffff ffff ffff  ................
00019740: ffff ffff ffff ffff ffff ffff ffff ffff  ................
00019750: ffff ffff ffff ffff ffff ffff ffff ffff  ................
00019760: ffff ffff ffff ffff ffff ffff ffff ffff  ................
00019770: ffff ffff ffff ffff ffff ffff ffff ffff  ................
00019780: ffff ffff ffff ffff ffff ffff ffff ffff  ................
00019790: ffff ffff ffff ffff ffff ffff ffff ffff  ................
000197a0: ffff ffff ffff ffff ffff ffff ffff ffff  ................
000197b0: ffff ffff ffff ffff ffff ffff ffff ffff  ................
000197c0: ffff ffff ffff ffff ffff ffff ffff ffff  ................
000197d0: ffff ffff ffff ffff ffff ffff ffff ffff  ................
000197e0: ffff ffff ffff ffff ffff ffff ffff ffff  ................
000197f0: ffff ffff ffff ffff ffff ffff ffff ffff  ................
00019800: ffff ffff ffff ffff ffff ffff ffff ffff  ................
00019810: ffff ffff ffff ffff ffff ffff ffff ffff  ................
00019820: ffff ffff ffff ffff ffff ffff ffff ffff  ................
00019830: ffff ffff ffff ffff ffff ffff ffff ffff  ................
00019840: ffff ffff ffff ffff ffff ffff ffff ffff  ................
00019850: ffff ffff ffff ffff ffff ffff ffff ffff  ................
00019860: ffff ffff ffff ffff ffff ffff ffff ffff  ................
00019870: ffff ffff ffff ffff ffff ffff ffff ffff  ................
00019880: ffff ffff ffff ffff ffff ffff ffff ffff  ................
00019890: ffff ffff ffff ffff ffff ffff ffff ffff  ................
000198a0: ffff ffff ffff ffff ffff ffff ffff ffff  ................
000198b0: ffff ffff ffff ffff ffff ffff ffff ffff  ................
000198c0: ffff ffff ffff ffff ffff ffff ffff ffff  ................
000198d0: ffff ffff ffff ffff ffff ffff ffff ffff  ................
000198e0: ffff ffff ffff ffff ffff ffff ffff ffff  ................
000198f0: ffff ffff ffff ffff ffff ffff ffff ffff  ................
00019900: ffff ffff ffff ffff ffff ffff ffff ffff  ................
00019910: ffff ffff ffff ffff ffff ffff ffff ffff  ................
00019920: ffff ffff ffff ffff ffff ffff ffff ffff  ................
00019930: ffff ffff ffff ffff ffff ffff ffff ffff  ................
00019940: ffff ffff ffff ffff ffff ffff ffff ffff  ................
00019950: ffff ffff ffff ffff ffff ffff ffff ffff  ................
00019960: ffff ffff ffff ffff ffff ffff ffff ffff  ................
00019970: ffff ffff ffff ffff ffff ffff ffff ffff  ................
00019980: ffff ffff ffff ffff ffff ffff ffff ffff  ................
00019990: ffff ffff ffff ffff ffff ffff ffff ffff  ................
000199a0: ffff ffff ffff ffff ffff ffff ffff ffff  ................
000199b0: ffff ffff ffff ffff ffff ffff ffff ffff  ................
000199c0: ffff ffff ffff ffff ffff ffff ffff ffff  ................
000199d0: ffff ffff ffff ffff ffff ffff ffff ffff  ................
000199e0: ffff ffff ffff ffff ffff ffff ffff ffff  ................
000199f0: ffff ffff ffff ffff ffff ffff ffff ffff  ................
00019a00: ffff ffff ffff ffff ffff ffff ffff ffff  ................
00019a10: ffff ffff ffff ffff ffff ffff ffff ffff  ................
00019a20: ffff ffff ffff ffff ffff ffff ffff ffff  ................
00019a30: ffff ffff ffff ffff ffff ffff ffff ffff  ................
00019a40: ffff ffff ffff ffff ffff ffff ffff ffff  ................
00019a50: ffff ffff ffff ffff ffff ffff ffff ffff  ................
00019a60: ffff ffff ffff ffff ffff ffff ffff ffff  ................
00019a70: ffff ffff ffff ffff ffff ffff ffff ffff  ................
00019a80: ffff ffff ffff ffff ffff ffff ffff ffff  ................
00019a90: ffff ffff ffff ffff ffff ffff ffff ffff  ................
00019aa0: ffff ffff ffff ffff ffff ffff ffff ffff  ................
00019ab0: ffff ffff ffff ffff ffff ffff ffff ffff  ................
00019ac0: ffff ffff ffff ffff ffff ffff ffff ffff  ................
00019ad0: ffff ffff ffff ffff ffff ffff ffff ffff  ................
00019ae0: ffff ffff ffff ffff ffff ffff ffff ffff  ................
00019af0: ffff ffff ffff ffff ffff ffff ffff ffff  ................
00019b00: ffff ffff ffff ffff ffff ffff ffff ffff  ................
00019b10: ffff ffff ffff ffff ffff ffff ffff ffff  ................
00019b20: ffff ffff ffff ffff ffff ffff ffff ffff  ................
00019b30: ffff ffff ffff ffff ffff ffff ffff ffff  ................
00019b40: ffff ffff ffff ffff ffff ffff ffff ffff  ................
00019b50: ffff ffff ffff ffff ffff ffff ffff ffff  ................
00019b60: ffff ffff ffff ffff ffff ffff ffff ffff  ................
00019b70: ffff ffff ffff ffff ffff ffff ffff ffff  ................
00019b80: ffff ffff ffff ffff ffff ffff ffff ffff  ................
00019b90: ffff ffff ffff ffff ffff ffff ffff ffff  ................
00019ba0: ffff ffff ffff ffff ffff ffff ffff ffff  ................
00019bb0: ffff ffff ffff ffff ffff ffff ffff ffff  ................
00019bc0: ffff ffff ffff ffff ffff ffff ffff ffff  ................
00019bd0: ffff ffff ffff ffff ffff ffff ffff ffff  ................
00019be0: ffff ffff ffff ffff ffff ffff ffff ffff  ................
00019bf0: ffff ffff ffff ffff ffff ffff ffff ffff  ................
00019c00: ffff ffff ffff ffff ffff ffff ffff ffff  ................
00019c10: ffff ffff ffff ffff ffff ffff ffff ffff  ................
00019c20: ffff ffff ffff ffff ffff ffff ffff ffff  ................
00019c30: ffff ffff ffff ffff ffff ffff ffff ffff  ................
00019c40: ffff ffff ffff ffff ffff ffff ffff ffff  ................
00019c50: ffff ffff ffff ffff ffff ffff ffff ffff  ................
00019c60: ffff ffff ffff ffff ffff ffff ffff ffff  ................
00019c70: ffff ffff ffff ffff ffff ffff ffff ffff  ................
00019c80: ffff ffff ffff ffff ffff ffff ffff ffff  ................
00019c90: ffff ffff ffff ffff ffff ffff ffff ffff  ................
00019ca0: ffff ffff ffff ffff ffff ffff ffff ffff  ................
00019cb0: ffff ffff ffff ffff ffff ffff ffff ffff  ................
00019cc0: ffff ffff ffff ffff ffff ffff ffff ffff  ................
00019cd0: ffff ffff ffff ffff ffff ffff ffff ffff  ................
00019ce0: ffff ffff ffff ffff ffff ffff ffff ffff  ................
00019cf0: ffff ffff ffff ffff ffff ffff ffff ffff  ................
00019d00: ffff ffff ffff ffff ffff ffff ffff ffff  ................
00019d10: ffff ffff ffff ffff ffff ffff ffff ffff  ................
00019d20: ffff ffff ffff ffff ffff ffff ffff ffff  ................
00019d30: ffff ffff ffff ffff ffff ffff ffff ffff  ................
00019d40: ffff ffff ffff ffff ffff ffff ffff ffff  ................
00019d50: ffff ffff ffff ffff ffff ffff ffff ffff  ................
00019d60: ffff ffff ffff ffff ffff ffff ffff ffff  ................
00019d70: ffff ffff ffff ffff ffff ffff ffff ffff  ................
00019d80: ffff ffff ffff ffff ffff ffff ffff ffff  ................
00019d90: ffff ffff ffff ffff ffff ffff ffff ffff  ................
00019da0: ffff ffff ffff ffff ffff ffff ffff ffff  ................
00019db0: ffff ffff ffff ffff ffff ffff ffff ffff  ................
00019dc0: ffff ffff ffff ffff ffff ffff ffff ffff  ................
00019dd0: ffff ffff ffff ffff ffff ffff ffff ffff  ................
00019de0: ffff ffff ffff ffff ffff ffff ffff ffff  ................
00019df0: ffff ffff ffff ffff ffff ffff ffff ffff  ................
00019e00: ffff ffff ffff ffff ffff ffff ffff ffff  ................
00019e10: ffff ffff ffff ffff ffff ffff ffff ffff  ................
00019e20: ffff ffff ffff ffff ffff ffff ffff ffff  ................
00019e30: ffff ffff ffff ffff ffff ffff ffff ffff  ................
00019e40: ffff ffff ffff ffff ffff ffff ffff ffff  ................
00019e50: ffff ffff ffff ffff ffff ffff ffff ffff  ................
00019e60: ffff ffff ffff ffff ffff ffff ffff ffff  ................
00019e70: ffff ffff ffff ffff ffff ffff ffff ffff  ................
00019e80: ffff ffff ffff ffff ffff ffff ffff ffff  ................
00019e90: ffff ffff ffff ffff ffff ffff ffff ffff  ................
00019ea0: ffff ffff ffff ffff ffff ffff ffff ffff  ................
00019eb0: ffff ffff ffff ffff ffff ffff ffff ffff  ................
00019ec0: ffff ffff ffff ffff ffff ffff ffff ffff  ................
00019ed0: ffff ffff ffff ffff ffff ffff ffff ffff  ................
00019ee0: ffff ffff ffff ffff ffff ffff ffff ffff  ................
00019ef0: ffff ffff ffff ffff ffff ffff ffff ffff  ................
00019f00: ffff ffff ffff ffff ffff ffff ffff ffff  ................
00019f10: ffff ffff ffff ffff ffff ffff ffff ffff  ................
00019f20: ffff ffff ffff ffff ffff ffff ffff ffff  ................
00019f30: ffff ffff ffff ffff ffff ffff ffff ffff  ................
00019f40: ffff ffff ffff ffff ffff ffff ffff ffff  ................
00019f50: ffff ffff ffff ffff ffff ffff ffff ffff  ................
00019f60: ffff ffff ffff ffff ffff ffff ffff ffff  ................
00019f70: ffff ffff ffff ffff ffff ffff ffff ffff  ................
00019f80: ffff ffff ffff ffff ffff ffff ffff ffff  ................
00019f90: ffff ffff ffff ffff ffff ffff ffff ffff  ................
00019fa0: ffff ffff ffff ffff ffff ffff ffff ffff  ................
00019fb0: ffff ffff ffff ffff ffff ffff ffff ffff  ................
00019fc0: ffff ffff ffff ffff ffff ffff ffff ffff  ................
00019fd0: ffff ffff ffff ffff ffff ffff ffff ffff  ................
00019fe0: ffff ffff ffff ffff ffff ffff ffff ffff  ................
00019ff0: ffff ffff ffff ffff ffff ffff ffff ffff  ................
0001a000: ffff ffff ffff ffff ffff ffff ffff ffff  ................
0001a010: ffff ffff ffff ffff ffff ffff ffff ffff  ................
0001a020: ffff ffff ffff ffff ffff ffff ffff ffff  ................
0001a030: ffff ffff ffff ffff ffff ffff ffff ffff  ................
0001a040: ffff ffff ffff ffff ffff ffff ffff ffff  ................
0001a050: ffff ffff ffff ffff ffff ffff ffff ffff  ................
0001a060: ffff ffff ffff ffff ffff ffff ffff ffff  ................
0001a070: ffff ffff ffff ffff ffff ffff ffff ffff  ................
0001a080: ffff ffff ffff ffff ffff ffff ffff ffff  ................
0001a090: ffff ffff ffff ffff ffff ffff ffff ffff  ................
0001a0a0: ffff ffff ffff ffff ffff ffff ffff ffff  ................
0001a0b0: ffff ffff ffff ffff ffff ffff ffff ffff  ................
0001a0c0: ffff ffff ffff ffff ffff ffff ffff ffff  ................
0001a0d0: ffff ffff ffff ffff ffff ffff ffff ffff  ................
0001a0e0: ffff ffff ffff ffff ffff ffff ffff ffff  ................
0001a0f0: ffff ffff ffff ffff ffff ffff ffff ffff  ................
0001a100: ffff ffff ffff ffff ffff ffff ffff ffff  ................
0001a110: ffff ffff ffff ffff ffff ffff ffff ffff  ................
0001a120: ffff ffff ffff ffff ffff ffff ffff ffff  ................
0001a130: ffff ffff ffff ffff ffff ffff ffff ffff  ................
0001a140: ffff ffff ffff ffff ffff ffff ffff ffff  ................
0001a150: ffff ffff ffff ffff ffff ffff ffff ffff  ................
0001a160: ffff ffff ffff ffff ffff ffff ffff ffff  ................
0001a170: ffff ffff ffff ffff ffff ffff ffff ffff  ................
0001a180: ffff ffff ffff ffff ffff ffff ffff ffff  ................
0001a190: ffff ffff ffff ffff ffff ffff ffff ffff  ................
0001a1a0: ffff ffff ffff ffff ffff ffff ffff ffff  ................
0001a1b0: ffff ffff ffff ffff ffff ffff ffff ffff  ................
0001a1c0: ffff ffff ffff ffff ffff ffff ffff ffff  ................
0001a1d0: ffff ffff ffff ffff ffff ffff ffff ffff  ................
0001a1e0: ffff ffff ffff ffff ffff ffff ffff ffff  ................
0001a1f0: ffff ffff ffff ffff ffff ffff ffff ffff  ................
0001a200: ffff ffff ffff ffff ffff ffff ffff ffff  ................
0001a210: ffff ffff ffff ffff ffff ffff ffff ffff  ................
0001a220: ffff ffff ffff ffff ffff ffff ffff ffff  ................
0001a230: ffff ffff ffff ffff ffff ffff ffff ffff  ................
0001a240: ffff ffff ffff ffff ffff ffff ffff ffff  ................
0001a250: ffff ffff ffff ffff ffff ffff ffff ffff  ................
0001a260: ffff ffff ffff ffff ffff ffff ffff ffff  ................
0001a270: ffff ffff ffff ffff ffff ffff ffff ffff  ................
0001a280: ffff ffff ffff ffff ffff ffff ffff ffff  ................
0001a290: ffff ffff ffff ffff ffff ffff ffff ffff  ................
0001a2a0: ffff ffff ffff ffff ffff ffff ffff ffff  ................
0001a2b0: ffff ffff ffff ffff ffff ffff ffff ffff  ................
0001a2c0: ffff ffff ffff ffff ffff ffff ffff ffff  ................
0001a2d0: ffff ffff ffff ffff ffff ffff ffff ffff  ................
0001a2e0: ffff ffff ffff ffff ffff ffff ffff ffff  ................
0001a2f0: ffff ffff ffff ffff ffff ffff ffff ffff  ................
0001a300: ffff ffff ffff ffff ffff ffff ffff ffff  ................
0001a310: ffff ffff ffff ffff ffff ffff ffff ffff  ................
0001a320: ffff ffff ffff ffff ffff ffff ffff ffff  ................
0001a330: ffff ffff ffff ffff ffff ffff ffff ffff  ................
0001a340: ffff ffff ffff ffff ffff ffff ffff ffff  ................
0001a350: ffff ffff ffff ffff ffff ffff ffff ffff  ................
0001a360: ffff ffff ffff ffff ffff ffff ffff ffff  ................
0001a370: ffff ffff ffff ffff ffff ffff ffff ffff  ................
0001a380: ffff ffff ffff ffff ffff ffff ffff ffff  ................
0001a390: ffff ffff ffff ffff ffff ffff ffff ffff  ................
0001a3a0: ffff ffff ffff ffff ffff ffff ffff ffff  ................
0001a3b0: ffff ffff ffff ffff ffff ffff ffff ffff  ................
0001a3c0: ffff ffff ffff ffff ffff ffff ffff ffff  ................
0001a3d0: ffff ffff ffff ffff ffff ffff ffff ffff  ................
0001a3e0: ffff ffff ffff ffff ffff ffff ffff ffff  ................
0001a3f0: ffff ffff ffff ffff ffff ffff ffff ffff  ................
0001a400: ffff ffff ffff ffff ffff ffff ffff ffff  ................
0001a410: ffff ffff ffff ffff ffff ffff ffff ffff  ................
0001a420: ffff ffff ffff ffff ffff ffff ffff ffff  ................
0001a430: ffff ffff ffff ffff ffff ffff ffff ffff  ................
0001a440: ffff ffff ffff ffff ffff ffff ffff ffff  ................
0001a450: ffff ffff ffff ffff ffff ffff ffff ffff  ................
0001a460: ffff ffff ffff ffff ffff ffff ffff ffff  ................
0001a470: ffff ffff ffff ffff ffff ffff ffff ffff  ................
0001a480: ffff ffff ffff ffff ffff ffff ffff ffff  ................
0001a490: ffff ffff ffff ffff ffff ffff ffff ffff  ................
0001a4a0: ffff ffff ffff ffff ffff ffff ffff ffff  ................
0001a4b0: ffff ffff ffff ffff ffff ffff ffff ffff  ................
0001a4c0: ffff ffff ffff ffff ffff ffff ffff ffff  ................
0001a4d0: ffff ffff ffff ffff ffff ffff ffff ffff  ................
0001a4e0: ffff ffff ffff ffff ffff ffff ffff ffff  ................
0001a4f0: ffff ffff ffff ffff ffff ffff ffff ffff  ................
0001a500: ffff ffff ffff ffff ffff ffff ffff ffff  ................
0001a510: ffff ffff ffff ffff ffff ffff ffff ffff  ................
0001a520: ffff ffff ffff ffff ffff ffff ffff ffff  ................
0001a530: ffff ffff ffff ffff ffff ffff ffff ffff  ................
0001a540: ffff ffff ffff ffff ffff ffff ffff ffff  ................
0001a550: ffff ffff ffff ffff ffff ffff ffff ffff  ................
0001a560: ffff ffff ffff ffff ffff ffff ffff ffff  ................
0001a570: ffff ffff ffff ffff ffff ffff ffff ffff  ................
0001a580: ffff ffff ffff ffff ffff ffff ffff ffff  ................
0001a590: ffff ffff ffff ffff ffff ffff ffff ffff  ................
0001a5a0: ffff ffff ffff ffff ffff ffff ffff ffff  ................
0001a5b0: ffff ffff ffff ffff ffff ffff ffff ffff  ................
0001a5c0: ffff ffff ffff ffff ffff ffff ffff ffff  ................
0001a5d0: ffff ffff ffff ffff ffff ffff ffff ffff  ................
0001a5e0: ffff ffff ffff ffff ffff ffff ffff ffff  ................
0001a5f0: ffff ffff ffff ffff ffff ffff ffff ffff  ................
0001a600: ffff ffff ffff ffff ffff ffff ffff ffff  ................
0001a610: ffff ffff ffff ffff ffff ffff ffff ffff  ................
0001a620: ffff ffff ffff ffff ffff ffff ffff ffff  ................
0001a630: ffff ffff ffff ffff ffff ffff ffff ffff  ................
0001a640: ffff ffff ffff ffff ffff ffff ffff ffff  ................
0001a650: ffff ffff ffff ffff ffff ffff ffff ffff  ................
0001a660: ffff ffff ffff ffff ffff ffff ffff ffff  ................
0001a670: ffff ffff ffff ffff ffff ffff ffff ffff  ................
0001a680: ffff ffff ffff ffff ffff ffff ffff ffff  ................
0001a690: ffff ffff ffff ffff ffff ffff ffff ffff  ................
0001a6a0: ffff ffff ffff ffff ffff ffff ffff ffff  ................
0001a6b0: ffff ffff ffff ffff ffff ffff ffff ffff  ................
0001a6c0: ffff ffff ffff ffff ffff ffff ffff ffff  ................
0001a6d0: ffff ffff ffff ffff ffff ffff ffff ffff  ................
0001a6e0: ffff ffff ffff ffff ffff ffff ffff ffff  ................
0001a6f0: ffff ffff ffff ffff ffff ffff ffff ffff  ................
0001a700: ffff ffff ffff ffff ffff ffff ffff ffff  ................
0001a710: ffff ffff ffff ffff ffff ffff ffff ffff  ................
0001a720: ffff ffff ffff ffff ffff ffff ffff ffff  ................
0001a730: ffff ffff ffff ffff ffff ffff ffff ffff  ................
0001a740: ffff ffff ffff ffff ffff ffff ffff ffff  ................
0001a750: ffff ffff ffff ffff ffff ffff ffff ffff  ................
0001a760: ffff ffff ffff ffff ffff ffff ffff ffff  ................
0001a770: ffff ffff ffff ffff ffff ffff ffff ffff  ................
0001a780: ffff ffff ffff ffff ffff ffff ffff ffff  ................
0001a790: ffff ffff ffff ffff ffff ffff ffff ffff  ................
0001a7a0: ffff ffff ffff ffff ffff ffff ffff ffff  ................
0001a7b0: ffff ffff ffff ffff ffff ffff ffff ffff  ................
0001a7c0: ffff ffff ffff ffff ffff ffff ffff ffff  ................
0001a7d0: ffff ffff ffff ffff ffff ffff ffff ffff  ................
0001a7e0: ffff ffff ffff ffff ffff ffff ffff ffff  ................
0001a7f0: ffff ffff ffff ffff ffff ffff ffff ffff  ................
0001a800: ffff ffff ffff ffff ffff ffff ffff ffff  ................
0001a810: ffff ffff ffff ffff ffff ffff ffff ffff  ................
0001a820: ffff ffff ffff ffff ffff ffff ffff ffff  ................
0001a830: ffff ffff ffff ffff ffff ffff ffff ffff  ................
0001a840: ffff ffff ffff ffff ffff ffff ffff ffff  ................
0001a850: ffff ffff ffff ffff ffff ffff ffff ffff  ................
0001a860: ffff ffff ffff ffff ffff ffff ffff ffff  ................
0001a870: ffff ffff ffff ffff ffff ffff ffff ffff  ................
0001a880: ffff ffff ffff ffff ffff ffff ffff ffff  ................
0001a890: ffff ffff ffff ffff ffff ffff ffff ffff  ................
0001a8a0: ffff ffff ffff ffff ffff ffff ffff ffff  ................
0001a8b0: ffff ffff ffff ffff ffff ffff ffff ffff  ................
0001a8c0: ffff ffff ffff ffff ffff ffff ffff ffff  ................
0001a8d0: ffff ffff ffff ffff ffff ffff ffff ffff  ................
0001a8e0: ffff ffff ffff ffff ffff ffff ffff ffff  ................
0001a8f0: ffff ffff ffff ffff ffff ffff ffff ffff  ................
0001a900: ffff ffff ffff ffff ffff ffff ffff ffff  ................
0001a910: ffff ffff ffff ffff ffff ffff ffff ffff  ................
0001a920: ffff ffff ffff ffff ffff ffff ffff ffff  ................
0001a930: ffff ffff ffff ffff ffff ffff ffff ffff  ................
0001a940: ffff ffff ffff ffff ffff ffff ffff ffff  ................
0001a950: ffff ffff ffff ffff ffff ffff ffff ffff  ................
0001a960: ffff ffff ffff ffff ffff ffff ffff ffff  ................
0001a970: ffff ffff ffff ffff ffff ffff ffff ffff  ................
0001a980: ffff ffff ffff ffff ffff ffff ffff ffff  ................
0001a990: ffff ffff ffff ffff ffff ffff ffff ffff  ................
0001a9a0: ffff ffff ffff ffff ffff ffff ffff ffff  ................
0001a9b0: ffff ffff ffff ffff ffff ffff ffff ffff  ................
0001a9c0: ffff ffff ffff ffff ffff ffff ffff ffff  ................
0001a9d0: ffff ffff ffff ffff ffff ffff ffff ffff  ................
0001a9e0: ffff ffff ffff ffff ffff ffff ffff ffff  ................
0001a9f0: ffff ffff ffff ffff ffff ffff ffff ffff  ................
0001aa00: ffff ffff ffff ffff ffff ffff ffff ffff  ................
0001aa10: ffff ffff ffff ffff ffff ffff ffff ffff  ................
0001aa20: ffff ffff ffff ffff ffff ffff ffff ffff  ................
0001aa30: ffff ffff ffff ffff ffff ffff ffff ffff  ................
0001aa40: ffff ffff ffff ffff ffff ffff ffff ffff  ................
0001aa50: ffff ffff ffff ffff ffff ffff ffff ffff  ................
0001aa60: ffff ffff ffff ffff ffff ffff ffff ffff  ................
0001aa70: ffff ffff ffff ffff ffff ffff ffff ffff  ................
0001aa80: ffff ffff ffff ffff ffff ffff ffff ffff  ................
0001aa90: ffff ffff ffff ffff ffff ffff ffff ffff  ................
0001aaa0: ffff ffff ffff ffff ffff ffff ffff ffff  ................
0001aab0: ffff ffff ffff ffff ffff ffff ffff ffff  ................
0001aac0: ffff ffff ffff ffff ffff ffff ffff ffff  ................
0001aad0: ffff ffff ffff ffff ffff ffff ffff ffff  ................
0001aae0: ffff ffff ffff ffff ffff ffff ffff ffff  ................
0001aaf0: ffff ffff ffff ffff ffff ffff ffff ffff  ................
0001ab00: ffff ffff ffff ffff ffff ffff ffff ffff  ................
0001ab10: ffff ffff ffff ffff ffff ffff ffff ffff  ................
0001ab20: ffff ffff ffff ffff ffff ffff ffff ffff  ................
0001ab30: ffff ffff ffff ffff ffff ffff ffff ffff  ................
0001ab40: ffff ffff ffff ffff ffff ffff ffff ffff  ................
0001ab50: ffff ffff ffff ffff ffff ffff ffff ffff  ................
0001ab60: ffff ffff ffff ffff ffff ffff ffff ffff  ................
0001ab70: ffff ffff ffff ffff ffff ffff ffff ffff  ................
0001ab80: ffff ffff ffff ffff ffff ffff ffff ffff  ................
0001ab90: ffff ffff ffff ffff ffff ffff ffff ffff  ................
0001aba0: ffff ffff ffff ffff ffff ffff ffff ffff  ................
0001abb0: ffff ffff ffff ffff ffff ffff ffff ffff  ................
0001abc0: ffff ffff ffff ffff ffff ffff ffff ffff  ................
0001abd0: ffff ffff ffff ffff ffff ffff ffff ffff  ................
0001abe0: ffff ffff ffff ffff ffff ffff ffff ffff  ................
0001abf0: ffff ffff ffff ffff ffff ffff ffff ffff  ................
0001ac00: ffff ffff ffff ffff ffff ffff ffff ffff  ................
0001ac10: ffff ffff ffff ffff ffff ffff ffff ffff  ................
0001ac20: ffff ffff ffff ffff ffff ffff ffff ffff  ................
0001ac30: ffff ffff ffff ffff ffff ffff ffff ffff  ................
0001ac40: ffff ffff ffff ffff ffff ffff ffff ffff  ................
0001ac50: ffff ffff ffff ffff ffff ffff ffff ffff  ................
0001ac60: ffff ffff ffff ffff ffff ffff ffff ffff  ................
0001ac70: ffff ffff ffff ffff ffff ffff ffff ffff  ................
0001ac80: ffff ffff ffff ffff ffff ffff ffff ffff  ................
0001ac90: ffff ffff ffff ffff ffff ffff ffff ffff  ................
0001aca0: ffff ffff ffff ffff ffff ffff ffff ffff  ................
0001acb0: ffff ffff ffff ffff ffff ffff ffff ffff  ................
0001acc0: ffff ffff ffff ffff ffff ffff ffff ffff  ................
0001acd0: ffff ffff ffff ffff ffff ffff ffff ffff  ................
0001ace0: ffff ffff ffff ffff ffff ffff ffff ffff  ................
0001acf0: ffff ffff ffff ffff ffff ffff ffff ffff  ................
0001ad00: ffff ffff ffff ffff ffff ffff ffff ffff  ................
0001ad10: ffff ffff ffff ffff ffff ffff ffff ffff  ................
0001ad20: ffff ffff ffff ffff ffff ffff ffff ffff  ................
0001ad30: ffff ffff ffff ffff ffff ffff ffff ffff  ................
0001ad40: ffff ffff ffff ffff ffff ffff ffff ffff  ................
0001ad50: ffff ffff ffff ffff ffff ffff ffff ffff  ................
0001ad60: ffff ffff ffff ffff ffff ffff ffff ffff  ................
0001ad70: ffff ffff ffff ffff ffff ffff ffff ffff  ................
0001ad80: ffff ffff ffff ffff ffff ffff ffff ffff  ................
0001ad90: ffff ffff ffff ffff ffff ffff ffff ffff  ................
0001ada0: ffff ffff ffff ffff ffff ffff ffff ffff  ................
0001adb0: ffff ffff ffff ffff ffff ffff ffff ffff  ................
0001adc0: ffff ffff ffff ffff ffff ffff ffff ffff  ................
0001add0: ffff ffff ffff ffff ffff ffff ffff ffff  ................
0001ade0: ffff ffff ffff ffff ffff ffff ffff ffff  ................
0001adf0: ffff ffff ffff ffff ffff ffff ffff ffff  ................
0001ae00: ffff ffff ffff ffff ffff ffff ffff ffff  ................
0001ae10: ffff ffff ffff ffff ffff ffff ffff ffff  ................
0001ae20: ffff ffff ffff ffff ffff ffff ffff ffff  ................
0001ae30: ffff ffff ffff ffff ffff ffff ffff ffff  ................
0001ae40: ffff ffff ffff ffff ffff ffff ffff ffff  ................
0001ae50: ffff ffff ffff ffff ffff ffff ffff ffff  ................
0001ae60: ffff ffff ffff ffff ffff ffff ffff ffff  ................
0001ae70: ffff ffff ffff ffff ffff ffff ffff ffff  ................
0001ae80: ffff ffff ffff ffff ffff ffff ffff ffff  ................
0001ae90: ffff ffff ffff ffff ffff ffff ffff ffff  ................
0001aea0: ffff ffff ffff ffff ffff ffff ffff ffff  ................
0001aeb0: ffff ffff ffff ffff ffff ffff ffff ffff  ................
0001aec0: ffff ffff ffff ffff ffff ffff ffff ffff  ................
0001aed0: ffff ffff ffff ffff ffff ffff ffff ffff  ................
0001aee0: ffff ffff ffff ffff ffff ffff ffff ffff  ................
0001aef0: ffff ffff ffff ffff ffff ffff ffff ffff  ................
0001af00: ffff ffff ffff ffff ffff ffff ffff ffff  ................
0001af10: ffff ffff ffff ffff ffff ffff ffff ffff  ................
0001af20: ffff ffff ffff ffff ffff ffff ffff ffff  ................
0001af30: ffff ffff ffff ffff ffff ffff ffff ffff  ................
0001af40: ffff ffff ffff ffff ffff ffff ffff ffff  ................
0001af50: ffff ffff ffff ffff ffff ffff ffff ffff  ................
0001af60: ffff ffff ffff ffff ffff ffff ffff ffff  ................
0001af70: ffff ffff ffff ffff ffff ffff ffff ffff  ................
0001af80: ffff ffff ffff ffff ffff ffff ffff ffff  ................
0001af90: ffff ffff ffff ffff ffff ffff ffff ffff  ................
0001afa0: ffff ffff ffff ffff ffff ffff ffff ffff  ................
0001afb0: ffff ffff ffff ffff ffff ffff ffff ffff  ................
0001afc0: ffff ffff ffff ffff ffff ffff ffff ffff  ................
0001afd0: ffff ffff ffff ffff ffff ffff ffff ffff  ................
0001afe0: ffff ffff ffff ffff ffff ffff ffff ffff  ................
0001aff0: ffff ffff ffff ffff ffff ffff ffff ffff  ................
0001b000: ffff ffff ffff ffff ffff ffff ffff ffff  ................
0001b010: ffff ffff ffff ffff ffff ffff ffff ffff  ................
0001b020: ffff ffff ffff ffff ffff ffff ffff ffff  ................
0001b030: ffff ffff ffff ffff ffff ffff ffff ffff  ................
0001b040: ffff ffff ffff ffff ffff ffff ffff ffff  ................
0001b050: ffff ffff ffff ffff ffff ffff ffff ffff  ................
0001b060: ffff ffff ffff ffff ffff ffff ffff ffff  ................
0001b070: ffff ffff ffff ffff ffff ffff ffff ffff  ................
0001b080: ffff ffff ffff ffff ffff ffff ffff ffff  ................
0001b090: ffff ffff ffff ffff ffff ffff ffff ffff  ................
0001b0a0: ffff ffff ffff ffff ffff ffff ffff ffff  ................
0001b0b0: ffff ffff ffff ffff ffff ffff ffff ffff  ................
0001b0c0: ffff ffff ffff ffff ffff ffff ffff ffff  ................
0001b0d0: ffff ffff ffff ffff ffff ffff ffff ffff  ................
0001b0e0: ffff ffff ffff ffff ffff ffff ffff ffff  ................
0001b0f0: ffff ffff ffff ffff ffff ffff ffff ffff  ................
0001b100: ffff ffff ffff ffff ffff ffff ffff ffff  ................
0001b110: ffff ffff ffff ffff ffff ffff ffff ffff  ................
0001b120: ffff ffff ffff ffff ffff ffff ffff ffff  ................
0001b130: ffff ffff ffff ffff ffff ffff ffff ffff  ................
0001b140: ffff ffff ffff ffff ffff ffff ffff ffff  ................
0001b150: ffff ffff ffff ffff ffff ffff ffff ffff  ................
0001b160: ffff ffff ffff ffff ffff ffff ffff ffff  ................
0001b170: ffff ffff ffff ffff ffff ffff ffff ffff  ................
0001b180: ffff ffff ffff ffff ffff ffff ffff ffff  ................
0001b190: ffff ffff ffff ffff ffff ffff ffff ffff  ................
0001b1a0: ffff ffff ffff ffff ffff ffff ffff ffff  ................
0001b1b0: ffff ffff ffff ffff ffff ffff ffff ffff  ................
0001b1c0: ffff ffff ffff ffff ffff ffff ffff ffff  ................
0001b1d0: ffff ffff ffff ffff ffff ffff ffff ffff  ................
0001b1e0: ffff ffff ffff ffff ffff ffff ffff ffff  ................
0001b1f0: ffff ffff ffff ffff ffff ffff ffff ffff  ................
0001b200: ffff ffff ffff ffff ffff ffff ffff ffff  ................
0001b210: ffff ffff ffff ffff ffff ffff ffff ffff  ................
0001b220: ffff ffff ffff ffff ffff ffff ffff ffff  ................
0001b230: ffff ffff ffff ffff ffff ffff ffff ffff  ................
0001b240: ffff ffff ffff ffff ffff ffff ffff ffff  ................
0001b250: ffff ffff ffff ffff ffff ffff ffff ffff  ................
0001b260: ffff ffff ffff ffff ffff ffff ffff ffff  ................
0001b270: ffff ffff ffff ffff ffff ffff ffff ffff  ................
0001b280: ffff ffff ffff ffff ffff ffff ffff ffff  ................
0001b290: ffff ffff ffff ffff ffff ffff ffff ffff  ................
0001b2a0: ffff ffff ffff ffff ffff ffff ffff ffff  ................
0001b2b0: ffff ffff ffff ffff ffff ffff ffff ffff  ................
0001b2c0: ffff ffff ffff ffff ffff ffff ffff ffff  ................
0001b2d0: ffff ffff ffff ffff ffff ffff ffff ffff  ................
0001b2e0: ffff ffff ffff ffff ffff ffff ffff ffff  ................
0001b2f0: ffff ffff ffff ffff ffff ffff ffff ffff  ................
0001b300: ffff ffff ffff ffff ffff ffff ffff ffff  ................
0001b310: ffff ffff ffff ffff ffff ffff ffff ffff  ................
0001b320: ffff ffff ffff ffff ffff ffff ffff ffff  ................
0001b330: ffff ffff ffff ffff ffff ffff ffff ffff  ................
0001b340: ffff ffff ffff ffff ffff ffff ffff ffff  ................
0001b350: ffff ffff ffff ffff ffff ffff ffff ffff  ................
0001b360: ffff ffff ffff ffff ffff ffff ffff ffff  ................
0001b370: ffff ffff ffff ffff ffff ffff ffff ffff  ................
0001b380: ffff ffff ffff ffff ffff ffff ffff ffff  ................
0001b390: ffff ffff ffff ffff ffff ffff ffff ffff  ................
0001b3a0: ffff ffff ffff ffff ffff ffff ffff ffff  ................
0001b3b0: ffff ffff ffff ffff ffff ffff ffff ffff  ................
0001b3c0: ffff ffff ffff ffff ffff ffff ffff ffff  ................
0001b3d0: ffff ffff ffff ffff ffff ffff ffff ffff  ................
0001b3e0: ffff ffff ffff ffff ffff ffff ffff ffff  ................
0001b3f0: ffff ffff ffff ffff ffff ffff ffff ffff  ................
0001b400: ffff ffff ffff ffff ffff ffff ffff ffff  ................
0001b410: ffff ffff ffff ffff ffff ffff ffff ffff  ................
0001b420: ffff ffff ffff ffff ffff ffff ffff ffff  ................
0001b430: ffff ffff ffff ffff ffff ffff ffff ffff  ................
0001b440: ffff ffff ffff ffff ffff ffff ffff ffff  ................
0001b450: ffff ffff ffff ffff ffff ffff ffff ffff  ................
0001b460: ffff ffff ffff ffff ffff ffff ffff ffff  ................
0001b470: ffff ffff ffff ffff ffff ffff ffff ffff  ................
0001b480: ffff ffff ffff ffff ffff ffff ffff ffff  ................
0001b490: ffff ffff ffff ffff ffff ffff ffff ffff  ................
0001b4a0: ffff ffff ffff ffff ffff ffff ffff ffff  ................
0001b4b0: ffff ffff ffff ffff ffff ffff ffff ffff  ................
0001b4c0: ffff ffff ffff ffff ffff ffff ffff ffff  ................
0001b4d0: ffff ffff ffff ffff ffff ffff ffff ffff  ................
0001b4e0: ffff ffff ffff ffff ffff ffff ffff ffff  ................
0001b4f0: ffff ffff ffff ffff ffff ffff ffff ffff  ................
0001b500: ffff ffff ffff ffff ffff ffff ffff ffff  ................
0001b510: ffff ffff ffff ffff ffff ffff ffff ffff  ................
0001b520: ffff ffff ffff ffff ffff ffff ffff ffff  ................
0001b530: ffff ffff ffff ffff ffff ffff ffff ffff  ................
0001b540: ffff ffff ffff ffff ffff ffff ffff ffff  ................
0001b550: ffff ffff ffff ffff ffff ffff ffff ffff  ................
0001b560: ffff ffff ffff ffff ffff ffff ffff ffff  ................
0001b570: ffff ffff ffff ffff ffff ffff ffff ffff  ................
0001b580: ffff ffff ffff ffff ffff ffff ffff ffff  ................
0001b590: ffff ffff ffff ffff ffff ffff ffff ffff  ................
0001b5a0: ffff ffff ffff ffff ffff ffff ffff ffff  ................
0001b5b0: ffff ffff ffff ffff ffff ffff ffff ffff  ................
0001b5c0: ffff ffff ffff ffff ffff ffff ffff ffff  ................
0001b5d0: ffff ffff ffff ffff ffff ffff ffff ffff  ................
0001b5e0: ffff ffff ffff ffff ffff ffff ffff ffff  ................
0001b5f0: ffff ffff ffff ffff ffff ffff ffff ffff  ................
0001b600: ffff ffff ffff ffff ffff ffff ffff ffff  ................
0001b610: ffff ffff ffff ffff ffff ffff ffff ffff  ................
0001b620: ffff ffff ffff ffff ffff ffff ffff ffff  ................
0001b630: ffff ffff ffff ffff ffff ffff ffff ffff  ................
0001b640: ffff ffff ffff ffff ffff ffff ffff ffff  ................
0001b650: ffff ffff ffff ffff ffff ffff ffff ffff  ................
0001b660: ffff ffff ffff ffff ffff ffff ffff ffff  ................
0001b670: ffff ffff ffff ffff ffff ffff ffff ffff  ................
0001b680: ffff ffff ffff ffff ffff ffff ffff ffff  ................
0001b690: ffff ffff ffff ffff ffff ffff ffff ffff  ................
0001b6a0: ffff ffff ffff ffff ffff ffff ffff ffff  ................
0001b6b0: ffff ffff ffff ffff ffff ffff ffff ffff  ................
0001b6c0: ffff ffff ffff ffff ffff ffff ffff ffff  ................
0001b6d0: ffff ffff ffff ffff ffff ffff ffff ffff  ................
0001b6e0: ffff ffff ffff ffff ffff ffff ffff ffff  ................
0001b6f0: ffff ffff ffff ffff ffff ffff ffff ffff  ................
0001b700: ffff ffff ffff ffff ffff ffff ffff ffff  ................
0001b710: ffff ffff ffff ffff ffff ffff ffff ffff  ................
0001b720: ffff ffff ffff ffff ffff ffff ffff ffff  ................
0001b730: ffff ffff ffff ffff ffff ffff ffff ffff  ................
0001b740: ffff ffff ffff ffff ffff ffff ffff ffff  ................
0001b750: ffff ffff ffff ffff ffff ffff ffff ffff  ................
0001b760: ffff ffff ffff ffff ffff ffff ffff ffff  ................
0001b770: ffff ffff ffff ffff ffff ffff ffff ffff  ................
0001b780: ffff ffff ffff ffff ffff ffff ffff ffff  ................
0001b790: ffff ffff ffff ffff ffff ffff ffff ffff  ................
0001b7a0: ffff ffff ffff ffff ffff ffff ffff ffff  ................
0001b7b0: ffff ffff ffff ffff ffff ffff ffff ffff  ................
0001b7c0: ffff ffff ffff ffff ffff ffff ffff ffff  ................
0001b7d0: ffff ffff ffff ffff ffff ffff ffff ffff  ................
0001b7e0: ffff ffff ffff ffff ffff ffff ffff ffff  ................
0001b7f0: ffff ffff ffff ffff ffff ffff ffff ffff  ................
0001b800: ffff ffff ffff ffff ffff ffff ffff ffff  ................
0001b810: ffff ffff ffff ffff ffff ffff ffff ffff  ................
0001b820: ffff ffff ffff ffff ffff ffff ffff ffff  ................
0001b830: ffff ffff ffff ffff ffff ffff ffff ffff  ................
0001b840: ffff ffff ffff ffff ffff ffff ffff ffff  ................
0001b850: ffff ffff ffff ffff ffff ffff ffff ffff  ................
0001b860: ffff ffff ffff ffff ffff ffff ffff ffff  ................
0001b870: ffff ffff ffff ffff ffff ffff ffff ffff  ................
0001b880: ffff ffff ffff ffff ffff ffff ffff ffff  ................
0001b890: ffff ffff ffff ffff ffff ffff ffff ffff  ................
0001b8a0: ffff ffff ffff ffff ffff ffff ffff ffff  ................
0001b8b0: ffff ffff ffff ffff ffff ffff ffff ffff  ................
0001b8c0: ffff ffff ffff ffff ffff ffff ffff ffff  ................
0001b8d0: ffff ffff ffff ffff ffff ffff ffff ffff  ................
0001b8e0: ffff ffff ffff ffff ffff ffff ffff ffff  ................
0001b8f0: ffff ffff ffff ffff ffff ffff ffff ffff  ................
0001b900: ffff ffff ffff ffff ffff ffff ffff ffff  ................
0001b910: ffff ffff ffff ffff ffff ffff ffff ffff  ................
0001b920: ffff ffff ffff ffff ffff ffff ffff ffff  ................
0001b930: ffff ffff ffff ffff ffff ffff ffff ffff  ................
0001b940: ffff ffff ffff ffff ffff ffff ffff ffff  ................
0001b950: ffff ffff ffff ffff ffff ffff ffff ffff  ................
0001b960: ffff ffff ffff ffff ffff ffff ffff ffff  ................
0001b970: ffff ffff ffff ffff ffff ffff ffff ffff  ................
0001b980: ffff ffff ffff ffff ffff ffff ffff ffff  ................
0001b990: ffff ffff ffff ffff ffff ffff ffff ffff  ................
0001b9a0: ffff ffff ffff ffff ffff ffff ffff ffff  ................
0001b9b0: ffff ffff ffff ffff ffff ffff ffff ffff  ................
0001b9c0: ffff ffff ffff ffff ffff ffff ffff ffff  ................
0001b9d0: ffff ffff ffff ffff ffff ffff ffff ffff  ................
0001b9e0: ffff ffff ffff ffff ffff ffff ffff ffff  ................
0001b9f0: ffff ffff ffff ffff ffff ffff ffff ffff  ................
0001ba00: ffff ffff ffff ffff ffff ffff ffff ffff  ................
0001ba10: ffff ffff ffff ffff ffff ffff ffff ffff  ................
0001ba20: ffff ffff ffff ffff ffff ffff ffff ffff  ................
0001ba30: ffff ffff ffff ffff ffff ffff ffff ffff  ................
0001ba40: ffff ffff ffff ffff ffff ffff ffff ffff  ................
0001ba50: ffff ffff ffff ffff ffff ffff ffff ffff  ................
0001ba60: ffff ffff ffff ffff ffff ffff ffff ffff  ................
0001ba70: ffff ffff ffff ffff ffff ffff ffff ffff  ................
0001ba80: ffff ffff ffff ffff ffff ffff ffff ffff  ................
0001ba90: ffff ffff ffff ffff ffff ffff ffff ffff  ................
0001baa0: ffff ffff ffff ffff ffff ffff ffff ffff  ................
0001bab0: ffff ffff ffff ffff ffff ffff ffff ffff  ................
0001bac0: ffff ffff ffff ffff ffff ffff ffff ffff  ................
0001bad0: ffff ffff ffff ffff ffff ffff ffff ffff  ................
0001bae0: ffff ffff ffff ffff ffff ffff ffff ffff  ................
0001baf0: ffff ffff ffff ffff ffff ffff ffff ffff  ................
0001bb00: ffff ffff ffff ffff ffff ffff ffff ffff  ................
0001bb10: ffff ffff ffff ffff ffff ffff ffff ffff  ................
0001bb20: ffff ffff ffff ffff ffff ffff ffff ffff  ................
0001bb30: ffff ffff ffff ffff ffff ffff ffff ffff  ................
0001bb40: ffff ffff ffff ffff ffff ffff ffff ffff  ................
0001bb50: ffff ffff ffff ffff ffff ffff ffff ffff  ................
0001bb60: ffff ffff ffff ffff ffff ffff ffff ffff  ................
0001bb70: ffff ffff ffff ffff ffff ffff ffff ffff  ................
0001bb80: ffff ffff ffff ffff ffff ffff ffff ffff  ................
0001bb90: ffff ffff ffff ffff ffff ffff ffff ffff  ................
0001bba0: ffff ffff ffff ffff ffff ffff ffff ffff  ................
0001bbb0: ffff ffff ffff ffff ffff ffff ffff ffff  ................
0001bbc0: ffff ffff ffff ffff ffff ffff ffff ffff  ................
0001bbd0: ffff ffff ffff ffff ffff ffff ffff ffff  ................
0001bbe0: ffff ffff ffff ffff ffff ffff ffff ffff  ................
0001bbf0: ffff ffff ffff ffff ffff ffff ffff ffff  ................
0001bc00: ffff ffff ffff ffff ffff ffff ffff ffff  ................
0001bc10: ffff ffff ffff ffff ffff ffff ffff ffff  ................
0001bc20: ffff ffff ffff ffff ffff ffff ffff ffff  ................
0001bc30: ffff ffff ffff ffff ffff ffff ffff ffff  ................
0001bc40: ffff ffff ffff ffff ffff ffff ffff ffff  ................
0001bc50: ffff ffff ffff ffff ffff ffff ffff ffff  ................
0001bc60: ffff ffff ffff ffff ffff ffff ffff ffff  ................
0001bc70: ffff ffff ffff ffff ffff ffff ffff ffff  ................
0001bc80: ffff ffff ffff ffff ffff ffff ffff ffff  ................
0001bc90: ffff ffff ffff ffff ffff ffff ffff ffff  ................
0001bca0: ffff ffff ffff ffff ffff ffff ffff ffff  ................
0001bcb0: ffff ffff ffff ffff ffff ffff ffff ffff  ................
0001bcc0: ffff ffff ffff ffff ffff ffff ffff ffff  ................
0001bcd0: ffff ffff ffff ffff ffff ffff ffff ffff  ................
0001bce0: ffff ffff ffff ffff ffff ffff ffff ffff  ................
0001bcf0: ffff ffff ffff ffff ffff ffff ffff ffff  ................
0001bd00: ffff ffff ffff ffff ffff ffff ffff ffff  ................
0001bd10: ffff ffff ffff ffff ffff ffff ffff ffff  ................
0001bd20: ffff ffff ffff ffff ffff ffff ffff ffff  ................
0001bd30: ffff ffff ffff ffff ffff ffff ffff ffff  ................
0001bd40: ffff ffff ffff ffff ffff ffff ffff ffff  ................
0001bd50: ffff ffff ffff ffff ffff ffff ffff ffff  ................
0001bd60: ffff ffff ffff ffff ffff ffff ffff ffff  ................
0001bd70: ffff ffff ffff ffff ffff ffff ffff ffff  ................
0001bd80: ffff ffff ffff ffff ffff ffff ffff ffff  ................
0001bd90: ffff ffff ffff ffff ffff ffff ffff ffff  ................
0001bda0: ffff ffff ffff ffff ffff ffff ffff ffff  ................
0001bdb0: ffff ffff ffff ffff ffff ffff ffff ffff  ................
0001bdc0: ffff ffff ffff ffff ffff ffff ffff ffff  ................
0001bdd0: ffff ffff ffff ffff ffff ffff ffff ffff  ................
0001bde0: ffff ffff ffff ffff ffff ffff ffff ffff  ................
0001bdf0: ffff ffff ffff ffff ffff ffff ffff ffff  ................
0001be00: ffff ffff ffff ffff ffff ffff ffff ffff  ................
0001be10: ffff ffff ffff ffff ffff ffff ffff ffff  ................
0001be20: ffff ffff ffff ffff ffff ffff ffff ffff  ................
0001be30: ffff ffff ffff ffff ffff ffff ffff ffff  ................
0001be40: ffff ffff ffff ffff ffff ffff ffff ffff  ................
0001be50: ffff ffff ffff ffff ffff ffff ffff ffff  ................
0001be60: ffff ffff ffff ffff ffff ffff ffff ffff  ................
0001be70: ffff ffff ffff ffff ffff ffff ffff ffff  ................
0001be80: ffff ffff ffff ffff ffff ffff ffff ffff  ................
0001be90: ffff ffff ffff ffff ffff ffff ffff ffff  ................
0001bea0: ffff ffff ffff ffff ffff ffff ffff ffff  ................
0001beb0: ffff ffff ffff ffff ffff ffff ffff ffff  ................
0001bec0: ffff ffff ffff ffff ffff ffff ffff ffff  ................
0001bed0: ffff ffff ffff ffff ffff ffff ffff ffff  ................
0001bee0: ffff ffff ffff ffff ffff ffff ffff ffff  ................
0001bef0: ffff ffff ffff ffff ffff ffff ffff ffff  ................
0001bf00: ffff ffff ffff ffff ffff ffff ffff ffff  ................
0001bf10: ffff ffff ffff ffff ffff ffff ffff ffff  ................
0001bf20: ffff ffff ffff ffff ffff ffff ffff ffff  ................
0001bf30: ffff ffff ffff ffff ffff ffff ffff ffff  ................
0001bf40: ffff ffff ffff ffff ffff ffff ffff ffff  ................
0001bf50: ffff ffff ffff ffff ffff ffff ffff ffff  ................
0001bf60: ffff ffff ffff ffff ffff ffff ffff ffff  ................
0001bf70: ffff ffff ffff ffff ffff ffff ffff ffff  ................
0001bf80: ffff ffff ffff ffff ffff ffff ffff ffff  ................
0001bf90: ffff ffff ffff ffff ffff ffff ffff ffff  ................
0001bfa0: ffff ffff ffff ffff ffff ffff ffff ffff  ................
0001bfb0: ffff ffff ffff ffff ffff ffff ffff ffff  ................
0001bfc0: ffff ffff ffff ffff ffff ffff ffff ffff  ................
0001bfd0: ffff ffff ffff ffff ffff ffff ffff ffff  ................
0001bfe0: ffff ffff ffff ffff ffff ffff ffff ffff  ................
0001bff0: ffff ffff ffff ffff ffff ffff ffff ffff  ................
0001c000: ffff ffff ffff ffff ffff ffff ffff ffff  ................
0001c010: ffff ffff ffff ffff ffff ffff ffff ffff  ................
0001c020: ffff ffff ffff ffff ffff ffff ffff ffff  ................
0001c030: ffff ffff ffff ffff ffff ffff ffff ffff  ................
0001c040: ffff ffff ffff ffff ffff ffff ffff ffff  ................
0001c050: ffff ffff ffff ffff ffff ffff ffff ffff  ................
0001c060: ffff ffff ffff ffff ffff ffff ffff ffff  ................
0001c070: ffff ffff ffff ffff ffff ffff ffff ffff  ................
0001c080: ffff ffff ffff ffff ffff ffff ffff ffff  ................
0001c090: ffff ffff ffff ffff ffff ffff ffff ffff  ................
0001c0a0: ffff ffff ffff ffff ffff ffff ffff ffff  ................
0001c0b0: ffff ffff ffff ffff ffff ffff ffff ffff  ................
0001c0c0: ffff ffff ffff ffff ffff ffff ffff ffff  ................
0001c0d0: ffff ffff ffff ffff ffff ffff ffff ffff  ................
0001c0e0: ffff ffff ffff ffff ffff ffff ffff ffff  ................
0001c0f0: ffff ffff ffff ffff ffff ffff ffff ffff  ................
0001c100: ffff ffff ffff ffff ffff ffff ffff ffff  ................
0001c110: ffff ffff ffff ffff ffff ffff ffff ffff  ................
0001c120: ffff ffff ffff ffff ffff ffff ffff ffff  ................
0001c130: ffff ffff ffff ffff ffff ffff ffff ffff  ................
0001c140: ffff ffff ffff ffff ffff ffff ffff ffff  ................
0001c150: ffff ffff ffff ffff ffff ffff ffff ffff  ................
0001c160: ffff ffff ffff ffff ffff ffff ffff ffff  ................
0001c170: ffff ffff ffff ffff ffff ffff ffff ffff  ................
0001c180: ffff ffff ffff ffff ffff ffff ffff ffff  ................
0001c190: ffff ffff ffff ffff ffff ffff ffff ffff  ................
0001c1a0: ffff ffff ffff ffff ffff ffff ffff ffff  ................
0001c1b0: ffff ffff ffff ffff ffff ffff ffff ffff  ................
0001c1c0: ffff ffff ffff ffff ffff ffff ffff ffff  ................
0001c1d0: ffff ffff ffff ffff ffff ffff ffff ffff  ................
0001c1e0: ffff ffff ffff ffff ffff ffff ffff ffff  ................
0001c1f0: ffff ffff ffff ffff ffff ffff ffff ffff  ................
0001c200: ffff ffff ffff ffff ffff ffff ffff ffff  ................
0001c210: ffff ffff ffff ffff ffff ffff ffff ffff  ................
0001c220: ffff ffff ffff ffff ffff ffff ffff ffff  ................
0001c230: ffff ffff ffff ffff ffff ffff ffff ffff  ................
0001c240: ffff ffff ffff ffff ffff ffff ffff ffff  ................
0001c250: ffff ffff ffff ffff ffff ffff ffff ffff  ................
0001c260: ffff ffff ffff ffff ffff ffff ffff ffff  ................
0001c270: ffff ffff ffff ffff ffff ffff ffff ffff  ................
0001c280: ffff ffff ffff ffff ffff ffff ffff ffff  ................
0001c290: ffff ffff ffff ffff ffff ffff ffff ffff  ................
0001c2a0: ffff ffff ffff ffff ffff ffff ffff ffff  ................
0001c2b0: ffff ffff ffff ffff ffff ffff ffff ffff  ................
0001c2c0: ffff ffff ffff ffff ffff ffff ffff ffff  ................
0001c2d0: ffff ffff ffff ffff ffff ffff ffff ffff  ................
0001c2e0: ffff ffff ffff ffff ffff ffff ffff ffff  ................
0001c2f0: ffff ffff ffff ffff ffff ffff ffff ffff  ................
0001c300: ffff ffff ffff ffff ffff ffff ffff ffff  ................
0001c310: ffff ffff ffff ffff ffff ffff ffff ffff  ................
0001c320: ffff ffff ffff ffff ffff ffff ffff ffff  ................
0001c330: ffff ffff ffff ffff ffff ffff ffff ffff  ................
0001c340: ffff ffff ffff ffff ffff ffff ffff ffff  ................
0001c350: ffff ffff ffff ffff ffff ffff ffff ffff  ................
0001c360: ffff ffff ffff ffff ffff ffff ffff ffff  ................
0001c370: ffff ffff ffff ffff ffff ffff ffff ffff  ................
0001c380: ffff ffff ffff ffff ffff ffff ffff ffff  ................
0001c390: ffff ffff ffff ffff ffff ffff ffff ffff  ................
0001c3a0: ffff ffff ffff ffff ffff ffff ffff ffff  ................
0001c3b0: ffff ffff ffff ffff ffff ffff ffff ffff  ................
0001c3c0: ffff ffff ffff ffff ffff ffff ffff ffff  ................
0001c3d0: ffff ffff ffff ffff ffff ffff ffff ffff  ................
0001c3e0: ffff ffff ffff ffff ffff ffff ffff ffff  ................
0001c3f0: ffff ffff ffff ffff ffff ffff ffff ffff  ................
0001c400: ffff ffff ffff ffff ffff ffff ffff ffff  ................
0001c410: ffff ffff ffff ffff ffff ffff ffff ffff  ................
0001c420: ffff ffff ffff ffff ffff ffff ffff ffff  ................
0001c430: ffff ffff ffff ffff ffff ffff ffff ffff  ................
0001c440: ffff ffff ffff ffff ffff ffff ffff ffff  ................
0001c450: ffff ffff ffff ffff ffff ffff ffff ffff  ................
0001c460: ffff ffff ffff ffff ffff ffff ffff ffff  ................
0001c470: ffff ffff ffff ffff ffff ffff ffff ffff  ................
0001c480: ffff ffff ffff ffff ffff ffff ffff ffff  ................
0001c490: ffff ffff ffff ffff ffff ffff ffff ffff  ................
0001c4a0: ffff ffff ffff ffff ffff ffff ffff ffff  ................
0001c4b0: ffff ffff ffff ffff ffff ffff ffff ffff  ................
0001c4c0: ffff ffff ffff ffff ffff ffff ffff ffff  ................
0001c4d0: ffff ffff ffff ffff ffff ffff ffff ffff  ................
0001c4e0: ffff ffff ffff ffff ffff ffff ffff ffff  ................
0001c4f0: ffff ffff ffff ffff ffff ffff ffff ffff  ................
0001c500: ffff ffff ffff ffff ffff ffff ffff ffff  ................
0001c510: ffff ffff ffff ffff ffff ffff ffff ffff  ................
0001c520: ffff ffff ffff ffff ffff ffff ffff ffff  ................
0001c530: ffff ffff ffff ffff ffff ffff ffff ffff  ................
0001c540: ffff ffff ffff ffff ffff ffff ffff ffff  ................
0001c550: ffff ffff ffff ffff ffff ffff ffff ffff  ................
0001c560: ffff ffff ffff ffff ffff ffff ffff ffff  ................
0001c570: ffff ffff ffff ffff ffff ffff ffff ffff  ................
0001c580: ffff ffff ffff ffff ffff ffff ffff ffff  ................
0001c590: ffff ffff ffff ffff ffff ffff ffff ffff  ................
0001c5a0: ffff ffff ffff ffff ffff ffff ffff ffff  ................
0001c5b0: ffff ffff ffff ffff ffff ffff ffff ffff  ................
0001c5c0: ffff ffff ffff ffff ffff ffff ffff ffff  ................
0001c5d0: ffff ffff ffff ffff ffff ffff ffff ffff  ................
0001c5e0: ffff ffff ffff ffff ffff ffff ffff ffff  ................
0001c5f0: ffff ffff ffff ffff ffff ffff ffff ffff  ................
0001c600: ffff ffff ffff ffff ffff ffff ffff ffff  ................
0001c610: ffff ffff ffff ffff ffff ffff ffff ffff  ................
0001c620: ffff ffff ffff ffff ffff ffff ffff ffff  ................
0001c630: ffff ffff ffff ffff ffff ffff ffff ffff  ................
0001c640: ffff ffff ffff ffff ffff ffff ffff ffff  ................
0001c650: ffff ffff ffff ffff ffff ffff ffff ffff  ................
0001c660: ffff ffff ffff ffff ffff ffff ffff ffff  ................
0001c670: ffff ffff ffff ffff ffff ffff ffff ffff  ................
0001c680: ffff ffff ffff ffff ffff ffff ffff ffff  ................
0001c690: ffff ffff ffff ffff ffff ffff ffff ffff  ................
0001c6a0: ffff ffff ffff ffff ffff ffff ffff ffff  ................
0001c6b0: ffff ffff ffff ffff ffff ffff ffff ffff  ................
0001c6c0: ffff ffff ffff ffff ffff ffff ffff ffff  ................
0001c6d0: ffff ffff ffff ffff ffff ffff ffff ffff  ................
0001c6e0: ffff ffff ffff ffff ffff ffff ffff ffff  ................
0001c6f0: ffff ffff ffff ffff ffff ffff ffff ffff  ................
0001c700: ffff ffff ffff ffff ffff ffff ffff ffff  ................
0001c710: ffff ffff ffff ffff ffff ffff ffff ffff  ................
0001c720: ffff ffff ffff ffff ffff ffff ffff ffff  ................
0001c730: ffff ffff ffff ffff ffff ffff ffff ffff  ................
0001c740: ffff ffff ffff ffff ffff ffff ffff ffff  ................
0001c750: ffff ffff ffff ffff ffff ffff ffff ffff  ................
0001c760: ffff ffff ffff ffff ffff ffff ffff ffff  ................
0001c770: ffff ffff ffff ffff ffff ffff ffff ffff  ................
0001c780: ffff ffff ffff ffff ffff ffff ffff ffff  ................
0001c790: ffff ffff ffff ffff ffff ffff ffff ffff  ................
0001c7a0: ffff ffff ffff ffff ffff ffff ffff ffff  ................
0001c7b0: ffff ffff ffff ffff ffff ffff ffff ffff  ................
0001c7c0: ffff ffff ffff ffff ffff ffff ffff ffff  ................
0001c7d0: ffff ffff ffff ffff ffff ffff ffff ffff  ................
0001c7e0: ffff ffff ffff ffff ffff ffff ffff ffff  ................
0001c7f0: ffff ffff ffff ffff ffff ffff ffff ffff  ................
0001c800: ffff ffff ffff ffff ffff ffff ffff ffff  ................
0001c810: ffff ffff ffff ffff ffff ffff ffff ffff  ................
0001c820: ffff ffff ffff ffff ffff ffff ffff ffff  ................
0001c830: ffff ffff ffff ffff ffff ffff ffff ffff  ................
0001c840: ffff ffff ffff ffff ffff ffff ffff ffff  ................
0001c850: ffff ffff ffff ffff ffff ffff ffff ffff  ................
0001c860: ffff ffff ffff ffff ffff ffff ffff ffff  ................
0001c870: ffff ffff ffff ffff ffff ffff ffff ffff  ................
0001c880: ffff ffff ffff ffff ffff ffff ffff ffff  ................
0001c890: ffff ffff ffff ffff ffff ffff ffff ffff  ................
0001c8a0: ffff ffff ffff ffff ffff ffff ffff ffff  ................
0001c8b0: ffff ffff ffff ffff ffff ffff ffff ffff  ................
0001c8c0: ffff ffff ffff ffff ffff ffff ffff ffff  ................
0001c8d0: ffff ffff ffff ffff ffff ffff ffff ffff  ................
0001c8e0: ffff ffff ffff ffff ffff ffff ffff ffff  ................
0001c8f0: ffff ffff ffff ffff ffff ffff ffff ffff  ................
0001c900: ffff ffff ffff ffff ffff ffff ffff ffff  ................
0001c910: ffff ffff ffff ffff ffff ffff ffff ffff  ................
0001c920: ffff ffff ffff ffff ffff ffff ffff ffff  ................
0001c930: ffff ffff ffff ffff ffff ffff ffff ffff  ................
0001c940: ffff ffff ffff ffff ffff ffff ffff ffff  ................
0001c950: ffff ffff ffff ffff ffff ffff ffff ffff  ................
0001c960: ffff ffff ffff ffff ffff ffff ffff ffff  ................
0001c970: ffff ffff ffff ffff ffff ffff ffff ffff  ................
0001c980: ffff ffff ffff ffff ffff ffff ffff ffff  ................
0001c990: ffff ffff ffff ffff ffff ffff ffff ffff  ................
0001c9a0: ffff ffff ffff ffff ffff ffff ffff ffff  ................
0001c9b0: ffff ffff ffff ffff ffff ffff ffff ffff  ................
0001c9c0: ffff ffff ffff ffff ffff ffff ffff ffff  ................
0001c9d0: ffff ffff ffff ffff ffff ffff ffff ffff  ................
0001c9e0: ffff ffff ffff ffff ffff ffff ffff ffff  ................
0001c9f0: ffff ffff ffff ffff ffff ffff ffff ffff  ................
0001ca00: ffff ffff ffff ffff ffff ffff ffff ffff  ................
0001ca10: ffff ffff ffff ffff ffff ffff ffff ffff  ................
0001ca20: ffff ffff ffff ffff ffff ffff ffff ffff  ................
0001ca30: ffff ffff ffff ffff ffff ffff ffff ffff  ................
0001ca40: ffff ffff ffff ffff ffff ffff ffff ffff  ................
0001ca50: ffff ffff ffff ffff ffff ffff ffff ffff  ................
0001ca60: ffff ffff ffff ffff ffff ffff ffff ffff  ................
0001ca70: ffff ffff ffff ffff ffff ffff ffff ffff  ................
0001ca80: ffff ffff ffff ffff ffff ffff ffff ffff  ................
0001ca90: ffff ffff ffff ffff ffff ffff ffff ffff  ................
0001caa0: ffff ffff ffff ffff ffff ffff ffff ffff  ................
0001cab0: ffff ffff ffff ffff ffff ffff ffff ffff  ................
0001cac0: ffff ffff ffff ffff ffff ffff ffff ffff  ................
0001cad0: ffff ffff ffff ffff ffff ffff ffff ffff  ................
0001cae0: ffff ffff ffff ffff ffff ffff ffff ffff  ................
0001caf0: ffff ffff ffff ffff ffff ffff ffff ffff  ................
0001cb00: ffff ffff ffff ffff ffff ffff ffff ffff  ................
0001cb10: ffff ffff ffff ffff ffff ffff ffff ffff  ................
0001cb20: ffff ffff ffff ffff ffff ffff ffff ffff  ................
0001cb30: ffff ffff ffff ffff ffff ffff ffff ffff  ................
0001cb40: ffff ffff ffff ffff ffff ffff ffff ffff  ................
0001cb50: ffff ffff ffff ffff ffff ffff ffff ffff  ................
0001cb60: ffff ffff ffff ffff ffff ffff ffff ffff  ................
0001cb70: ffff ffff ffff ffff ffff ffff ffff ffff  ................
0001cb80: ffff ffff ffff ffff ffff ffff ffff ffff  ................
0001cb90: ffff ffff ffff ffff ffff ffff ffff ffff  ................
0001cba0: ffff ffff ffff ffff ffff ffff ffff ffff  ................
0001cbb0: ffff ffff ffff ffff ffff ffff ffff ffff  ................
0001cbc0: ffff ffff ffff ffff ffff ffff ffff ffff  ................
0001cbd0: ffff ffff ffff ffff ffff ffff ffff ffff  ................
0001cbe0: ffff ffff ffff ffff ffff ffff ffff ffff  ................
0001cbf0: ffff ffff ffff ffff ffff ffff ffff ffff  ................
0001cc00: ffff ffff ffff ffff ffff ffff ffff ffff  ................
0001cc10: ffff ffff ffff ffff ffff ffff ffff ffff  ................
0001cc20: ffff ffff ffff ffff ffff ffff ffff ffff  ................
0001cc30: ffff ffff ffff ffff ffff ffff ffff ffff  ................
0001cc40: ffff ffff ffff ffff ffff ffff ffff ffff  ................
0001cc50: ffff ffff ffff ffff ffff ffff ffff ffff  ................
0001cc60: ffff ffff ffff ffff ffff ffff ffff ffff  ................
0001cc70: ffff ffff ffff ffff ffff ffff ffff ffff  ................
0001cc80: ffff ffff ffff ffff ffff ffff ffff ffff  ................
0001cc90: ffff ffff ffff ffff ffff ffff ffff ffff  ................
0001cca0: ffff ffff ffff ffff ffff ffff ffff ffff  ................
0001ccb0: ffff ffff ffff ffff ffff ffff ffff ffff  ................
0001ccc0: ffff ffff ffff ffff ffff ffff ffff ffff  ................
0001ccd0: ffff ffff ffff ffff ffff ffff ffff ffff  ................
0001cce0: ffff ffff ffff ffff ffff ffff ffff ffff  ................
0001ccf0: ffff ffff ffff ffff ffff ffff ffff ffff  ................
0001cd00: ffff ffff ffff ffff ffff ffff ffff ffff  ................
0001cd10: ffff ffff ffff ffff ffff ffff ffff ffff  ................
0001cd20: ffff ffff ffff ffff ffff ffff ffff ffff  ................
0001cd30: ffff ffff ffff ffff ffff ffff ffff ffff  ................
0001cd40: ffff ffff ffff ffff ffff ffff ffff ffff  ................
0001cd50: ffff ffff ffff ffff ffff ffff ffff ffff  ................
0001cd60: ffff ffff ffff ffff ffff ffff ffff ffff  ................
0001cd70: ffff ffff ffff ffff ffff ffff ffff ffff  ................
0001cd80: ffff ffff ffff ffff ffff ffff ffff ffff  ................
0001cd90: ffff ffff ffff ffff ffff ffff ffff ffff  ................
0001cda0: ffff ffff ffff ffff ffff ffff ffff ffff  ................
0001cdb0: ffff ffff ffff ffff ffff ffff ffff ffff  ................
0001cdc0: ffff ffff ffff ffff ffff ffff ffff ffff  ................
0001cdd0: ffff ffff ffff ffff ffff ffff ffff ffff  ................
0001cde0: ffff ffff ffff ffff ffff ffff ffff ffff  ................
0001cdf0: ffff ffff ffff ffff ffff ffff ffff ffff  ................
0001ce00: ffff ffff ffff ffff ffff ffff ffff ffff  ................
0001ce10: ffff ffff ffff ffff ffff ffff ffff ffff  ................
0001ce20: ffff ffff ffff ffff ffff ffff ffff ffff  ................
0001ce30: ffff ffff ffff ffff ffff ffff ffff ffff  ................
0001ce40: ffff ffff ffff ffff ffff ffff ffff ffff  ................
0001ce50: ffff ffff ffff ffff ffff ffff ffff ffff  ................
0001ce60: ffff ffff ffff ffff ffff ffff ffff ffff  ................
0001ce70: ffff ffff ffff ffff ffff ffff ffff ffff  ................
0001ce80: ffff ffff ffff ffff ffff ffff ffff ffff  ................
0001ce90: ffff ffff ffff ffff ffff ffff ffff ffff  ................
0001cea0: ffff ffff ffff ffff ffff ffff ffff ffff  ................
0001ceb0: ffff ffff ffff ffff ffff ffff ffff ffff  ................
0001cec0: ffff ffff ffff ffff ffff ffff ffff ffff  ................
0001ced0: ffff ffff ffff ffff ffff ffff ffff ffff  ................
0001cee0: ffff ffff ffff ffff ffff ffff ffff ffff  ................
0001cef0: ffff ffff ffff ffff ffff ffff ffff ffff  ................
0001cf00: ffff ffff ffff ffff ffff ffff ffff ffff  ................
0001cf10: ffff ffff ffff ffff ffff ffff ffff ffff  ................
0001cf20: ffff ffff ffff ffff ffff ffff ffff ffff  ................
0001cf30: ffff ffff ffff ffff ffff ffff ffff ffff  ................
0001cf40: ffff ffff ffff ffff ffff ffff ffff ffff  ................
0001cf50: ffff ffff ffff ffff ffff ffff ffff ffff  ................
0001cf60: ffff ffff ffff ffff ffff ffff ffff ffff  ................
0001cf70: ffff ffff ffff ffff ffff ffff ffff ffff  ................
0001cf80: ffff ffff ffff ffff ffff ffff ffff ffff  ................
0001cf90: ffff ffff ffff ffff ffff ffff ffff ffff  ................
0001cfa0: ffff ffff ffff ffff ffff ffff ffff ffff  ................
0001cfb0: ffff ffff ffff ffff ffff ffff ffff ffff  ................
0001cfc0: ffff ffff ffff ffff ffff ffff ffff ffff  ................
0001cfd0: ffff ffff ffff ffff ffff ffff ffff ffff  ................
0001cfe0: ffff ffff ffff ffff ffff ffff ffff ffff  ................
0001cff0: ffff ffff ffff ffff ffff ffff ffff ffff  ................
0001d000: ffff ffff ffff ffff ffff ffff ffff ffff  ................
0001d010: ffff ffff ffff ffff ffff ffff ffff ffff  ................
0001d020: ffff ffff ffff ffff ffff ffff ffff ffff  ................
0001d030: ffff ffff ffff ffff ffff ffff ffff ffff  ................
0001d040: ffff ffff ffff ffff ffff ffff ffff ffff  ................
0001d050: ffff ffff ffff ffff ffff ffff ffff ffff  ................
0001d060: ffff ffff ffff ffff ffff ffff ffff ffff  ................
0001d070: ffff ffff ffff ffff ffff ffff ffff ffff  ................
0001d080: ffff ffff ffff ffff ffff ffff ffff ffff  ................
0001d090: ffff ffff ffff ffff ffff ffff ffff ffff  ................
0001d0a0: ffff ffff ffff ffff ffff ffff ffff ffff  ................
0001d0b0: ffff ffff ffff ffff ffff ffff ffff ffff  ................
0001d0c0: ffff ffff ffff ffff ffff ffff ffff ffff  ................
0001d0d0: ffff ffff ffff ffff ffff ffff ffff ffff  ................
0001d0e0: ffff ffff ffff ffff ffff ffff ffff ffff  ................
0001d0f0: ffff ffff ffff ffff ffff ffff ffff ffff  ................
0001d100: ffff ffff ffff ffff ffff ffff ffff ffff  ................
0001d110: ffff ffff ffff ffff ffff ffff ffff ffff  ................
0001d120: ffff ffff ffff ffff ffff ffff ffff ffff  ................
0001d130: ffff ffff ffff ffff ffff ffff ffff ffff  ................
0001d140: ffff ffff ffff ffff ffff ffff ffff ffff  ................
0001d150: ffff ffff ffff ffff ffff ffff ffff ffff  ................
0001d160: ffff ffff ffff ffff ffff ffff ffff ffff  ................
0001d170: ffff ffff ffff ffff ffff ffff ffff ffff  ................
0001d180: ffff ffff ffff ffff ffff ffff ffff ffff  ................
0001d190: ffff ffff ffff ffff ffff ffff ffff ffff  ................
0001d1a0: ffff ffff ffff ffff ffff ffff ffff ffff  ................
0001d1b0: ffff ffff ffff ffff ffff ffff ffff ffff  ................
0001d1c0: ffff ffff ffff ffff ffff ffff ffff ffff  ................
0001d1d0: ffff ffff ffff ffff ffff ffff ffff ffff  ................
0001d1e0: ffff ffff ffff ffff ffff ffff ffff ffff  ................
0001d1f0: ffff ffff ffff ffff ffff ffff ffff ffff  ................
0001d200: ffff ffff ffff ffff ffff ffff ffff ffff  ................
0001d210: ffff ffff ffff ffff ffff ffff ffff ffff  ................
0001d220: ffff ffff ffff ffff ffff ffff ffff ffff  ................
0001d230: ffff ffff ffff ffff ffff ffff ffff ffff  ................
0001d240: ffff ffff ffff ffff ffff ffff ffff ffff  ................
0001d250: ffff ffff ffff ffff ffff ffff ffff ffff  ................
0001d260: ffff ffff ffff ffff ffff ffff ffff ffff  ................
0001d270: ffff ffff ffff ffff ffff ffff ffff ffff  ................
0001d280: ffff ffff ffff ffff ffff ffff ffff ffff  ................
0001d290: ffff ffff ffff ffff ffff ffff ffff ffff  ................
0001d2a0: ffff ffff ffff ffff ffff ffff ffff ffff  ................
0001d2b0: ffff ffff ffff ffff ffff ffff ffff ffff  ................
0001d2c0: ffff ffff ffff ffff ffff ffff ffff ffff  ................
0001d2d0: ffff ffff ffff ffff ffff ffff ffff ffff  ................
0001d2e0: ffff ffff ffff ffff ffff ffff ffff ffff  ................
0001d2f0: ffff ffff ffff ffff ffff ffff ffff ffff  ................
0001d300: ffff ffff ffff ffff ffff ffff ffff ffff  ................
0001d310: ffff ffff ffff ffff ffff ffff ffff ffff  ................
0001d320: ffff ffff ffff ffff ffff ffff ffff ffff  ................
0001d330: ffff ffff ffff ffff ffff ffff ffff ffff  ................
0001d340: ffff ffff ffff ffff ffff ffff ffff ffff  ................
0001d350: ffff ffff ffff ffff ffff ffff ffff ffff  ................
0001d360: ffff ffff ffff ffff ffff ffff ffff ffff  ................
0001d370: ffff ffff ffff ffff ffff ffff ffff ffff  ................
0001d380: ffff ffff ffff ffff ffff ffff ffff ffff  ................
0001d390: ffff ffff ffff ffff ffff ffff ffff ffff  ................
0001d3a0: ffff ffff ffff ffff ffff ffff ffff ffff  ................
0001d3b0: ffff ffff ffff ffff ffff ffff ffff ffff  ................
0001d3c0: ffff ffff ffff ffff ffff ffff ffff ffff  ................
0001d3d0: ffff ffff ffff ffff ffff ffff ffff ffff  ................
0001d3e0: ffff ffff ffff ffff ffff ffff ffff ffff  ................
0001d3f0: ffff ffff ffff ffff ffff ffff ffff ffff  ................
0001d400: ffff ffff ffff ffff ffff ffff ffff ffff  ................
0001d410: ffff ffff ffff ffff ffff ffff ffff ffff  ................
0001d420: ffff ffff ffff ffff ffff ffff ffff ffff  ................
0001d430: ffff ffff ffff ffff ffff ffff ffff ffff  ................
0001d440: ffff ffff ffff ffff ffff ffff ffff ffff  ................
0001d450: ffff ffff ffff ffff ffff ffff ffff ffff  ................
0001d460: ffff ffff ffff ffff ffff ffff ffff ffff  ................
0001d470: ffff ffff ffff ffff ffff ffff ffff ffff  ................
0001d480: ffff ffff ffff ffff ffff ffff ffff ffff  ................
0001d490: ffff ffff ffff ffff ffff ffff ffff ffff  ................
0001d4a0: ffff ffff ffff ffff ffff ffff ffff ffff  ................
0001d4b0: ffff ffff ffff ffff ffff ffff ffff ffff  ................
0001d4c0: ffff ffff ffff ffff ffff ffff ffff ffff  ................
0001d4d0: ffff ffff ffff ffff ffff ffff ffff ffff  ................
0001d4e0: ffff ffff ffff ffff ffff ffff ffff ffff  ................
0001d4f0: ffff ffff ffff ffff ffff ffff ffff ffff  ................
0001d500: ffff ffff ffff ffff ffff ffff ffff ffff  ................
0001d510: ffff ffff ffff ffff ffff ffff ffff ffff  ................
0001d520: ffff ffff ffff ffff ffff ffff ffff ffff  ................
0001d530: ffff ffff ffff ffff ffff ffff ffff ffff  ................
0001d540: ffff ffff ffff ffff ffff ffff ffff ffff  ................
0001d550: ffff ffff ffff ffff ffff ffff ffff ffff  ................
0001d560: ffff ffff ffff ffff ffff ffff ffff ffff  ................
0001d570: ffff ffff ffff ffff ffff ffff ffff ffff  ................
0001d580: ffff ffff ffff ffff ffff ffff ffff ffff  ................
0001d590: ffff ffff ffff ffff ffff ffff ffff ffff  ................
0001d5a0: ffff ffff ffff ffff ffff ffff ffff ffff  ................
0001d5b0: ffff ffff ffff ffff ffff ffff ffff ffff  ................
0001d5c0: ffff ffff ffff ffff ffff ffff ffff ffff  ................
0001d5d0: ffff ffff ffff ffff ffff ffff ffff ffff  ................
0001d5e0: ffff ffff ffff ffff ffff ffff ffff ffff  ................
0001d5f0: ffff ffff ffff ffff ffff ffff ffff ffff  ................
0001d600: ffff ffff ffff ffff ffff ffff ffff ffff  ................
0001d610: ffff ffff ffff ffff ffff ffff ffff ffff  ................
0001d620: ffff ffff ffff ffff ffff ffff ffff ffff  ................
0001d630: ffff ffff ffff ffff ffff ffff ffff ffff  ................
0001d640: ffff ffff ffff ffff ffff ffff ffff ffff  ................
0001d650: ffff ffff ffff ffff ffff ffff ffff ffff  ................
0001d660: ffff ffff ffff ffff ffff ffff ffff ffff  ................
0001d670: ffff ffff ffff ffff ffff ffff ffff ffff  ................
0001d680: ffff ffff ffff ffff ffff ffff ffff ffff  ................
0001d690: ffff ffff ffff ffff ffff ffff ffff ffff  ................
0001d6a0: ffff ffff ffff ffff ffff ffff ffff ffff  ................
0001d6b0: ffff ffff ffff ffff ffff ffff ffff ffff  ................
0001d6c0: ffff ffff ffff ffff ffff ffff ffff ffff  ................
0001d6d0: ffff ffff ffff ffff ffff ffff ffff ffff  ................
0001d6e0: ffff ffff ffff ffff ffff ffff ffff ffff  ................
0001d6f0: ffff ffff ffff ffff ffff ffff ffff ffff  ................
0001d700: ffff ffff ffff ffff ffff ffff ffff ffff  ................
0001d710: ffff ffff ffff ffff ffff ffff ffff ffff  ................
0001d720: ffff ffff ffff ffff ffff ffff ffff ffff  ................
0001d730: ffff ffff ffff ffff ffff ffff ffff ffff  ................
0001d740: ffff ffff ffff ffff ffff ffff ffff ffff  ................
0001d750: ffff ffff ffff ffff ffff ffff ffff ffff  ................
0001d760: ffff ffff ffff ffff ffff ffff ffff ffff  ................
0001d770: ffff ffff ffff ffff ffff ffff ffff ffff  ................
0001d780: ffff ffff ffff ffff ffff ffff ffff ffff  ................
0001d790: ffff ffff ffff ffff ffff ffff ffff ffff  ................
0001d7a0: ffff ffff ffff ffff ffff ffff ffff ffff  ................
0001d7b0: ffff ffff ffff ffff ffff ffff ffff ffff  ................
0001d7c0: ffff ffff ffff ffff ffff ffff ffff ffff  ................
0001d7d0: ffff ffff ffff ffff ffff ffff ffff ffff  ................
0001d7e0: ffff ffff ffff ffff ffff ffff ffff ffff  ................
0001d7f0: ffff ffff ffff ffff ffff ffff ffff ffff  ................
0001d800: ffff ffff ffff ffff ffff ffff ffff ffff  ................
0001d810: ffff ffff ffff ffff ffff ffff ffff ffff  ................
0001d820: ffff ffff ffff ffff ffff ffff ffff ffff  ................
0001d830: ffff ffff ffff ffff ffff ffff ffff ffff  ................
0001d840: ffff ffff ffff ffff ffff ffff ffff ffff  ................
0001d850: ffff ffff ffff ffff ffff ffff ffff ffff  ................
0001d860: ffff ffff ffff ffff ffff ffff ffff ffff  ................
0001d870: ffff ffff ffff ffff ffff ffff ffff ffff  ................
0001d880: ffff ffff ffff ffff ffff ffff ffff ffff  ................
0001d890: ffff ffff ffff ffff ffff ffff ffff ffff  ................
0001d8a0: ffff ffff ffff ffff ffff ffff ffff ffff  ................
0001d8b0: ffff ffff ffff ffff ffff ffff ffff ffff  ................
0001d8c0: ffff ffff ffff ffff ffff ffff ffff ffff  ................
0001d8d0: ffff ffff ffff ffff ffff ffff ffff ffff  ................
0001d8e0: ffff ffff ffff ffff ffff ffff ffff ffff  ................
0001d8f0: ffff ffff ffff ffff ffff ffff ffff ffff  ................
0001d900: ffff ffff ffff ffff ffff ffff ffff ffff  ................
0001d910: ffff ffff ffff ffff ffff ffff ffff ffff  ................
0001d920: ffff ffff ffff ffff ffff ffff ffff ffff  ................
0001d930: ffff ffff ffff ffff ffff ffff ffff ffff  ................
0001d940: ffff ffff ffff ffff ffff ffff ffff ffff  ................
0001d950: ffff ffff ffff ffff ffff ffff ffff ffff  ................
0001d960: ffff ffff ffff ffff ffff ffff ffff ffff  ................
0001d970: ffff ffff ffff ffff ffff ffff ffff ffff  ................
0001d980: ffff ffff ffff ffff ffff ffff ffff ffff  ................
0001d990: ffff ffff ffff ffff ffff ffff ffff ffff  ................
0001d9a0: ffff ffff ffff ffff ffff ffff ffff ffff  ................
0001d9b0: ffff ffff ffff ffff ffff ffff ffff ffff  ................
0001d9c0: ffff ffff ffff ffff ffff ffff ffff ffff  ................
0001d9d0: ffff ffff ffff ffff ffff ffff ffff ffff  ................
0001d9e0: ffff ffff ffff ffff ffff ffff ffff ffff  ................
0001d9f0: ffff ffff ffff ffff ffff ffff ffff ffff  ................
0001da00: ffff ffff ffff ffff ffff ffff ffff ffff  ................
0001da10: ffff ffff ffff ffff ffff ffff ffff ffff  ................
0001da20: ffff ffff ffff ffff ffff ffff ffff ffff  ................
0001da30: ffff ffff ffff ffff ffff ffff ffff ffff  ................
0001da40: ffff ffff ffff ffff ffff ffff ffff ffff  ................
0001da50: ffff ffff ffff ffff ffff ffff ffff ffff  ................
0001da60: ffff ffff ffff ffff ffff ffff ffff ffff  ................
0001da70: ffff ffff ffff ffff ffff ffff ffff ffff  ................
0001da80: ffff ffff ffff ffff ffff ffff ffff ffff  ................
0001da90: ffff ffff ffff ffff ffff ffff ffff ffff  ................
0001daa0: ffff ffff ffff ffff ffff ffff ffff ffff  ................
0001dab0: ffff ffff ffff ffff ffff ffff ffff ffff  ................
0001dac0: ffff ffff ffff ffff ffff ffff ffff ffff  ................
0001dad0: ffff ffff ffff ffff ffff ffff ffff ffff  ................
0001dae0: ffff ffff ffff ffff ffff ffff ffff ffff  ................
0001daf0: ffff ffff ffff ffff ffff ffff ffff ffff  ................
0001db00: ffff ffff ffff ffff ffff ffff ffff ffff  ................
0001db10: ffff ffff ffff ffff ffff ffff ffff ffff  ................
0001db20: ffff ffff ffff ffff ffff ffff ffff ffff  ................
0001db30: ffff ffff ffff ffff ffff ffff ffff ffff  ................
0001db40: ffff ffff ffff ffff ffff ffff ffff ffff  ................
0001db50: ffff ffff ffff ffff ffff ffff ffff ffff  ................
0001db60: ffff ffff ffff ffff ffff ffff ffff ffff  ................
0001db70: ffff ffff ffff ffff ffff ffff ffff ffff  ................
0001db80: ffff ffff ffff ffff ffff ffff ffff ffff  ................
0001db90: ffff ffff ffff ffff ffff ffff ffff ffff  ................
0001dba0: ffff ffff ffff ffff ffff ffff ffff ffff  ................
0001dbb0: ffff ffff ffff ffff ffff ffff ffff ffff  ................
0001dbc0: ffff ffff ffff ffff ffff ffff ffff ffff  ................
0001dbd0: ffff ffff ffff ffff ffff ffff ffff ffff  ................
0001dbe0: ffff ffff ffff ffff ffff ffff ffff ffff  ................
0001dbf0: ffff ffff ffff ffff ffff ffff ffff ffff  ................
0001dc00: ffff ffff ffff ffff ffff ffff ffff ffff  ................
0001dc10: ffff ffff ffff ffff ffff ffff ffff ffff  ................
0001dc20: ffff ffff ffff ffff ffff ffff ffff ffff  ................
0001dc30: ffff ffff ffff ffff ffff ffff ffff ffff  ................
0001dc40: ffff ffff ffff ffff ffff ffff ffff ffff  ................
0001dc50: ffff ffff ffff ffff ffff ffff ffff ffff  ................
0001dc60: ffff ffff ffff ffff ffff ffff ffff ffff  ................
0001dc70: ffff ffff ffff ffff ffff ffff ffff ffff  ................
0001dc80: ffff ffff ffff ffff ffff ffff ffff ffff  ................
0001dc90: ffff ffff ffff ffff ffff ffff ffff ffff  ................
0001dca0: ffff ffff ffff ffff ffff ffff ffff ffff  ................
0001dcb0: ffff ffff ffff ffff ffff ffff ffff ffff  ................
0001dcc0: ffff ffff ffff ffff ffff ffff ffff ffff  ................
0001dcd0: ffff ffff ffff ffff ffff ffff ffff ffff  ................
0001dce0: ffff ffff ffff ffff ffff ffff ffff ffff  ................
0001dcf0: ffff ffff ffff ffff ffff ffff ffff ffff  ................
0001dd00: ffff ffff ffff ffff ffff ffff ffff ffff  ................
0001dd10: ffff ffff ffff ffff ffff ffff ffff ffff  ................
0001dd20: ffff ffff ffff ffff ffff ffff ffff ffff  ................
0001dd30: ffff ffff ffff ffff ffff ffff ffff ffff  ................
0001dd40: ffff ffff ffff ffff ffff ffff ffff ffff  ................
0001dd50: ffff ffff ffff ffff ffff ffff ffff ffff  ................
0001dd60: ffff ffff ffff ffff ffff ffff ffff ffff  ................
0001dd70: ffff ffff ffff ffff ffff ffff ffff ffff  ................
0001dd80: ffff ffff ffff ffff ffff ffff ffff ffff  ................
0001dd90: ffff ffff ffff ffff ffff ffff ffff ffff  ................
0001dda0: ffff ffff ffff ffff ffff ffff ffff ffff  ................
0001ddb0: ffff ffff ffff ffff ffff ffff ffff ffff  ................
0001ddc0: ffff ffff ffff ffff ffff ffff ffff ffff  ................
0001ddd0: ffff ffff ffff ffff ffff ffff ffff ffff  ................
0001dde0: ffff ffff ffff ffff ffff ffff ffff ffff  ................
0001ddf0: ffff ffff ffff ffff ffff ffff ffff ffff  ................
0001de00: ffff ffff ffff ffff ffff ffff ffff ffff  ................
0001de10: ffff ffff ffff ffff ffff ffff ffff ffff  ................
0001de20: ffff ffff ffff ffff ffff ffff ffff ffff  ................
0001de30: ffff ffff ffff ffff ffff ffff ffff ffff  ................
0001de40: ffff ffff ffff ffff ffff ffff ffff ffff  ................
0001de50: ffff ffff ffff ffff ffff ffff ffff ffff  ................
0001de60: ffff ffff ffff ffff ffff ffff ffff ffff  ................
0001de70: ffff ffff ffff ffff ffff ffff ffff ffff  ................
0001de80: ffff ffff ffff ffff ffff ffff ffff ffff  ................
0001de90: ffff ffff ffff ffff ffff ffff ffff ffff  ................
0001dea0: ffff ffff ffff ffff ffff ffff ffff ffff  ................
0001deb0: ffff ffff ffff ffff ffff ffff ffff ffff  ................
0001dec0: ffff ffff ffff ffff ffff ffff ffff ffff  ................
0001ded0: ffff ffff ffff ffff ffff ffff ffff ffff  ................
0001dee0: ffff ffff ffff ffff ffff ffff ffff ffff  ................
0001def0: ffff ffff ffff ffff ffff ffff ffff ffff  ................
0001df00: ffff ffff ffff ffff ffff ffff ffff ffff  ................
0001df10: ffff ffff ffff ffff ffff ffff ffff ffff  ................
0001df20: ffff ffff ffff ffff ffff ffff ffff ffff  ................
0001df30: ffff ffff ffff ffff ffff ffff ffff ffff  ................
0001df40: ffff ffff ffff ffff ffff ffff ffff ffff  ................
0001df50: ffff ffff ffff ffff ffff ffff ffff ffff  ................
0001df60: ffff ffff ffff ffff ffff ffff ffff ffff  ................
0001df70: ffff ffff ffff ffff ffff ffff ffff ffff  ................
0001df80: ffff ffff ffff ffff ffff ffff ffff ffff  ................
0001df90: ffff ffff ffff ffff ffff ffff ffff ffff  ................
0001dfa0: ffff ffff ffff ffff ffff ffff ffff ffff  ................
0001dfb0: ffff ffff ffff ffff ffff ffff ffff ffff  ................
0001dfc0: ffff ffff ffff ffff ffff ffff ffff ffff  ................
0001dfd0: ffff ffff ffff ffff ffff ffff ffff ffff  ................
0001dfe0: ffff ffff ffff ffff ffff ffff ffff ffff  ................
0001dff0: ffff ffff ffff ffff ffff ffff ffff ffff  ................
0001e000: ffff ffff ffff ffff ffff ffff ffff ffff  ................
0001e010: ffff ffff ffff ffff ffff ffff ffff ffff  ................
0001e020: ffff ffff ffff ffff ffff ffff ffff ffff  ................
0001e030: ffff ffff ffff ffff ffff ffff ffff ffff  ................
0001e040: ffff ffff ffff ffff ffff ffff ffff ffff  ................
0001e050: ffff ffff ffff ffff ffff ffff ffff ffff  ................
0001e060: ffff ffff ffff ffff ffff ffff ffff ffff  ................
0001e070: ffff ffff ffff ffff ffff ffff ffff ffff  ................
0001e080: ffff ffff ffff ffff ffff ffff ffff ffff  ................
0001e090: ffff ffff ffff ffff ffff ffff ffff ffff  ................
0001e0a0: ffff ffff ffff ffff ffff ffff ffff ffff  ................
0001e0b0: ffff ffff ffff ffff ffff ffff ffff ffff  ................
0001e0c0: ffff ffff ffff ffff ffff ffff ffff ffff  ................
0001e0d0: ffff ffff ffff ffff ffff ffff ffff ffff  ................
0001e0e0: ffff ffff ffff ffff ffff ffff ffff ffff  ................
0001e0f0: ffff ffff ffff ffff ffff ffff ffff ffff  ................
0001e100: ffff ffff ffff ffff ffff ffff ffff ffff  ................
0001e110: ffff ffff ffff ffff ffff ffff ffff ffff  ................
0001e120: ffff ffff ffff ffff ffff ffff ffff ffff  ................
0001e130: ffff ffff ffff ffff ffff ffff ffff ffff  ................
0001e140: ffff ffff ffff ffff ffff ffff ffff ffff  ................
0001e150: ffff ffff ffff ffff ffff ffff ffff ffff  ................
0001e160: ffff ffff ffff ffff ffff ffff ffff ffff  ................
0001e170: ffff ffff ffff ffff ffff ffff ffff ffff  ................
0001e180: ffff ffff ffff ffff ffff ffff ffff ffff  ................
0001e190: ffff ffff ffff ffff ffff ffff ffff ffff  ................
0001e1a0: ffff ffff ffff ffff ffff ffff ffff ffff  ................
0001e1b0: ffff ffff ffff ffff ffff ffff ffff ffff  ................
0001e1c0: ffff ffff ffff ffff ffff ffff ffff ffff  ................
0001e1d0: ffff ffff ffff ffff ffff ffff ffff ffff  ................
0001e1e0: ffff ffff ffff ffff ffff ffff ffff ffff  ................
0001e1f0: ffff ffff ffff ffff ffff ffff ffff ffff  ................
0001e200: ffff ffff ffff ffff ffff ffff ffff ffff  ................
0001e210: ffff ffff ffff ffff ffff ffff ffff ffff  ................
0001e220: ffff ffff ffff ffff ffff ffff ffff ffff  ................
0001e230: ffff ffff ffff ffff ffff ffff ffff ffff  ................
0001e240: ffff ffff ffff ffff ffff ffff ffff ffff  ................
0001e250: ffff ffff ffff ffff ffff ffff ffff ffff  ................
0001e260: ffff ffff ffff ffff ffff ffff ffff ffff  ................
0001e270: ffff ffff ffff ffff ffff ffff ffff ffff  ................
0001e280: ffff ffff ffff ffff ffff ffff ffff ffff  ................
0001e290: ffff ffff ffff ffff ffff ffff ffff ffff  ................
0001e2a0: ffff ffff ffff ffff ffff ffff ffff ffff  ................
0001e2b0: ffff ffff ffff ffff ffff ffff ffff ffff  ................
0001e2c0: ffff ffff ffff ffff ffff ffff ffff ffff  ................
0001e2d0: ffff ffff ffff ffff ffff ffff ffff ffff  ................
0001e2e0: ffff ffff ffff ffff ffff ffff ffff ffff  ................
0001e2f0: ffff ffff ffff ffff ffff ffff ffff ffff  ................
0001e300: ffff ffff ffff ffff ffff ffff ffff ffff  ................
0001e310: ffff ffff ffff ffff ffff ffff ffff ffff  ................
0001e320: ffff ffff ffff ffff ffff ffff ffff ffff  ................
0001e330: ffff ffff ffff ffff ffff ffff ffff ffff  ................
0001e340: ffff ffff ffff ffff ffff ffff ffff ffff  ................
0001e350: ffff ffff ffff ffff ffff ffff ffff ffff  ................
0001e360: ffff ffff ffff ffff ffff ffff ffff ffff  ................
0001e370: ffff ffff ffff ffff ffff ffff ffff ffff  ................
0001e380: ffff ffff ffff ffff ffff ffff ffff ffff  ................
0001e390: ffff ffff ffff ffff ffff ffff ffff ffff  ................
0001e3a0: ffff ffff ffff ffff ffff ffff ffff ffff  ................
0001e3b0: ffff ffff ffff ffff ffff ffff ffff ffff  ................
0001e3c0: ffff ffff ffff ffff ffff ffff ffff ffff  ................
0001e3d0: ffff ffff ffff ffff ffff ffff ffff ffff  ................
0001e3e0: ffff ffff ffff ffff ffff ffff ffff ffff  ................
0001e3f0: ffff ffff ffff ffff ffff ffff ffff ffff  ................
0001e400: ffff ffff ffff ffff ffff ffff ffff ffff  ................
0001e410: ffff ffff ffff ffff ffff ffff ffff ffff  ................
0001e420: ffff ffff ffff ffff ffff ffff ffff ffff  ................
0001e430: ffff ffff ffff ffff ffff ffff ffff ffff  ................
0001e440: ffff ffff ffff ffff ffff ffff ffff ffff  ................
0001e450: ffff ffff ffff ffff ffff ffff ffff ffff  ................
0001e460: ffff ffff ffff ffff ffff ffff ffff ffff  ................
0001e470: ffff ffff ffff ffff ffff ffff ffff ffff  ................
0001e480: ffff ffff ffff ffff ffff ffff ffff ffff  ................
0001e490: ffff ffff ffff ffff ffff ffff ffff ffff  ................
0001e4a0: ffff ffff ffff ffff ffff ffff ffff ffff  ................
0001e4b0: ffff ffff ffff ffff ffff ffff ffff ffff  ................
0001e4c0: ffff ffff ffff ffff ffff ffff ffff ffff  ................
0001e4d0: ffff ffff ffff ffff ffff ffff ffff ffff  ................
0001e4e0: ffff ffff ffff ffff ffff ffff ffff ffff  ................
0001e4f0: ffff ffff ffff ffff ffff ffff ffff ffff  ................
0001e500: ffff ffff ffff ffff ffff ffff ffff ffff  ................
0001e510: ffff ffff ffff ffff ffff ffff ffff ffff  ................
0001e520: ffff ffff ffff ffff ffff ffff ffff ffff  ................
0001e530: ffff ffff ffff ffff ffff ffff ffff ffff  ................
0001e540: ffff ffff ffff ffff ffff ffff ffff ffff  ................
0001e550: ffff ffff ffff ffff ffff ffff ffff ffff  ................
0001e560: ffff ffff ffff ffff ffff ffff ffff ffff  ................
0001e570: ffff ffff ffff ffff ffff ffff ffff ffff  ................
0001e580: ffff ffff ffff ffff ffff ffff ffff ffff  ................
0001e590: ffff ffff ffff ffff ffff ffff ffff ffff  ................
0001e5a0: ffff ffff ffff ffff ffff ffff ffff ffff  ................
0001e5b0: ffff ffff ffff ffff ffff ffff ffff ffff  ................
0001e5c0: ffff ffff ffff ffff ffff ffff ffff ffff  ................
0001e5d0: ffff ffff ffff ffff ffff ffff ffff ffff  ................
0001e5e0: ffff ffff ffff ffff ffff ffff ffff ffff  ................
0001e5f0: ffff ffff ffff ffff ffff ffff ffff ffff  ................
0001e600: ffff ffff ffff ffff ffff ffff ffff ffff  ................
0001e610: ffff ffff ffff ffff ffff ffff ffff ffff  ................
0001e620: ffff ffff ffff ffff ffff ffff ffff ffff  ................
0001e630: ffff ffff ffff ffff ffff ffff ffff ffff  ................
0001e640: ffff ffff ffff ffff ffff ffff ffff ffff  ................
0001e650: ffff ffff ffff ffff ffff ffff ffff ffff  ................
0001e660: ffff ffff ffff ffff ffff ffff ffff ffff  ................
0001e670: ffff ffff ffff ffff ffff ffff ffff ffff  ................
0001e680: ffff ffff ffff ffff ffff ffff ffff ffff  ................
0001e690: ffff ffff ffff ffff ffff ffff ffff ffff  ................
0001e6a0: ffff ffff ffff ffff ffff ffff ffff ffff  ................
0001e6b0: ffff ffff ffff ffff ffff ffff ffff ffff  ................
0001e6c0: ffff ffff ffff ffff ffff ffff ffff ffff  ................
0001e6d0: ffff ffff ffff ffff ffff ffff ffff ffff  ................
0001e6e0: ffff ffff ffff ffff ffff ffff ffff ffff  ................
0001e6f0: ffff ffff ffff ffff ffff ffff ffff ffff  ................
0001e700: ffff ffff ffff ffff ffff ffff ffff ffff  ................
0001e710: ffff ffff ffff ffff ffff ffff ffff ffff  ................
0001e720: ffff ffff ffff ffff ffff ffff ffff ffff  ................
0001e730: ffff ffff ffff ffff ffff ffff ffff ffff  ................
0001e740: ffff ffff ffff ffff ffff ffff ffff ffff  ................
0001e750: ffff ffff ffff ffff ffff ffff ffff ffff  ................
0001e760: ffff ffff ffff ffff ffff ffff ffff ffff  ................
0001e770: ffff ffff ffff ffff ffff ffff ffff ffff  ................
0001e780: ffff ffff ffff ffff ffff ffff ffff ffff  ................
0001e790: ffff ffff ffff ffff ffff ffff ffff ffff  ................
0001e7a0: ffff ffff ffff ffff ffff ffff ffff ffff  ................
0001e7b0: ffff ffff ffff ffff ffff ffff ffff ffff  ................
0001e7c0: ffff ffff ffff ffff ffff ffff ffff ffff  ................
0001e7d0: ffff ffff ffff ffff ffff ffff ffff ffff  ................
0001e7e0: ffff ffff ffff ffff ffff ffff ffff ffff  ................
0001e7f0: ffff ffff ffff ffff ffff ffff ffff ffff  ................
0001e800: ffff ffff ffff ffff ffff ffff ffff ffff  ................
0001e810: ffff ffff ffff ffff ffff ffff ffff ffff  ................
0001e820: ffff ffff ffff ffff ffff ffff ffff ffff  ................
0001e830: ffff ffff ffff ffff ffff ffff ffff ffff  ................
0001e840: ffff ffff ffff ffff ffff ffff ffff ffff  ................
0001e850: ffff ffff ffff ffff ffff ffff ffff ffff  ................
0001e860: ffff ffff ffff ffff ffff ffff ffff ffff  ................
0001e870: ffff ffff ffff ffff ffff ffff ffff ffff  ................
0001e880: ffff ffff ffff ffff ffff ffff ffff ffff  ................
0001e890: ffff ffff ffff ffff ffff ffff ffff ffff  ................
0001e8a0: ffff ffff ffff ffff ffff ffff ffff ffff  ................
0001e8b0: ffff ffff ffff ffff ffff ffff ffff ffff  ................
0001e8c0: ffff ffff ffff ffff ffff ffff ffff ffff  ................
0001e8d0: ffff ffff ffff ffff ffff ffff ffff ffff  ................
0001e8e0: ffff ffff ffff ffff ffff ffff ffff ffff  ................
0001e8f0: ffff ffff ffff ffff ffff ffff ffff ffff  ................
0001e900: ffff ffff ffff ffff ffff ffff ffff ffff  ................
0001e910: ffff ffff ffff ffff ffff ffff ffff ffff  ................
0001e920: ffff ffff ffff ffff ffff ffff ffff ffff  ................
0001e930: ffff ffff ffff ffff ffff ffff ffff ffff  ................
0001e940: ffff ffff ffff ffff ffff ffff ffff ffff  ................
0001e950: ffff ffff ffff ffff ffff ffff ffff ffff  ................
0001e960: ffff ffff ffff ffff ffff ffff ffff ffff  ................
0001e970: ffff ffff ffff ffff ffff ffff ffff ffff  ................
0001e980: ffff ffff ffff ffff ffff ffff ffff ffff  ................
0001e990: ffff ffff ffff ffff ffff ffff ffff ffff  ................
0001e9a0: ffff ffff ffff ffff ffff ffff ffff ffff  ................
0001e9b0: ffff ffff ffff ffff ffff ffff ffff ffff  ................
0001e9c0: ffff ffff ffff ffff ffff ffff ffff ffff  ................
0001e9d0: ffff ffff ffff ffff ffff ffff ffff ffff  ................
0001e9e0: ffff ffff ffff ffff ffff ffff ffff ffff  ................
0001e9f0: ffff ffff ffff ffff ffff ffff ffff ffff  ................
0001ea00: ffff ffff ffff ffff ffff ffff ffff ffff  ................
0001ea10: ffff ffff ffff ffff ffff ffff ffff ffff  ................
0001ea20: ffff ffff ffff ffff ffff ffff ffff ffff  ................
0001ea30: ffff ffff ffff ffff ffff ffff ffff ffff  ................
0001ea40: ffff ffff ffff ffff ffff ffff ffff ffff  ................
0001ea50: ffff ffff ffff ffff ffff ffff ffff ffff  ................
0001ea60: ffff ffff ffff ffff ffff ffff ffff ffff  ................
0001ea70: ffff ffff ffff ffff ffff ffff ffff ffff  ................
0001ea80: ffff ffff ffff ffff ffff ffff ffff ffff  ................
0001ea90: ffff ffff ffff ffff ffff ffff ffff ffff  ................
0001eaa0: ffff ffff ffff ffff ffff ffff ffff ffff  ................
0001eab0: ffff ffff ffff ffff ffff ffff ffff ffff  ................
0001eac0: ffff ffff ffff ffff ffff ffff ffff ffff  ................
0001ead0: ffff ffff ffff ffff ffff ffff ffff ffff  ................
0001eae0: ffff ffff ffff ffff ffff ffff ffff ffff  ................
0001eaf0: ffff ffff ffff ffff ffff ffff ffff ffff  ................
0001eb00: ffff ffff ffff ffff ffff ffff ffff ffff  ................
0001eb10: ffff ffff ffff ffff ffff ffff ffff ffff  ................
0001eb20: ffff ffff ffff ffff ffff ffff ffff ffff  ................
0001eb30: ffff ffff ffff ffff ffff ffff ffff ffff  ................
0001eb40: ffff ffff ffff ffff ffff ffff ffff ffff  ................
0001eb50: ffff ffff ffff ffff ffff ffff ffff ffff  ................
0001eb60: ffff ffff ffff ffff ffff ffff ffff ffff  ................
0001eb70: ffff ffff ffff ffff ffff ffff ffff ffff  ................
0001eb80: ffff ffff ffff ffff ffff ffff ffff ffff  ................
0001eb90: ffff ffff ffff ffff ffff ffff ffff ffff  ................
0001eba0: ffff ffff ffff ffff ffff ffff ffff ffff  ................
0001ebb0: ffff ffff ffff ffff ffff ffff ffff ffff  ................
0001ebc0: ffff ffff ffff ffff ffff ffff ffff ffff  ................
0001ebd0: ffff ffff ffff ffff ffff ffff ffff ffff  ................
0001ebe0: ffff ffff ffff ffff ffff ffff ffff ffff  ................
0001ebf0: ffff ffff ffff ffff ffff ffff ffff ffff  ................
0001ec00: ffff ffff ffff ffff ffff ffff ffff ffff  ................
0001ec10: ffff ffff ffff ffff ffff ffff ffff ffff  ................
0001ec20: ffff ffff ffff ffff ffff ffff ffff ffff  ................
0001ec30: ffff ffff ffff ffff ffff ffff ffff ffff  ................
0001ec40: ffff ffff ffff ffff ffff ffff ffff ffff  ................
0001ec50: ffff ffff ffff ffff ffff ffff ffff ffff  ................
0001ec60: ffff ffff ffff ffff ffff ffff ffff ffff  ................
0001ec70: ffff ffff ffff ffff ffff ffff ffff ffff  ................
0001ec80: ffff ffff ffff ffff ffff ffff ffff ffff  ................
0001ec90: ffff ffff ffff ffff ffff ffff ffff ffff  ................
0001eca0: ffff ffff ffff ffff ffff ffff ffff ffff  ................
0001ecb0: ffff ffff ffff ffff ffff ffff ffff ffff  ................
0001ecc0: ffff ffff ffff ffff ffff ffff ffff ffff  ................
0001ecd0: ffff ffff ffff ffff ffff ffff ffff ffff  ................
0001ece0: ffff ffff ffff ffff ffff ffff ffff ffff  ................
0001ecf0: ffff ffff ffff ffff ffff ffff ffff ffff  ................
0001ed00: ffff ffff ffff ffff ffff ffff ffff ffff  ................
0001ed10: ffff ffff ffff ffff ffff ffff ffff ffff  ................
0001ed20: ffff ffff ffff ffff ffff ffff ffff ffff  ................
0001ed30: ffff ffff ffff ffff ffff ffff ffff ffff  ................
0001ed40: ffff ffff ffff ffff ffff ffff ffff ffff  ................
0001ed50: ffff ffff ffff ffff ffff ffff ffff ffff  ................
0001ed60: ffff ffff ffff ffff ffff ffff ffff ffff  ................
0001ed70: ffff ffff ffff ffff ffff ffff ffff ffff  ................
0001ed80: ffff ffff ffff ffff ffff ffff ffff ffff  ................
0001ed90: ffff ffff ffff ffff ffff ffff ffff ffff  ................
0001eda0: ffff ffff ffff ffff ffff ffff ffff ffff  ................
0001edb0: ffff ffff ffff ffff ffff ffff ffff ffff  ................
0001edc0: ffff ffff ffff ffff ffff ffff ffff ffff  ................
0001edd0: ffff ffff ffff ffff ffff ffff ffff ffff  ................
0001ede0: ffff ffff ffff ffff ffff ffff ffff ffff  ................
0001edf0: ffff ffff ffff ffff ffff ffff ffff ffff  ................
0001ee00: ffff ffff ffff ffff ffff ffff ffff ffff  ................
0001ee10: ffff ffff ffff ffff ffff ffff ffff ffff  ................
0001ee20: ffff ffff ffff ffff ffff ffff ffff ffff  ................
0001ee30: ffff ffff ffff ffff ffff ffff ffff ffff  ................
0001ee40: ffff ffff ffff ffff ffff ffff ffff ffff  ................
0001ee50: ffff ffff ffff ffff ffff ffff ffff ffff  ................
0001ee60: ffff ffff ffff ffff ffff ffff ffff ffff  ................
0001ee70: ffff ffff ffff ffff ffff ffff ffff ffff  ................
0001ee80: ffff ffff ffff ffff ffff ffff ffff ffff  ................
0001ee90: ffff ffff ffff ffff ffff ffff ffff ffff  ................
0001eea0: ffff ffff ffff ffff ffff ffff ffff ffff  ................
0001eeb0: ffff ffff ffff ffff ffff ffff ffff ffff  ................
0001eec0: ffff ffff ffff ffff ffff ffff ffff ffff  ................
0001eed0: ffff ffff ffff ffff ffff ffff ffff ffff  ................
0001eee0: ffff ffff ffff ffff ffff ffff ffff ffff  ................
0001eef0: ffff ffff ffff ffff ffff ffff ffff ffff  ................
0001ef00: ffff ffff ffff ffff ffff ffff ffff ffff  ................
0001ef10: ffff ffff ffff ffff ffff ffff ffff ffff  ................
0001ef20: ffff ffff ffff ffff ffff ffff ffff ffff  ................
0001ef30: ffff ffff ffff ffff ffff ffff ffff ffff  ................
0001ef40: ffff ffff ffff ffff ffff ffff ffff ffff  ................
0001ef50: ffff ffff ffff ffff ffff ffff ffff ffff  ................
0001ef60: ffff ffff ffff ffff ffff ffff ffff ffff  ................
0001ef70: ffff ffff ffff ffff ffff ffff ffff ffff  ................
0001ef80: ffff ffff ffff ffff ffff ffff ffff ffff  ................
0001ef90: ffff ffff ffff ffff ffff ffff ffff ffff  ................
0001efa0: ffff ffff ffff ffff ffff ffff ffff ffff  ................
0001efb0: ffff ffff ffff ffff ffff ffff ffff ffff  ................
0001efc0: ffff ffff ffff ffff ffff ffff ffff ffff  ................
0001efd0: ffff ffff ffff ffff ffff ffff ffff ffff  ................
0001efe0: ffff ffff ffff ffff ffff ffff ffff ffff  ................
0001eff0: ffff ffff ffff ffff ffff ffff ffff ffff  ................
0001f000: ffff ffff ffff ffff bf00 be00 ffff ffff  ................
0001f010: ffff ffff ffff ffff ffff ffff ffff ffff  ................
0001f020: ffff ffff ffff ffff ffff ffff ffff ffff  ................
0001f030: ffff ffff ffff ffff ffff ffff ffff ffff  ................
0001f040: ffff ffff ffff ffff ffff ffff ffff ffff  ................
0001f050: ffff ffff ffff ffff ffff ffff ffff ffff  ................
0001f060: ffff ffff ffff ffff ffff ffff ffff ffff  ................
0001f070: ffff ffff ffff ffff ffff ffff ffff ffff  ................
0001f080: ffff ffff ffff ffff ffff ffff ffff ffff  ................
0001f090: ffff ffff ffff ffff ffff ffff ffff ffff  ................
0001f0a0: ffff ffff ffff ffff ffff ffff ffff ffff  ................
0001f0b0: ffff ffff ffff ffff ffff ffff ffff ffff  ................
0001f0c0: ffff ffff ffff ffff ffff ffff ffff ffff  ................
0001f0d0: ffff ffff ffff ffff ffff ffff ffff ffff  ................
0001f0e0: ffff ffff ffff ffff ffff ffff ffff ffff  ................
0001f0f0: ffff ffff ffff ffff ffff ffff ffff ffff  ................
0001f100: ffff ffff ffff ffff ffff ffff ffff ffff  ................
0001f110: ffff ffff ffff ffff ffff ffff ffff ffff  ................
0001f120: ffff ffff ffff ffff ffff ffff ffff ffff  ................
0001f130: ffff ffff ffff ffff ffff ffff ffff ffff  ................
0001f140: ffff ffff ffff ffff ffff ffff ffff ffff  ................
0001f150: ffff ffff ffff ffff ffff ffff ffff ffff  ................
0001f160: ffff ffff ffff ffff ffff ffff ffff ffff  ................
0001f170: ffff ffff ffff ffff ffff ffff ffff ffff  ................
0001f180: ffff ffff ffff ffff ffff ffff ffff ffff  ................
0001f190: ffff ffff ffff ffff ffff ffff ffff ffff  ................
0001f1a0: ffff ffff ffff ffff ffff ffff ffff ffff  ................
0001f1b0: ffff ffff ffff ffff ffff ffff ffff ffff  ................
0001f1c0: ffff ffff ffff ffff ffff ffff ffff ffff  ................
0001f1d0: ffff ffff ffff ffff ffff ffff ffff ffff  ................
0001f1e0: ffff ffff ffff ffff ffff ffff ffff ffff  ................
0001f1f0: ffff ffff ffff ffff ffff ffff ffff ffff  ................
0001f200: ffff ffff ffff ffff ffff ffff ffff ffff  ................
0001f210: ffff ffff ffff ffff ffff ffff ffff ffff  ................
0001f220: ffff ffff ffff ffff ffff ffff ffff ffff  ................
0001f230: ffff ffff ffff ffff ffff ffff ffff ffff  ................
0001f240: ffff ffff ffff ffff ffff ffff ffff ffff  ................
0001f250: ffff ffff ffff ffff ffff ffff ffff ffff  ................
0001f260: ffff ffff ffff ffff ffff ffff ffff ffff  ................
0001f270: ffff ffff ffff ffff ffff ffff ffff ffff  ................
0001f280: ffff ffff ffff ffff ffff ffff ffff ffff  ................
0001f290: ffff ffff ffff ffff ffff ffff ffff ffff  ................
0001f2a0: ffff ffff ffff ffff ffff ffff ffff ffff  ................
0001f2b0: ffff ffff ffff ffff ffff ffff ffff ffff  ................
0001f2c0: ffff ffff ffff ffff ffff ffff ffff ffff  ................
0001f2d0: ffff ffff ffff ffff ffff ffff ffff ffff  ................
0001f2e0: ffff ffff ffff ffff ffff ffff ffff ffff  ................
0001f2f0: ffff ffff ffff ffff ffff ffff ffff ffff  ................
0001f300: ffff ffff ffff ffff ffff ffff ffff ffff  ................
0001f310: ffff ffff ffff ffff ffff ffff ffff ffff  ................
0001f320: ffff ffff ffff ffff ffff ffff ffff ffff  ................
0001f330: ffff ffff ffff ffff ffff ffff ffff ffff  ................
0001f340: ffff ffff ffff ffff ffff ffff ffff ffff  ................
0001f350: ffff ffff ffff ffff ffff ffff ffff ffff  ................
0001f360: ffff ffff ffff ffff ffff ffff ffff ffff  ................
0001f370: ffff ffff ffff ffff ffff ffff ffff ffff  ................
0001f380: ffff ffff ffff ffff ffff ffff ffff ffff  ................
0001f390: ffff ffff ffff ffff ffff ffff ffff ffff  ................
0001f3a0: ffff ffff ffff ffff ffff ffff ffff ffff  ................
0001f3b0: ffff ffff ffff ffff ffff ffff ffff ffff  ................
0001f3c0: ffff ffff ffff ffff ffff ffff ffff ffff  ................
0001f3d0: ffff ffff ffff ffff ffff ffff ffff ffff  ................
0001f3e0: ffff ffff ffff ffff ffff ffff ffff ffff  ................
0001f3f0: ffff ffff ffff ffff ffff ffff ffff ffff  ................
0001f400: ffff ffff ffff ffff ffff ffff ffff ffff  ................
0001f410: ffff ffff ffff ffff ffff ffff ffff ffff  ................
0001f420: ffff ffff ffff ffff ffff ffff ffff ffff  ................
0001f430: ffff ffff ffff ffff ffff ffff ffff ffff  ................
0001f440: ffff ffff ffff ffff ffff ffff ffff ffff  ................
0001f450: ffff ffff ffff ffff ffff ffff ffff ffff  ................
0001f460: ffff ffff ffff ffff ffff ffff ffff ffff  ................
0001f470: ffff ffff ffff ffff ffff ffff ffff ffff  ................
0001f480: ffff ffff ffff ffff ffff ffff ffff ffff  ................
0001f490: ffff ffff ffff ffff ffff ffff ffff ffff  ................
0001f4a0: ffff ffff ffff ffff ffff ffff ffff ffff  ................
0001f4b0: ffff ffff ffff ffff ffff ffff ffff ffff  ................
0001f4c0: ffff ffff ffff ffff ffff ffff ffff ffff  ................
0001f4d0: ffff ffff ffff ffff ffff ffff ffff ffff  ................
0001f4e0: ffff ffff ffff ffff ffff ffff ffff ffff  ................
0001f4f0: ffff ffff ffff ffff ffff ffff ffff ffff  ................
0001f500: ffff ffff ffff ffff ffff ffff ffff ffff  ................
0001f510: ffff ffff ffff ffff ffff ffff ffff ffff  ................
0001f520: ffff ffff ffff ffff ffff ffff ffff ffff  ................
0001f530: ffff ffff ffff ffff ffff ffff ffff ffff  ................
0001f540: ffff ffff ffff ffff ffff ffff ffff ffff  ................
0001f550: ffff ffff ffff ffff ffff ffff ffff ffff  ................
0001f560: ffff ffff ffff ffff ffff ffff ffff ffff  ................
0001f570: ffff ffff ffff ffff ffff ffff ffff ffff  ................
0001f580: ffff ffff ffff ffff ffff ffff ffff ffff  ................
0001f590: ffff ffff ffff ffff ffff ffff ffff ffff  ................
0001f5a0: ffff ffff ffff ffff ffff ffff ffff ffff  ................
0001f5b0: ffff ffff ffff ffff ffff ffff ffff ffff  ................
0001f5c0: ffff ffff ffff ffff ffff ffff ffff ffff  ................
0001f5d0: ffff ffff ffff ffff ffff ffff ffff ffff  ................
0001f5e0: ffff ffff ffff ffff ffff ffff ffff ffff  ................
0001f5f0: ffff ffff ffff ffff ffff ffff ffff ffff  ................
0001f600: ffff ffff ffff ffff ffff ffff ffff ffff  ................
0001f610: ffff ffff ffff ffff ffff ffff ffff ffff  ................
0001f620: ffff ffff ffff ffff ffff ffff ffff ffff  ................
0001f630: ffff ffff ffff ffff ffff ffff ffff ffff  ................
0001f640: ffff ffff ffff ffff ffff ffff ffff ffff  ................
0001f650: ffff ffff ffff ffff ffff ffff ffff ffff  ................
0001f660: ffff ffff ffff ffff ffff ffff ffff ffff  ................
0001f670: ffff ffff ffff ffff ffff ffff ffff ffff  ................
0001f680: ffff ffff ffff ffff ffff ffff ffff ffff  ................
0001f690: ffff ffff ffff ffff ffff ffff ffff ffff  ................
0001f6a0: ffff ffff ffff ffff ffff ffff ffff ffff  ................
0001f6b0: ffff ffff ffff ffff ffff ffff ffff ffff  ................
0001f6c0: ffff ffff ffff ffff ffff ffff ffff ffff  ................
0001f6d0: ffff ffff ffff ffff ffff ffff ffff ffff  ................
0001f6e0: ffff ffff ffff ffff ffff ffff ffff ffff  ................
0001f6f0: ffff ffff ffff ffff ffff ffff ffff ffff  ................
0001f700: ffff ffff ffff ffff ffff ffff ffff ffff  ................
0001f710: ffff ffff ffff ffff ffff ffff ffff ffff  ................
0001f720: ffff ffff ffff ffff ffff ffff ffff ffff  ................
0001f730: ffff ffff ffff ffff ffff ffff ffff ffff  ................
0001f740: ffff ffff ffff ffff ffff ffff ffff ffff  ................
0001f750: ffff ffff ffff ffff ffff ffff ffff ffff  ................
0001f760: ffff ffff ffff ffff ffff ffff ffff ffff  ................
0001f770: ffff ffff ffff ffff ffff ffff ffff ffff  ................
0001f780: ffff ffff ffff ffff ffff ffff ffff ffff  ................
0001f790: ffff ffff ffff ffff ffff ffff ffff ffff  ................
0001f7a0: ffff ffff ffff ffff ffff ffff ffff ffff  ................
0001f7b0: ffff ffff ffff ffff ffff ffff ffff ffff  ................
0001f7c0: ffff ffff ffff ffff ffff ffff ffff ffff  ................
0001f7d0: ffff ffff ffff ffff ffff ffff ffff ffff  ................
0001f7e0: ffff ffff ffff ffff ffff ffff ffff ffff  ................
0001f7f0: ffff ffff ffff ffff ffff ffff ffff ffff  ................
0001f800: ffff ffff ffff ffff ffff ffff ffff ffff  ................
0001f810: ffff ffff ffff ffff ffff ffff ffff ffff  ................
0001f820: ffff ffff ffff ffff ffff ffff ffff ffff  ................
0001f830: ffff ffff ffff ffff ffff ffff ffff ffff  ................
0001f840: ffff ffff ffff ffff ffff ffff ffff ffff  ................
0001f850: ffff ffff ffff ffff ffff ffff ffff ffff  ................
0001f860: ffff ffff ffff ffff ffff ffff ffff ffff  ................
0001f870: ffff ffff ffff ffff ffff ffff ffff ffff  ................
0001f880: ffff ffff ffff ffff ffff ffff ffff ffff  ................
0001f890: ffff ffff ffff ffff ffff ffff ffff ffff  ................
0001f8a0: ffff ffff ffff ffff ffff ffff ffff ffff  ................
0001f8b0: ffff ffff ffff ffff ffff ffff ffff ffff  ................
0001f8c0: ffff ffff ffff ffff ffff ffff ffff ffff  ................
0001f8d0: ffff ffff ffff ffff ffff ffff ffff ffff  ................
0001f8e0: ffff ffff ffff ffff ffff ffff ffff ffff  ................
0001f8f0: ffff ffff ffff ffff ffff ffff ffff ffff  ................
0001f900: ffff ffff ffff ffff ffff ffff ffff ffff  ................
0001f910: ffff ffff ffff ffff ffff ffff ffff ffff  ................
0001f920: ffff ffff ffff ffff ffff ffff ffff ffff  ................
0001f930: ffff ffff ffff ffff ffff ffff ffff ffff  ................
0001f940: ffff ffff ffff ffff ffff ffff ffff ffff  ................
0001f950: ffff ffff ffff ffff ffff ffff ffff ffff  ................
0001f960: ffff ffff ffff ffff ffff ffff ffff ffff  ................
0001f970: ffff ffff ffff ffff ffff ffff ffff ffff  ................
0001f980: ffff ffff ffff ffff ffff ffff ffff ffff  ................
0001f990: ffff ffff ffff ffff ffff ffff ffff ffff  ................
0001f9a0: ffff ffff ffff ffff ffff ffff ffff ffff  ................
0001f9b0: ffff ffff ffff ffff ffff ffff ffff ffff  ................
0001f9c0: ffff ffff ffff ffff ffff ffff ffff ffff  ................
0001f9d0: ffff ffff ffff ffff ffff ffff ffff ffff  ................
0001f9e0: ffff ffff ffff ffff ffff ffff ffff ffff  ................
0001f9f0: ffff ffff ffff ffff ffff ffff ffff ffff  ................
0001fa00: ffff ffff ffff ffff ffff ffff ffff ffff  ................
0001fa10: ffff ffff ffff ffff ffff ffff ffff ffff  ................
0001fa20: ffff ffff ffff ffff ffff ffff ffff ffff  ................
0001fa30: ffff ffff ffff ffff ffff ffff ffff ffff  ................
0001fa40: ffff ffff ffff ffff ffff ffff ffff ffff  ................
0001fa50: ffff ffff ffff ffff ffff ffff ffff ffff  ................
0001fa60: ffff ffff ffff ffff ffff ffff ffff ffff  ................
0001fa70: ffff ffff ffff ffff ffff ffff ffff ffff  ................
0001fa80: ffff ffff ffff ffff ffff ffff ffff ffff  ................
0001fa90: ffff ffff ffff ffff ffff ffff ffff ffff  ................
0001faa0: ffff ffff ffff ffff ffff ffff ffff ffff  ................
0001fab0: ffff ffff ffff ffff ffff ffff ffff ffff  ................
0001fac0: ffff ffff ffff ffff ffff ffff ffff ffff  ................
0001fad0: ffff ffff ffff ffff ffff ffff ffff ffff  ................
0001fae0: ffff ffff ffff ffff ffff ffff ffff ffff  ................
0001faf0: ffff ffff ffff ffff ffff ffff ffff ffff  ................
0001fb00: ffff ffff ffff ffff ffff ffff ffff ffff  ................
0001fb10: ffff ffff ffff ffff ffff ffff ffff ffff  ................
0001fb20: ffff ffff ffff ffff ffff ffff ffff ffff  ................
0001fb30: ffff ffff ffff ffff ffff ffff ffff ffff  ................
0001fb40: ffff ffff ffff ffff ffff ffff ffff ffff  ................
0001fb50: ffff ffff ffff ffff ffff ffff ffff ffff  ................
0001fb60: ffff ffff ffff ffff ffff ffff ffff ffff  ................
0001fb70: ffff ffff ffff ffff ffff ffff ffff ffff  ................
0001fb80: ffff ffff ffff ffff ffff ffff ffff ffff  ................
0001fb90: ffff ffff ffff ffff ffff ffff ffff ffff  ................
0001fba0: ffff ffff ffff ffff ffff ffff ffff ffff  ................
0001fbb0: ffff ffff ffff ffff ffff ffff ffff ffff  ................
0001fbc0: ffff ffff ffff ffff ffff ffff ffff ffff  ................
0001fbd0: ffff ffff ffff ffff ffff ffff ffff ffff  ................
0001fbe0: ffff ffff ffff ffff ffff ffff ffff ffff  ................
0001fbf0: ffff ffff ffff ffff ffff ffff ffff ffff  ................
0001fc00: ffff ffff ffff ffff ffff ffff ffff ffff  ................
0001fc10: ffff ffff ffff ffff ffff ffff ffff ffff  ................
0001fc20: ffff ffff ffff ffff ffff ffff ffff ffff  ................
0001fc30: ffff ffff ffff ffff ffff ffff ffff ffff  ................
0001fc40: ffff ffff ffff ffff ffff ffff ffff ffff  ................
0001fc50: ffff ffff ffff ffff ffff ffff ffff ffff  ................
0001fc60: ffff ffff ffff ffff ffff ffff ffff ffff  ................
0001fc70: ffff ffff ffff ffff ffff ffff ffff ffff  ................
0001fc80: ffff ffff ffff ffff ffff ffff ffff ffff  ................
0001fc90: ffff ffff ffff ffff ffff ffff ffff ffff  ................
0001fca0: ffff ffff ffff ffff ffff ffff ffff ffff  ................
0001fcb0: ffff ffff ffff ffff ffff ffff ffff ffff  ................
0001fcc0: ffff ffff ffff ffff ffff ffff ffff ffff  ................
0001fcd0: ffff ffff ffff ffff ffff ffff ffff ffff  ................
0001fce0: ffff ffff ffff ffff ffff ffff ffff ffff  ................
0001fcf0: ffff ffff ffff ffff ffff ffff ffff ffff  ................
0001fd00: ffff ffff ffff ffff ffff ffff ffff ffff  ................
0001fd10: ffff ffff ffff ffff ffff ffff ffff ffff  ................
0001fd20: ffff ffff ffff ffff ffff ffff ffff ffff  ................
0001fd30: ffff ffff ffff ffff ffff ffff ffff ffff  ................
0001fd40: ffff ffff ffff ffff ffff ffff ffff ffff  ................
0001fd50: ffff ffff ffff ffff ffff ffff ffff ffff  ................
0001fd60: ffff ffff ffff ffff ffff ffff ffff ffff  ................
0001fd70: ffff ffff ffff ffff ffff ffff ffff ffff  ................
0001fd80: ffff ffff ffff ffff ffff ffff ffff ffff  ................
0001fd90: ffff ffff ffff ffff ffff ffff ffff ffff  ................
0001fda0: ffff ffff ffff ffff ffff ffff ffff ffff  ................
0001fdb0: ffff ffff ffff ffff ffff ffff ffff ffff  ................
0001fdc0: ffff ffff ffff ffff ffff ffff ffff ffff  ................
0001fdd0: ffff ffff ffff ffff ffff ffff ffff ffff  ................
0001fde0: ffff ffff ffff ffff ffff ffff ffff ffff  ................
0001fdf0: ffff ffff ffff ffff ffff ffff ffff ffff  ................
0001fe00: ffff ffff ffff ffff ffff ffff ffff ffff  ................
0001fe10: ffff ffff ffff ffff ffff ffff ffff ffff  ................
0001fe20: ffff ffff ffff ffff ffff ffff ffff ffff  ................
0001fe30: ffff ffff ffff ffff ffff ffff ffff ffff  ................
0001fe40: ffff ffff ffff ffff ffff ffff ffff ffff  ................
0001fe50: ffff ffff ffff ffff ffff ffff ffff ffff  ................
0001fe60: ffff ffff ffff ffff ffff ffff ffff ffff  ................
0001fe70: ffff ffff ffff ffff ffff ffff ffff ffff  ................
0001fe80: ffff ffff ffff ffff ffff ffff ffff ffff  ................
0001fe90: ffff ffff ffff ffff ffff ffff ffff ffff  ................
0001fea0: ffff ffff ffff ffff ffff ffff ffff ffff  ................
0001feb0: ffff ffff ffff ffff ffff ffff ffff ffff  ................
0001fec0: ffff ffff ffff ffff ffff ffff ffff ffff  ................
0001fed0: ffff ffff ffff ffff ffff ffff ffff ffff  ................
0001fee0: ffff ffff ffff ffff ffff ffff ffff ffff  ................
0001fef0: ffff ffff ffff ffff ffff ffff ffff ffff  ................
0001ff00: ffff ffff ffff ffff ffff ffff ffff ffff  ................
0001ff10: ffff ffff ffff ffff ffff ffff ffff ffff  ................
0001ff20: ffff ffff ffff ffff ffff ffff ffff ffff  ................
0001ff30: ffff ffff ffff ffff ffff ffff ffff ffff  ................
0001ff40: ffff ffff ffff ffff ffff ffff ffff ffff  ................
0001ff50: ffff ffff ffff ffff ffff ffff ffff ffff  ................
0001ff60: ffff ffff ffff ffff ffff ffff ffff ffff  ................
0001ff70: ffff ffff ffff ffff ffff ffff ffff ffff  ................
0001ff80: ffff ffff ffff ffff ffff ffff ffff ffff  ................
0001ff90: ffff ffff ffff ffff ffff ffff ffff ffff  ................
0001ffa0: ffff ffff ffff ffff ffff ffff ffff ffff  ................
0001ffb0: ffff ffff ffff ffff ffff ffff ffff ffff  ................
0001ffc0: ffff ffff ffff ffff ffff ffff ffff ffff  ................
0001ffd0: ffff ffff ffff ffff ffff ffff ffff ffff  ................
0001ffe0: ffff ffff ffff ffff ffff ffff ffff ffff  ................
0001fff0: ffff ffff ffff ffff ffff ffff ffff ff    ...............
